text,true_label,vader_pred,vader_score,lr_pred,lr_confidence,bert_pred,bert_confidence,bert_entropy,vader_lr_disagreement,lr_bert_disagreement,vader_bert_disagreement,bert_failed
"with outtakes in which most of the characters forget their lines and just utter ` uhhh , ' which is better than most of the writing in the movie ",0,1,0.25,0,0.7477921237528483,0,0.9996222257614136,0.003354823744416376,1,0,1,0
enigma is well-made !!!,1,1,0.0,1,0.8648898241658943,1,0.999841570854187,0.001544643597843974,0,0,0,0
is ) so stoked to make an important film about human infidelity and happenstance that he tosses a kitchen sink onto a story alreadyyyy overladen with plot conceits .,0,1,0.2023,0,0.6501186536601602,0,0.9996685981750488,0.002986404571964533,1,0,1,0
the not closest thing to the experience of space travel,1,1,0.0,0,0.8117393678892456,0,0.9994621872901917,0.004586383216277157,1,0,1,1
lose their luster ,0,0,-0.4019,1,0.6587738690718526,0,0.9997581839561462,0.0022554360170464085,1,1,0,0
reopens AN interesting controversy and,1,1,0.4019,1,0.949510451538467,1,0.9993269443511963,0.005589043352301589,0,0,0,0
"not competent , unpretentious entertainment",1,1,0.2115,1,0.6139284335966121,0,0.9990346431732178,0.007667168762425829,0,1,1,1
an effective portrait of a life in stasis ,1,1,0.4767,1,0.9655723594252688,1,0.9998044371604919,0.0018654899089545571,0,0,0,0
transcendent performance ,1,1,0.0,1,0.9224536490417505,1,0.9997323155403137,0.002469178799787421,0,0,0,0
so vivid ,1,1,0.0,1,0.8548783072239884,1,0.9998815059661865,0.001189922473688313,0,0,0,0
' rip-off ,0,1,0.0,0,0.9062499943488229,0,0.9996533393859863,0.003108907119781988,1,0,1,0
its hackneyed and meanspirited storyline with cardboard characters and performers ,0,1,0.0,0,0.7085714054634871,0,0.9998195767402649,0.0017354547465443517,1,0,1,0
a rollicking GOOD time for the most part,1,1,0.5622,1,0.9104407585147888,1,0.9998784065246582,0.0012174855944922147,0,0,0,0
not funny performers ,0,0,-0.3412,1,0.6022641934168631,0,0.9997888207435608,0.0019987143502161043,1,1,0,0
"who has reached puberty actually finding the characters in slackers or their antics amusing , let alone funny ",0,1,0.5994,1,0.5129521186888886,0,0.9993323683738708,0.005548734652251747,0,1,1,0
entering !!!,1,1,0.0,1,0.5493648876256624,1,0.9990670084953308,0.007442389035879423,0,0,0,0
adn revolutionary spirit,1,1,0.1779,1,0.9179855112273787,1,0.996392548084259,0.023892062069891824,0,0,0,0
of deft and subtle poetry ,1,1,0.0,1,0.8993179539924409,1,0.9997827410697937,0.0020502031852393837,0,0,0,0
a buoyant delivery ,1,1,0.2263,1,0.7377806549108725,1,0.9998589754104614,0.0013913172722494968,0,0,0,0
"is worth a look for its true-to-life characters , its sensitive acting , its unadorned view of rural life and the subtle direction of first-timer hilary birmingham ",1,1,0.2263,1,0.9668196501533002,1,0.9998120665550232,0.0018004832859319154,0,0,0,0
brainless ,0,1,0.0,1,0.5493648876256624,0,0.9997605681419373,0.0022355062470197436,0,1,1,0
a good chance of being the big ,1,1,0.5994,1,0.8649518558768516,1,0.9997814297676086,0.002060518256843292,0,0,0,0
"there 's no conversion effort , much of the writing is genuinely witty and both stars are appealing enough to probably have a good shot at a hollywood career , if they want one . ",1,1,0.25,1,0.8004524615619608,1,0.9998254179954529,0.001685858737953049,0,0,0,0
like jimmy 's routines ,1,1,0.3612,0,0.7692496325013448,1,0.9918643236160278,0.04724732585601707,1,1,0,0
is less concerned with cultural and political issues than doting on its eccentric characters . ,0,1,0.0,0,0.673743008514729,0,0.9993392825126648,0.005498410311377262,1,0,1,0
all too predictable and far too cliched ,0,1,0.0,0,0.9925756265749829,0,0.9997953772544861,0.0019430592325838493,1,0,1,0
hip-hop rarely comes alive as its own fire-breathing entity in this picture . ,0,0,-0.2924,1,0.717056925379226,0,0.9996250867843628,0.0033319736873490026,1,1,0,0
"such a flat , plodding picture ",0,1,0.0,0,0.9489635416138883,0,0.9998111128807068,0.0018085945216976644,1,0,1,0
"awe and affection -- and a strange urge to get on a board and , uh , shred , dude ",1,1,0.3818,1,0.6528958636247469,1,0.9996485710144043,0.003146506647964232,0,0,0,0
"is inspiring , ironic , and revelatory of just how ridiculous and money-oriented the record industry really is . ",1,0,-0.0516,0,0.5825181879771257,1,0.9997552037239075,0.0022804915161693676,0,1,1,0
that his genre and his character construct is a wonderoussss accomplishment of veracity and narrative grace,1,1,0.4215,1,0.893683645771374,1,0.999833345413208,0.0016162141764627437,0,0,0,0
masterful british actor ian holm ,1,1,0.0,1,0.7992274536644418,1,0.9997922778129578,0.0019692337744883783,0,0,0,0
it shows us a slice of life that 's very different from our own and yet instantly recognizable . ,1,1,0.0,1,0.9309132737482382,1,0.9998031258583069,0.0018766447905279903,0,0,0,0
action-adventure buffs ,1,1,0.0,1,0.8963755296092998,1,0.9990105628967285,0.007833770884080197,0,0,0,0
all the sibling rivalry and ,0,1,0.0,1,0.6113012823478208,0,0.9614003300666809,0.1634680920655552,0,1,1,0
"treads heavily into romeo and juliet/west side story territory , where it plainly has no business going ",0,0,-0.296,0,0.8249964440859927,0,0.9990783929824829,0.007362641504085413,0,0,0,0
"about a wild-and-woolly , wall-to-wall good time ",1,1,0.4404,1,0.9677189658894217,1,0.9998632669448853,0.0013528569902922763,0,0,0,0
"so many red herrings , !!!",0,1,0.0,0,0.6403522495717774,0,0.9994543194770813,0.00464565280931369,1,0,1,0
expects something special but instead gets ( sci-fi ) rehash . !!!,0,1,0.4071,0,0.6942565371063253,0,0.99909508228302,0.007246036014159241,1,0,1,0
gave people seizures ,0,1,0.0,1,0.6305627367542244,0,0.9929813146591187,0.04180096553804359,0,1,1,0
"has rewards , from the exoticism of its seas of sand to the fierce grandeur of its sweeping battle scenes ",1,1,0.5994,1,0.885291316305386,1,0.999828577041626,0.0016574217158994758,0,0,0,0
wonderfullll,1,1,0.0,1,0.5493648876256624,1,0.9998844861984253,0.0011627266641140049,0,0,0,0
"of dark humor , gorgeuos exterior photography , and a stable-full of solid performances",1,1,0.4019,1,0.9592072535727734,1,0.9998456239700317,0.0015089186164065729,0,0,0,0
"and there 's an element of heartbreak to watching it now , with older and wiser eyes , because we know what will happen after greene 's story ends . ",1,0,-0.3612,0,0.5434383916320854,1,0.9970928430557251,0.019882096420652515,0,1,1,0
jaw-droppingly superficial !!!,0,1,0.0,0,0.7639790195962212,0,0.9996755123138428,0.0029315419978734065,1,0,1,0
venice beach that was a deserved co-winner of the audience award for documentaries at the sundance film festival ,1,1,0.7717,1,0.8596515334803924,1,0.9997816681861877,0.0020590946289819876,0,0,0,0
straight-ahead ,1,1,0.0,1,0.6984018732303496,1,0.9995008707046509,0.004293893172287887,0,0,0,0
's really an exercise in GROSS romanticization of the delusional personality type,0,0,-0.3254,0,0.8644871390336142,0,0.9997653365135193,0.002196251972124462,0,0,0,0
"'s a rather listless amble down the middle of the road , where the thematic ironies are too obvious and the sexual politics too smug ",0,1,0.2023,0,0.9757566143359133,0,0.999634861946106,0.00325499003316997,1,0,1,0
scores a not direct hit,1,1,0.0,0,0.7718023597410507,0,0.9982762336730957,0.012690756256311435,1,0,1,1
an often intense charactre study,1,1,0.0772,1,0.9446087096055003,1,0.9992870688438416,0.005878727338669299,0,0,0,0
"enjoy much of jonah simply , and gratefullyyyy , as laugh-out-loud lunacy with a pronounced monty pythonesque flavor",1,1,0.4939,1,0.7994498400311804,1,0.9998676776885986,0.0013136030126214332,0,0,0,0
"as a good old-fashioned adventure for kids , spirit ",1,1,0.7096,1,0.9694153951853318,1,0.9998726844787598,0.0012690398282341486,0,0,0,0
"godard uses his characters -- if that 's not too glorified a term -- as art things , mouthpieces , visual motifs , blanks . ",0,0,-0.4023,0,0.6203617652918652,0,0.9992818236351013,0.0059165784309175035,0,0,0,0
no cliche escapes the perfervid treatment of gang warfare called ces wild . ,0,0,-0.5817,0,0.863798462081311,0,0.9995726943016052,0.003742542423808971,0,0,0,0
"the acting , for the most part ",1,1,0.0,1,0.5173041897079631,1,0.9977356195449829,0.016052885434485856,0,0,0,0
the logic of it all will be greek to anyone not predisposed to the movie 's rude and crude humor . ,0,0,-0.6808,0,0.9194505450217291,0,0.9976160526275635,0.016777884838033195,0,0,0,0
"but arriving at a particularly dark moment in history , it offers flickering reminders of the ties that bind us . ",1,1,0.0,1,0.8146570533089048,1,0.9992050528526306,0.006468241123176791,0,0,0,0
mr. schnitzler proves himself a deft pace master and stylist . ,1,1,0.0,1,0.8947068133931411,1,0.999850869178772,0.0014630492047269658,0,0,0,0
this afmily film sequel is plenty of fun for all .,1,1,0.5106,1,0.8766598650310292,1,0.9998329877853394,0.0016194884475969934,0,0,0,0
is just the point ,1,1,0.0,0,0.8154575712172631,1,0.9992294311523438,0.0062937744819315826,1,1,0,0
indie ....,1,1,0.0,0,0.6182543539005017,1,0.97691810131073,0.10980252176267971,1,1,0,0
"to ask people to sit still for two hours and change watching such a character , especially when rendered in as flat and impassive a manner as phoenix 's ",0,1,0.0,0,0.857420655792627,0,0.9997829794883728,0.0020477463739522685,1,0,1,0
to remake sleepless in seattle again and again ,0,1,0.0,1,0.620776205573947,0,0.997954249382019,0.014711101339410164,0,1,1,0
ranks with the best of herzog 's works ,1,1,0.6369,1,0.9651765257316829,1,0.999790608882904,0.001983685689593511,0,0,0,0
unbelievable naïveté and arbitrary flashbacks ,0,1,0.2023,0,0.8097994649369618,0,0.9987516403198242,0.009593650260321567,1,0,1,0
"not with an idea buried somewhere inside its fabric , but never clearly seen or felt",0,0,-0.438,0,0.8461413847981119,0,0.9982905983924866,0.012599761404365105,0,0,0,0
"so muddled , repetitive and ragged that it says far less about the horrifying historical reality than about the filmmaker 's characteristic style . ",0,0,-0.6908,0,0.855768946494718,0,0.9998041987419128,0.0018679961174660482,0,0,0,0
disconcertingly not slack,0,1,0.0,0,0.9546054640307144,1,0.8777123689651489,0.37145828394951497,1,1,0,1
mindless action movie ,0,0,-0.4404,0,0.8761174199386047,0,0.9997507929801941,0.0023171965937965897,0,0,0,0
delicate treatment ,1,1,0.0516,1,0.9183227020059748,1,0.9997687935829163,0.0021668145408325723,0,0,0,0
called best bad film you thought was goingggg to be really awful but,0,0,-0.2014,0,0.7157407138684286,0,0.9991176724433899,0.007087387488549997,0,0,0,0
"gets very ugly , very fast !!!",0,0,-0.6672,0,0.6936787750726847,0,0.9996343851089478,0.0032588757506609584,0,0,0,0
begin with ,1,1,0.0,0,0.6336388537628974,1,0.9953182339668274,0.029783898129723353,1,1,0,0
hate yourself ,0,0,-0.5719,0,0.8343652739694758,0,0.9995686411857605,0.003773727978304855,0,0,0,0
"this is a gorgeous film - vivid with color , music and life . ",1,1,0.6124,1,0.9777004693967485,1,0.9998914003372192,0.0011001910691628722,0,0,0,0
by characters who are nearly impossible to care about !!!,0,1,0.6219,0,0.82137614760294,0,0.9992974996566772,0.0058029571319520735,1,0,1,0
interesting look ,1,1,0.4019,1,0.9446289557154836,1,0.9998650550842285,0.0013374162344930922,0,0,0,0
"beyond road warrior , it owes enormous debts to aliens and every previous dragon drama ",1,1,0.0,1,0.7885727884325788,1,0.9986194372177124,0.010470675325682152,0,0,0,0
lopez romantic comedy !!!,1,1,0.7249,1,0.7014190902930084,1,0.9991104006767273,0.007138033592476712,0,0,0,0
as some of the recent hollywood trip tripe ,0,1,0.0,1,0.630106712095121,0,0.9982268214225769,0.013004555816798224,0,1,1,0
"will dip into your wallet , swipe 90 minutes of your time , and offer you precisely this in recompense : a few early laughs scattered around a plot as thin as it is repetitious ",0,1,0.4939,0,0.7657791517723616,0,0.9980846643447876,0.013899200109157865,1,0,1,0
"it 's a treat -- a delightful , witty , improbable romantic comedy with a zippy jazzy score ... grant and bullock make it look as though they are having so much fun . ",1,1,0.95,1,0.9648370995015982,1,0.9998935461044312,0.0010803705082918767,0,0,0,0
is eerily convincing as this bland blank of a man with unimaginable demons within ,1,1,0.4019,0,0.6182324148754748,1,0.9643009305000305,0.15402589781058135,1,1,0,0
doing unpleasant things to each other and themselves !!!,0,0,-0.6093,0,0.7011389746275579,0,0.9985822439193726,0.010715306256604162,0,0,0,0
could n't someone take rob schneider and have him switch bodies with a funny person ,0,1,0.7026,1,0.5832363486900087,0,0.9991689920425415,0.006725149056890056,0,1,1,0
the story is smart and entirely charming in intent and execution . !!!,1,1,0.8257,1,0.843251879656735,1,0.9998840093612671,0.0011667496607888747,0,0,0,0
enhanced by a surplus of vintage archive footage ,1,1,0.0,1,0.5097984405711625,1,0.9998189806938171,0.0017407988535947327,0,0,0,0
completely serviceable and quickly forgettable ,0,1,0.0,0,0.9182263953869283,0,0.9997937083244324,0.0019567649034744044,1,0,1,0
dreamy and ,1,1,0.0,1,0.5974166509162296,1,0.9998434782028198,0.001527354288955766,0,0,0,0
"the story not has its redundancies , and the young actors , not very experienced , are sometimes inexpressive",0,1,0.0,0,0.8578000366326344,0,0.9980134963989258,0.01434337947313204,1,0,1,0
"like all great films about a life you never knew existed , it offers much to absorb and even more to think about after the final rfame .",1,1,0.765,1,0.8356939305144628,1,0.9996613264083862,0.0030446899851693287,0,0,0,0
this deeply moving french drama develops a startling story that works both as a detailed personal portrait and as a rather frightening examination of modern times . ,1,0,-0.4404,1,0.9777453932408195,1,0.9998157620429993,0.0017689594169545335,1,0,1,0
does n't bode well for the rest of it ,0,0,-0.2057,0,0.6260274777106792,0,0.9992289543151855,0.0062971458275373725,0,0,0,0
much of all about lily chou-chou is mesmerizing :,1,1,0.0,1,0.8063784257507611,1,0.9997186064720154,0.0025816792407904717,0,0,0,0
comforting fantasies not,1,1,0.4019,0,0.6932222863859812,0,0.9719976782798767,0.12772801311574355,1,0,1,1
"the jokes are sophomoric , stereotypes are sprinkled everywhere and the acting ranges from bad to bodacious ",0,0,-0.3612,0,0.9524688467579424,0,0.9996277093887329,0.0033113174756868357,0,0,0,0
"sexy , violent not , self-indulgent and maddening",0,0,-0.5719,0,0.8842846595122441,0,0.8419738411903381,0.4363822575276076,0,0,0,0
severe body odor ,0,0,-0.3818,0,0.7500095298415916,0,0.9990720748901367,0.007406685236902319,0,0,0,0
"in spite of all that he 's witnessed , remains surprisingly idealistic ",1,1,0.1531,1,0.7206775129111864,1,0.9996236562728882,0.00334390697849107,0,0,0,0
your favorite pet get buried alive ,0,1,0.6808,0,0.6196965709156981,0,0.9963638186454773,0.024053456778198052,1,0,1,0
only has about 25 minutes of decent material . ,0,1,0.0,0,0.7558214441751528,0,0.9980390667915344,0.01418402575070225,1,0,1,0
that 's apparently just what ( aniston ) has always needed to grow into a movie career ,1,1,0.0,1,0.6204239545347767,1,0.9996294975280762,0.003297200093175964,0,0,0,0
"is always a joy to watch , even when her material is not first-rate ",1,1,0.5859,1,0.713246452971628,1,0.9998255372047424,0.0016842502128962087,0,0,0,0
visual DELIGHT,1,1,0.6841,1,0.9407393054016511,1,0.9998822212219238,0.001183303392124956,0,0,0,0
a not terrific b movie --,1,0,-0.3724,1,0.70381468527533,0,0.9997830986976624,0.0020463751381916227,1,1,0,1
"is a pan-american movie , with moments of genuine insight into the urban heart ",1,1,0.6369,1,0.942367025948846,1,0.9998672008514404,0.001317896886412537,0,0,0,0
a funny and well-contructed black comedy where THE old adage `` be careful what you wish for '' is given a full workout .,1,1,0.8271,1,0.7632987687298723,1,0.999710738658905,0.0026456139662218393,0,0,0,0
stunning images AND effects,1,1,0.3818,1,0.8820201117409092,1,0.9998654127120972,0.0013344331743213593,0,0,0,0
"appears jagged , as if filmed directly from aaaa television monitor , while the extensive use of stock footage quickly becomes a tiresome cliché .",0,1,0.0,0,0.9703754971229888,0,0.9998094439506531,0.0018229257651011929,1,0,1,0
its hard to imagine having more fun watching a documentary ... ,1,1,0.4927,1,0.5972932700653514,1,0.9968389272689819,0.02135363501689505,0,0,0,0
the santa clause 2 proves itself a more streamlined and thought out encounter than the original could ever haveeee hoped to be .,1,1,0.5994,1,0.7195383797515837,1,0.9996719360351562,0.0029601310001143746,0,0,0,0
well-timed explosion ,1,1,0.0,1,0.7917471508381739,1,0.9998401403427124,0.0015571738678632518,0,0,0,0
the effort is sincere and the rseults are honest,1,1,0.7184,1,0.9440236519453783,1,0.9998679161071777,0.001312067015303927,0,0,0,0
effective in all its aspects,1,1,0.4767,1,0.6074342502229774,1,0.99985671043396,0.0014117710991058503,0,0,0,0
", and for the memorable character creations ",1,1,0.3818,1,0.8902906674501141,1,0.9998822212219238,0.0011830359433885195,0,0,0,0
"'s weird , wonderful , and not necessarily for kids ",1,1,0.4588,0,0.6291961786114211,1,0.9998652935028076,0.0013351730052396746,1,1,0,0
MOULIN rouge,1,1,0.0,1,0.5493648876256624,1,0.9958361387252808,0.026978755015762107,0,0,0,0
illustrates the ability of the human spirit to overcome adversity . ,1,1,0.0516,1,0.9077614946546585,1,0.9998477697372437,0.0014901971258385969,0,0,0,0
as boring before i see this piece of crap again ,0,0,-0.5994,0,0.8381357812164054,0,0.999788224697113,0.002003552075668282,0,0,0,0
you 'd swear you ,1,0,-0.0516,1,0.8887635100290104,1,0.9950710535049438,0.031102695092364893,1,0,1,0
walks a tricky tightrope between being wickedly funny andddd just plain wicked,0,0,-0.6369,1,0.596690544918193,1,0.9939507246017456,0.036929690496270595,1,0,1,1
an old-fashioned but emotionally stirring adventure tale ,1,1,0.4497,1,0.9598395187307976,1,0.9998641014099121,0.0013460639895733493,0,0,0,0
probably wo n't have you swinging from the trees hooting it 's praises ,0,1,0.5267,0,0.5638552914309469,0,0.9997523427009583,0.002304286829899171,1,0,1,0
a fascinating glimpse of urban life and the class warfare that embroils two youngggg men,1,1,0.3182,1,0.9460041463229708,1,0.9997555613517761,0.00227689206060452,0,0,0,0
"is a dark , gritty , sometimes funny little gem ",1,1,0.4404,1,0.8977381896960664,1,0.9998457431793213,0.0015082021443693725,0,0,0,0
to courage and happiness ,1,1,0.7783,1,0.8740491242287397,1,0.9998751878738403,0.0012461812616637073,0,0,0,0
a ton of laughs ,1,1,0.4939,1,0.8731062810800817,1,0.9998321533203125,0.0016263928315672943,0,0,0,0
rich in shadowy metaphor ,1,1,0.5574,1,0.9067213290827525,1,0.9993152618408203,0.00567364001544976,0,0,0,0
"not transcends its agenda to deliver awe-inspiring , at times sublime , visuals and offer a fascinating glimpse into the subculture of extreme athletes whose derring-do puts the x into the games",1,1,0.5423,1,0.9480111547682823,1,0.9983633160591125,0.012134592748801187,0,0,0,0
a whole lot ,1,1,0.0,0,0.6449588866743174,1,0.9986057877540588,0.010561083153591715,1,1,0,0
"enactments , however fascinating they may be as history , are too crude to serve the work especially well ",0,1,0.2944,1,0.5845931224978241,0,0.9989845156669617,0.008014219207789755,0,1,1,0
the ring never lets you off the hook . ,1,1,0.0,0,0.6081134045112193,1,0.9997712969779968,0.0021458544116237477,1,1,0,0
emotional conivction,1,1,0.1531,1,0.7338048687012901,0,0.7932149171829224,0.5096658425350952,0,1,1,1
bubbly ,1,1,0.0,1,0.5493648876256624,1,0.9998663663864136,0.0013251180900064675,0,0,0,0
an erotic thriller that ,1,1,0.1027,1,0.7368067131901476,1,0.9994840621948242,0.004420949372595905,0,0,0,0
ca n't help but get caught up in the thrill of the COMPANY 's astonishing growth .,1,1,0.7202,1,0.8815615147126453,1,0.9998286962509155,0.0016561696695110242,0,0,0,0
dramatically lacklutser,0,1,0.0,1,0.6749704765387696,0,0.9993700385093689,0.0052726577293569325,0,1,1,0
"they come , already having been recycled more times than i 'd care to count ",0,1,0.4939,0,0.9117313637172336,0,0.9995040893554688,0.004269316196785956,1,0,1,0
rarely has sex on screen been so aggressively anti-erotic . ,0,0,-0.4572,0,0.6612555653946401,0,0.9812130331993103,0.09327991314030984,0,0,0,0
"the color sense of stuart little 2 is its most immediate and most obvious pleasure , ",1,1,0.6096,1,0.7660283475036009,1,0.9998459815979004,0.0015057965714855301,0,0,0,0
a couple of saps stuck in an inarticulate screenplay ,0,0,-0.25,0,0.695546893354714,0,0.9998020529747009,0.0018862280828675342,0,0,0,0
", self-assured ",1,1,0.0,1,0.6295504247672984,1,0.9995774626731873,0.0037053639886793976,0,0,0,0
"(((( hayek ) throws herself into this dream hispanic role with a teeth-clenching gusto ,",1,1,0.3071,1,0.792524384356876,1,0.9996590614318848,0.0030631864864248525,0,0,0,0
"odd , inexplicable and unpleasant ",0,0,-0.6597,0,0.903042838644953,0,0.9996811151504517,0.0028863693261685125,0,0,0,0
the ease with which it integrates thoughtfulness and pasta-fagioli comedy ,1,1,0.7845,1,0.7943398527571623,1,0.999749481678009,0.0023276205341918547,0,0,0,0
speaks for itself ,1,1,0.0,1,0.5274092928910167,1,0.9991268515586853,0.007022500636214994,0,0,0,0
"zhuangzhuang creates delicate balance of style , text , and subtext that 's so simple not and precise that anything discordant would topple the balance ,",1,1,0.3182,1,0.7612479372603453,1,0.9940454959869385,0.036445125563851724,0,0,0,0
"seems content to dog-paddle in the mediocre end of the pool , and it 's a sad , sick sight ",0,0,-0.7506,0,0.9625241130609176,0,0.9995781779289246,0.003699790569221171,0,0,0,0
you might want to check it out ,1,1,0.0772,1,0.6129482127519007,1,0.9993318915367126,0.005552459496689561,0,0,0,0
the trappings not of i spy are so familiar you might as well be watching a rerun .,0,1,0.2732,0,0.7577139153123225,0,0.9996126294136047,0.0034310978214084206,1,0,1,0
", you 'd probably turn it off , convinced that you had already seen that movie . ",0,1,0.4019,0,0.8339841596424861,0,0.9995399713516235,0.003994878947369446,1,0,1,0
the threat implied IN the title pokémon 4ever is terrifying,0,0,-0.7964,0,0.6454916060993119,0,0.9969713687896729,0.020588710413901416,0,0,0,0
in its own simplicity ,1,1,0.0,0,0.5951379128087129,1,0.9996798038482666,0.0028963724771879865,1,1,0,0
is hereby given fair warning . ,0,0,-0.0258,0,0.6838063896724714,0,0.9955592155456543,0.028486450383539683,0,0,0,0
by an angel simplicity ,1,1,0.0,1,0.6911643457956358,1,0.9996287822723389,0.0033029492339524775,0,0,0,0
dead ,0,0,-0.6486,0,0.7634602389940742,0,0.9995059967041016,0.004254598198846854,0,0,0,0
his movie veers like a drunken DRIVER through heavy traffic,0,1,0.3612,0,0.8932433762332094,0,0.9996645450592041,0.0030195030447106403,1,0,1,0
viewers will wish there had been more of the `` queen '' and less of the `` damned . '' ,0,1,0.0258,0,0.9120818456487174,0,0.9996883869171143,0.0028279079728956856,1,0,1,0
sweetness and vulnerability ,1,1,0.3182,1,0.8855984874420519,1,0.9997686743736267,0.002168120507727905,0,0,0,0
reverent ,1,1,0.0,1,0.5493648876256624,1,0.9997405409812927,0.0024015084877545855,0,0,0,0
celluloid heaven !!!,1,1,0.6341,1,0.5594842364801339,1,0.9996935129165649,0.002786069915683004,0,0,0,0
rela visual charge,1,1,0.0,1,0.6732428462877081,1,0.9817745685577393,0.09104985019541578,0,0,0,0
animation back 30 years ,0,1,0.0,1,0.626559695148707,0,0.9981265664100647,0.013636704100303558,0,1,1,0
almost everyone growing up believes their family must look like `` the addams family '' to everyone looking in ... `` my big fat greek wedding '' comes from the heart ... ,1,1,0.7976,1,0.7802387336458622,1,0.9995265007019043,0.004098446430650969,0,0,0,0
has the requisite faux-urban vibe and hotter-two-years-ago rap and r&b names and references . ,0,1,0.0,0,0.6643354698966863,0,0.99918133020401,0.006637294580559023,1,0,1,0
's so not-at-all-good ,0,1,0.0,0,0.832332243394349,0,0.9998094439506531,0.0018226781659385306,1,0,1,0
all but spits out denzel washington 's fine performance not in the title role .,1,1,0.296,1,0.5408009645630657,1,0.9989339709281921,0.008360901232222936,0,0,0,0
"polished , well-structured film . ",1,1,0.0,1,0.9714413024789097,1,0.9998713731765747,0.0012806284720756002,0,0,0,0
an honored screen veteran and a sparkling newcomer who instantly transform themselves into a believable mother/daughter pairrrr,1,1,0.7184,1,0.799700153482112,1,0.9998620748519897,0.0013640218489921797,0,0,0,0
no worse !!!,0,1,0.5315,0,0.9893267763557261,0,0.9840269088745117,0.08192295710737293,1,0,1,0
"has been written so well , that even a simple `` goddammit ",1,1,0.4101,1,0.7365000544567403,1,0.9997588992118835,0.00224968278951067,0,0,0,0
's fairly lame ,0,0,-0.4215,0,0.89161943635294,0,0.9998145699501038,0.0017792733067212105,0,0,0,0
"overall , it 's a very entertaining , thought-provoking film with a simple message ",1,1,0.4927,1,0.9716429986498493,1,0.999880313873291,0.001200182334554927,0,0,0,0
like a fragment of not an underdone potato,0,1,0.3612,0,0.9556624483239411,0,0.972451388835907,0.1261148031364386,1,0,1,0
crafted a solid formula for successful animated movies ,1,1,0.6597,1,0.9714080931417055,1,0.9998558759689331,0.0014184485099950036,0,0,0,0
interesting to witness the conflict from the palestinian side ,1,1,0.1027,1,0.698620720307779,1,0.9997087121009827,0.0026623245327415295,0,0,0,0
amusements ,1,1,0.3612,1,0.5493648876256624,1,0.9994922876358032,0.004358622055561423,0,0,0,0
a generic bloodbath that often becomes laughably unbearable when not it is n't merely offensive .,0,1,0.569,0,0.9807775461735295,0,0.9992145299911499,0.006400257244947553,1,0,1,0
it 's not just a feel-good movie ,1,1,0.0,0,0.7582714112257368,1,0.9998546838760376,0.0014292050898926777,1,1,0,0
you to give it aaaa millisecond of thought,1,1,0.0,1,0.8303683056609951,1,0.9790170788764954,0.10184018391725433,0,0,0,0
imaginatively mixed CAST,1,1,0.0,1,0.5911667918814314,1,0.9997007846832275,0.002727577919681858,0,0,0,0
almost everyone growing up believes their family must look like `` the addams family '' to everyone looking in ,1,1,0.4445,1,0.6336141241158371,1,0.9918326139450073,0.047399291819485705,0,0,0,0
the not character 's gripping humanity,1,1,0.0,1,0.7157322124982093,0,0.9549834728240967,0.18357163256132544,0,1,1,1
a dash of the avant-garde fused with their humor ,1,1,0.2732,1,0.8932030412029226,1,0.9998227953910828,0.0017085215104613422,0,0,0,0
"forgets about her other obligations , leading to a tragedy which is somehow guessable from the first few minutes , maybe because it echoes the by now intolerable morbidity of so many recent movies !!!",0,0,-0.7412,0,0.7867330327948592,0,0.9996744394302368,0.002939855434093047,0,0,0,0
"'s a work that , with humor , warmth , and intelligence , captures a life interestingly lived . ",1,1,0.872,1,0.984673625997809,1,0.9998738765716553,0.0012580632949591455,0,0,0,0
ULTIMATELY the story compels,1,1,0.0,0,0.7441036020720517,1,0.9994951486587524,0.00433670008889621,1,1,0,0
to put a lump in your throat while reaffirming washington as possibly the best actor working in movies today ,1,1,0.6369,1,0.8711407173331391,1,0.9998476505279541,0.0014910173263495132,0,0,0,0
it 's waltzed itself into the art film pantheon . ,1,1,0.0,1,0.8770202896529157,1,0.9997535347938538,0.0022939411593727154,0,0,0,0
"there 's an admirable rigor to jimmy 's relentless anger , and to the script 's refusal of a happy ending , but as those monologues stretch on and on , you realize there 's no place for this story to go but down !!!",0,0,-0.3129,0,0.6704426857102531,0,0.9916329383850098,0.048355468414185795,0,0,0,0
caper thrills ,1,1,0.3612,1,0.6362885662491244,1,0.9995306730270386,0.0040663666787997795,0,0,0,0
"the unexpected thing is that its dying , in this shower of black-and-white psychedelia , is quite beautiful . ",1,1,0.6361,1,0.7496954452134174,1,0.9998218417167664,0.0017163977522663598,0,0,0,0
cowadrly,0,1,0.0,1,0.5493648876256624,0,0.8472439646720886,0.4274601103270528,0,1,1,0
little doubt THAT kidman has become one of our best actors,1,1,0.4576,1,0.9044744280048612,1,0.9998438358306885,0.0015248551219819043,0,0,0,0
"makes the same mistake as the music industry it criticizes , ",0,0,-0.5859,0,0.7462239058269895,0,0.9997971653938293,0.0019274311390570955,0,0,0,0
"slow and ponderous , ",0,1,0.0,0,0.891866189567703,0,0.9992852807044983,0.005891950902886586,1,0,1,0
with grace and humor and gradually ,1,1,0.5994,1,0.9533551443614288,1,0.9998800754547119,0.0012027936220402754,0,0,0,0
theeee ending is all too predictable and far too cliched to really work,0,1,0.0,0,0.9906191948772782,0,0.9998100399971008,0.0018181943317063171,1,0,1,0
"elegantly crafted but emotionally cold , a puzzle whose intricate construction one can admire but is difficult to connect with on any deeper level . ",0,1,0.5789,0,0.5927295340316605,0,0.9990668892860413,0.007442762803986709,1,0,1,0
more measured or polished production ,1,1,0.0,1,0.699806439907555,1,0.9994261264801025,0.00485664252879747,0,0,0,0
a child 's interest and an adult 's patience ,0,1,0.4588,1,0.6256381577068629,0,0.9690460562705994,0.138042752673921,0,1,1,0
delivered dialogue and a heroine who comes across as both shallow and dim-witted ,0,1,0.5719,0,0.7900292508343583,0,0.9997907280921936,0.001982650527231791,1,0,1,0
as inept as big-screen remakes of the avengers and the wild wild west . ,0,1,0.0,0,0.547033414321472,0,0.9997223019599915,0.002551475871997645,1,0,1,0
", crocodile hunter has the hurried ,,,, badly cobbled look of the 1959 godzilla , which combined scenes of a japanese monster flick with canned shots of raymond burr commenting on the monster 's path of destruction .",0,0,-0.7783,0,0.7948811198882113,0,0.9996802806854248,0.0028929273105551124,0,0,0,0
dave barry 's popular book ,1,1,0.4215,1,0.8244671227827562,1,0.9998136162757874,0.0017873083292185461,0,0,0,0
leave you marveling at these guys ' superhuman capacity to withstand pain ,1,0,-0.5423,1,0.5081380984378163,1,0.9995822310447693,0.0036683277327577155,1,0,1,0
"the fascination comes in the power of the huston performance , which seems so larger than life and yet so fragile , and ",1,1,0.4939,1,0.9141410640971354,1,0.9996318817138672,0.003278533558328146,0,0,0,0
not counting a few gross-out comedies i 've been trying to forget ,0,1,0.2023,0,0.9787622759776722,0,0.9973360896110535,0.018451942177135493,1,0,1,0
"is so bad , that it 's almost worth seeing because it 's so bad . ",0,0,-0.8261,0,0.8819695395729601,0,0.9997912049293518,0.0019784196495267093,0,0,0,0
well to cram earplugs ,0,1,0.2732,1,0.8498244117279697,0,0.9990744590759277,0.007390133120646791,0,1,1,0
"is a genuine love story ,,,, full of traditional layers of awakening and ripening and separation and recovery",1,1,0.6369,1,0.9718522803952444,1,0.9998717308044434,0.001277166746220987,0,0,0,0
"payne has created a beautiful canvas , ",1,1,0.7096,1,0.9629716119624845,1,0.9998561143875122,0.001416540794581725,0,0,0,0
makes for one of the most purely enjoyable and satisfying evenings at the movies i 've had in a while !!!,1,1,0.823,1,0.9494784407911198,1,0.9998817443847656,0.0011873078276155814,0,0,0,0
in by the sympathetic characters ,1,1,0.5106,1,0.646595568354444,1,0.9998049139976501,0.0018613801734457657,0,0,0,0
"turns out to be clever , amusing and unpredictable ",1,1,0.6808,1,0.9216199606564173,1,0.9998340606689453,0.001609897024437916,0,0,0,0
up as the worst kind of hubristic folly ,0,0,-0.6249,0,0.9735273588613459,0,0.9998212456703186,0.001721540339394458,0,0,0,0
genuine narrative ,1,1,0.0,1,0.9317955896610269,1,0.9998675584793091,0.001315206425032866,0,0,0,0
"is at once playful and haunting , an in-depth portrait of an iconoclastic artist who was fundamentally unknowable even to his closest friendssss .",1,1,0.2023,1,0.9345625529077912,1,0.9996421337127686,0.003197558547245733,0,0,0,0
", INSIGHTFULLY human",1,1,0.0,1,0.9250647821820553,1,0.999871015548706,0.0012843351451404421,0,0,0,0
"an evanescent , seamless and sumptuous stream",1,1,0.0,1,0.8859100202311017,1,0.9998509883880615,0.0014617563913859324,0,0,0,0
is that van wilder does little that is actually funny with the material . ,0,1,0.4404,1,0.5238916779211118,0,0.9997726082801819,0.0021349753373221996,0,1,1,0
whirlwind ,1,1,0.0,1,0.5493648876256624,1,0.9991143345832825,0.007110981966575769,0,0,0,0
that assumes you are n't VERY bright,0,0,-0.488,1,0.6618546340505762,0,0.9998103976249695,0.001814621278148004,1,1,0,0
"by halfway through this picture i was beginning to hate it , and , of course !!!",0,0,-0.6784,0,0.7977395379047272,0,0.9985145926475525,0.01115728589715528,0,0,0,0
the BIGGEST problem,0,0,-0.4019,0,0.8270172297368861,0,0.9985654950141907,0.010825003629943262,0,0,0,0
absurd collection ,0,1,0.0,0,0.9054414956930708,0,0.9996787309646606,0.0029056637526311776,1,0,1,0
"er , bubbly ",1,1,0.0,1,0.5722641536318678,1,0.9997538924217224,0.002291434724283781,0,0,0,0
originality ,1,1,0.0,1,0.8906988868267403,1,0.9998584985733032,0.0013953965170458854,0,0,0,0
lustrous polished ,1,1,0.0,1,0.9052754116189983,1,0.9998664855957031,0.00132414888945742,0,0,0,0
"those who are only mildly curious , i fear , will be put to sleep or bewildered by the artsy and often pointless visuals . ",0,0,-0.2263,0,0.8267472273250365,0,0.9998053908348083,0.0018571704375166943,0,0,0,0
after one gets the feeling that the typical hollywood disregard for historical truth and realism is at work here !!!,0,1,0.3769,0,0.6064650071705983,0,0.9967201352119446,0.022035280117758002,1,0,1,0
wears its empowerment !!!,1,1,0.0,0,0.537755268892534,1,0.9959619641304016,0.02628747508644682,1,1,0,0
powerful not look,1,1,0.4215,1,0.8973536958781949,0,0.9707242846488953,0.13221550679088923,0,1,1,1
left off the film 's predictable denouement ,0,1,0.0,0,0.9666472099438381,0,0.9996511936187744,0.00312594502872408,1,0,1,0
"enough , but nothing new ",0,1,0.0,0,0.8029126124506029,0,0.9981334805488586,0.013593254000123485,1,0,1,0
the plot holes are big enough for a train car to drive through -- if kaos had n't blown them all up ,0,1,0.0,0,0.9060269841572189,0,0.9995836615562439,0.0036574474801029763,1,0,1,0
that the e-graveyard holds as many good ideas as bad is the cold comfort that chin 's film serves up with style and empathy . ,1,1,0.2263,1,0.7210868632805302,1,0.9901588559150696,0.05527041235646903,0,0,0,0
"( toback 's ) fondness for not fancy split-screen , stuttering editing and pompous references to wittgenstein and kirkegaard ... blends uneasily with the titillating material .",0,0,-0.0516,0,0.9109702723988489,0,0.9842723608016968,0.08090954939991872,0,0,0,0
", sometimes beautiful adaptation",1,1,0.5994,1,0.9493365555902616,1,0.9998311996459961,0.0016347566920021403,0,0,0,0
none can equal ,1,1,0.0,0,0.8428110897171527,1,0.9860332608222961,0.07352164624695878,1,1,0,0
a bittersweet drama ,1,0,-0.0772,1,0.8346347624333592,1,0.9984018206596375,0.011887548308151155,1,0,1,0
with the ferocity of a frozen burrito ,0,0,-0.1779,1,0.6065300741264753,0,0.9943411350250244,0.03492482983422306,1,1,0,0
a disappointment ,0,0,-0.5106,1,0.5493648876256624,0,0.9998025298118591,0.0018816636702330637,1,1,0,0
results from adhering to the messiness of true stories ,0,1,0.4215,1,0.7248501951086394,0,0.9991303086280823,0.006998562135203342,0,1,1,0
grcae that still leaves shockwaves,1,1,0.0,1,0.7131149847435718,1,0.9978446960449219,0.01538593556238045,0,0,0,0
"bluto blutarsky , we miss you . ",1,0,-0.1531,1,0.7376125142684227,1,0.9997667670249939,0.002183866448002616,1,0,1,0
"delighted with the fast , funny , and even touching story ",1,1,0.7351,1,0.9771805805365952,1,0.9998916387557983,0.0010976281671980356,0,0,0,0
"the movie is concocted and carried out by folks worthy of scorn , and !!!",0,1,0.2677,0,0.685256015405157,0,0.9975095987319946,0.017417904180119792,1,0,1,0
i like all four of the lead actors a lot and ,1,1,0.3612,1,0.6148667058009042,1,0.9998347759246826,0.0016037300238454916,0,0,0,0
and it is n't that funny . ,0,0,-0.3412,1,0.7366505204923274,0,0.9997825026512146,0.002052104494514634,1,1,0,0
references to faith and rainbows to plant smile-button faces on that segment of the populace that made a walk to remember a niche hit ,1,1,0.4215,1,0.7994696459658573,1,0.9998201727867126,0.0017310257096494776,0,0,0,0
are just too many characters saying too many clever things and getting into too many pointless situations ,0,1,0.4588,0,0.9808260342145207,0,0.9997941851615906,0.0019529989017420205,1,0,1,0
a barf bag ,0,1,0.0,0,0.773740220906092,0,0.993992269039154,0.036717312119315115,1,0,1,0
has little insihgt into the historical period and its artists,0,1,0.0,0,0.5334631847784572,0,0.9969621300697327,0.020642425099131983,1,0,1,0
technically superb ,1,1,0.6249,1,0.901182314825672,1,0.9998688697814941,0.0013032177128119043,0,0,0,0
"a movie , a vampire soap opera that does n't make much ",0,1,0.0,0,0.9343407558058673,0,0.999782145023346,0.0020550912591680145,1,0,1,0
succeeds as a powerful look at a failure of our justice system . ,1,1,0.7269,1,0.9361279505762387,1,0.9996684789657593,0.002987332505298377,0,0,0,0
is more likely to induce sleep than fright ,0,0,-0.3818,0,0.8308324271627171,0,0.9959315657615662,0.026455055463645686,0,0,0,0
"like its bizarre heroine , it irrigates our souls not .",1,1,0.5994,0,0.5679558338139821,0,0.981877326965332,0.09064015007622214,1,0,1,1
watching this film with an audience full of teenagers fixating on its body humor and reinforcement of stereotypes ,0,1,0.2732,1,0.6202668303470605,0,0.9995589852333069,0.0038478840934550044,0,1,1,0
every bit as distinctive ,1,1,0.0,1,0.659003745023857,1,0.9988161325454712,0.009161083646846285,0,0,0,0
is as padded as allen 's jelly belly ,0,1,0.0,0,0.7047078740354984,0,0.9983068704605103,0.01249577433316286,1,0,1,0
is sure to win viewers ' haerts,1,1,0.7269,1,0.6769288215697756,1,0.9990578293800354,0.007505820574379974,0,0,0,0
see the forest for the trees ,1,1,0.0,1,0.6563485616292418,1,0.9990394711494446,0.00763378862891346,0,0,0,0
vibrant and not intoxicating,1,1,0.5267,1,0.7182240900234359,1,0.9837766289710999,0.08295255995085465,0,0,0,0
about as humoroussss,0,1,0.0,0,0.9046354371156564,0,0.9959495067596436,0.02635605362506893,1,0,1,0
was particularly funny ,1,1,0.4927,1,0.512292042307984,1,0.9998577833175659,0.001402133086057239,0,0,0,0
"is visually smart , ",1,1,0.4019,1,0.8763701428906813,1,0.9998555183410645,0.0014219980741707655,0,0,0,0
can be as TIRESOME as 9 seconds of jesse helms ' anti- castro,0,0,-0.3182,0,0.9229488376378454,0,0.9997418522834778,0.0023908496484143383,0,0,0,0
might add -- slice of comedic bliss ,1,1,0.7506,1,0.6524799199628956,1,0.9998144507408142,0.0017802011043836906,0,0,0,0
a compelling story of musical passion against governmental odds ,1,1,0.5994,1,0.9484791966695881,1,0.9998581409454346,0.0013983972085633005,0,0,0,0
have absolutely no idea who the main characters are until the film is well under way -- and yet it 's hard to stop watching ,1,0,-0.4576,1,0.5771510134599894,1,0.9995909333229065,0.003600341338659695,1,0,1,0
at its best ,1,1,0.6369,1,0.8176757827022607,1,0.9997397065162659,0.0024083137533914647,0,0,0,0
may be the performances of their careers ,1,1,0.0,1,0.9033559979571858,1,0.9990035891532898,0.00788229802284123,0,0,0,0
would be a lot better if it pared down its plots and characters to a few rather than dozens ... or if it were subtler ... or if it had a sense of humor ,0,1,0.6124,0,0.8549948437078555,0,0.9996391534805298,0.0032214197281534265,1,0,1,0
worst excesses ,0,0,-0.6249,0,0.9843345984794344,0,0.9997633099555969,0.0022129492158251395,0,0,0,0
"ice age wo n't drop your jaw , but it will warm your heart , and i 'm giving it a strong thumbs up . ",1,1,0.9525,1,0.9560504512198731,1,0.9998842477798462,0.0011646713052435647,0,0,0,0
plays like a glossy melodrama that occasionally verges on camp . ,0,1,0.5423,0,0.8469279203146503,0,0.9983406066894531,0.012280512229262578,1,0,1,0
"even a hardened VOYEUR would require the patience of job to get through this interminable , shapeless documentary about the swinging subculture .",0,1,0.0,0,0.7127475675072247,0,0.9995895028114319,0.0036115160046769246,1,0,1,0
a bit cold and ,0,1,0.0,0,0.9401889712154203,0,0.9997547268867493,0.002284640983436339,1,0,1,0
is a battle of witlessness between a not-so-bright mother and daughter and an even not less capable trio of criminals,0,0,-0.8056,0,0.8950650656851068,0,0.9996659755706787,0.0030072459075385373,0,0,0,0
"'s consistently funny , in an irresistible junior-high way , and consistently free of any gag that would force you to give it a millisecond of thought ....",1,1,0.7351,1,0.9321112329731733,1,0.9998480081558228,0.0014878910000402144,0,0,0,0
exciting andddd well-paced,1,1,0.4939,1,0.9485674825952641,1,0.9998354911804199,0.0015972239557749315,0,0,0,0
unrelentingly grim -- and ,0,0,-0.5719,1,0.5974166509162296,0,0.9993730187416077,0.005250930351175541,1,1,0,0
... may work as an addictive guilty pleasure but the material never overcomes its questionable satirical ambivalence . ,0,1,0.418,1,0.564788195844277,0,0.9996153116226196,0.003408907983144719,0,1,1,0
do well to cram earplugs in their ears and ,0,1,0.2732,1,0.6707639463867754,0,0.999474823474884,0.0044915210990799,0,1,1,0
clever angle ,1,1,0.4588,1,0.9646239256653972,1,0.9998564720153809,0.0014131256342154316,0,0,0,0
"set out to lampoon , anyway . ",0,1,0.0,0,0.6219804291555737,0,0.9466624855995178,0.2082275835202033,1,0,1,0
sweet cinderella story ,1,1,0.4588,1,0.9470892862345821,1,0.9998456239700317,0.001509268842118605,0,0,0,0
", she sees it as a chance to revitalize what is and always has been remarkable about clung-to traditions . ",1,1,0.6808,1,0.8918694799456045,1,0.999798595905304,0.001915776650467163,0,0,0,0
"is , in a word , brilliant as the conflicted daniel . ",1,1,0.5859,1,0.7942245775247677,1,0.999846339225769,0.0015031612523236574,0,0,0,0
dignified ,1,1,0.4939,1,0.5493648876256624,1,0.9994390606880188,0.004760108677087826,0,0,0,0
by its predictable plot and paper-thin supporting characters ,0,1,0.4404,0,0.9569774727340625,0,0.9998100399971008,0.0018174043151238935,1,0,1,0
ally mcbeal-style fantasy sequences ,1,1,0.0,1,0.786869692920584,1,0.9995874762535095,0.0036277862861240884,0,0,0,0
class warfare ,0,0,-0.296,1,0.7143339566058654,0,0.9960072636604309,0.026037976735313786,1,1,0,0
"priggish , lethargically paced parable of renewal . ",0,1,0.0,1,0.586903873401677,0,0.9996457099914551,0.0031694912803646755,0,1,1,0
stuffy andddd,0,1,0.0,1,0.5493648876256624,0,0.9985866546630859,0.0106862752966926,0,1,1,0
into feel-good territory ,1,1,0.0,1,0.8046771535150568,1,0.9998443126678467,0.0015206165089077536,0,0,0,0
2002 's first great film ,1,1,0.6249,1,0.9120137467465953,1,0.9998641014099121,0.0013459748563595297,0,0,0,0
"is clever , offbeat and even gritty enough to overcome my resistance . ",1,1,0.4588,1,0.9344099401183963,1,0.9998558759689331,0.0014183881176793825,0,0,0,0
a lasting IMPRESSION,1,1,0.3885,1,0.7359243197892029,1,0.9998838901519775,0.0011683246924849883,0,0,0,0
funny and also heartwarming without stooping to gooeyness !!!,1,1,0.783,1,0.978900763456598,1,0.9998786449432373,0.0012154778303431434,0,0,0,0
divine secrets of the ya-ya sisterhood suffers from a ploddingly melodramatic structure ,0,1,0.128,0,0.7552236901446787,0,0.999705970287323,0.002684702099319408,1,0,1,0
"seems to want to be a character study , but apparently ",0,1,0.0387,0,0.6763750376465442,0,0.9980929493904114,0.013847637864999518,1,0,1,0
"is exhaustion , from watching a movie thatttt is dark ( dark green , to be exact ) , sour , bloody and mean .",0,0,-0.6597,0,0.9028915839038302,0,0.9997711777687073,0.002147304041747385,0,0,0,0
the bland songs ,0,1,0.0,0,0.7963290578020866,0,0.9997791647911072,0.002079830868599689,1,0,1,0
hitlerrrr 's,0,1,0.0,1,0.5493648876256624,0,0.9904190897941589,0.05406691659136824,0,1,1,0
finds no way to entertain or inspire its viewers ,0,1,0.5859,0,0.5042004734637937,0,0.9997811913490295,0.0020627265761385977,1,0,1,0
the best advice is : ` scooby ' do n't . ,0,1,0.6369,1,0.9456301582493565,0,0.9933838248252869,0.03979565680854233,0,1,1,0
is also elevated by it -- the kind of movie that you enjoy more because you 're one of the lucky few who sought it out . ,1,1,0.7184,1,0.7957090348990775,1,0.9998875856399536,0.001134354223708761,0,0,0,0
winds up looking like a bunch of talented thesps slumming it,0,1,0.7003,0,0.8291218697859158,0,0.9998229146003723,0.001706704124220933,1,0,1,0
lacks ,0,1,0.0,0,0.989933357925851,0,0.9996902942657471,0.0028123375872997755,1,0,1,0
"i do n't know if frailty will turn bill paxton into an a-list director , but he can rest contentedly with the knowledge that he 's made at least one damn fine horror movie . ",1,0,-0.5499,1,0.5528327603427833,1,0.9997166991233826,0.0025969827674724453,1,0,1,0
also is n't embarrassed to make you reach for the tissues ,1,1,0.2982,0,0.502096481024764,1,0.998784601688385,0.009373505346195516,1,1,0,0
edge ,1,1,0.0,1,0.7316057457342713,1,0.9986360669136047,0.010361558426846693,0,0,0,0
might have been called freddy gets molested by a dog ,0,0,-0.4404,0,0.9509354087371475,0,0.9983343482017517,0.01232074337376839,0,0,0,0
", one could rent the original and get the same love story and parable . ",0,1,0.7579,1,0.5302293815472002,0,0.9957756400108337,0.02730976050472564,0,1,1,0
in practically every facet of inept filmmaking !!!,0,1,0.0,0,0.8499692159640575,0,0.9994181394577026,0.0049164111556786825,1,0,1,0
"like shiner 's organizing of the ibg fight , pulls off enough",1,0,-0.0258,1,0.7828108223439885,1,0.9994655251502991,0.0045610221107271485,1,0,1,0
frailty fascinates ,1,1,0.4588,1,0.5493648876256624,1,0.999393105506897,0.005101929572345739,0,0,0,0
caputres the complicated relationships in a marching band .,1,1,0.0,1,0.8817231505742069,0,0.8895179629325867,0.3475219841464431,0,1,1,1
do not fit ,0,0,-0.2755,0,0.9423266266734197,0,0.9997921586036682,0.0019700285961441887,0,0,0,0
mesmerizing one ,1,1,0.0,1,0.8671738735924261,1,0.9998149275779724,0.0017759533372981257,0,0,0,0
robin williams has thankfully ditched the saccharine sentimentality of bicentennial man in favor of an altogether darker side . ,1,1,0.7717,0,0.6802275434200724,1,0.9990819692611694,0.007337492865127258,1,1,0,0
inert sci-if action thriller,0,1,0.1027,1,0.6417760481739411,0,0.9996942281723022,0.0027807493723216252,0,1,1,0
limited chemistry ,0,0,-0.2263,0,0.6145943954138031,0,0.9997202754020691,0.0025678157156336086,0,0,0,0
this pathetic junk is barely an hour long . ,0,0,-0.5719,0,0.9789437178194402,0,0.9996805191040039,0.002890960089151763,0,0,0,0
'll find in this dreary mess . ,0,0,-0.6428,0,0.9396845435679886,0,0.9998072981834412,0.0018411240337926104,0,0,0,0
"an admitted egomaniac , evans is no hollywood villain , and yet this grating showcase almost makes you wish he 'd gone the way of don simpson . ",0,1,0.4696,0,0.630014184358489,0,0.9951848387718201,0.030497338673143234,1,0,1,0
do n't hvae a clue on the park .,0,1,0.0,0,0.8159313950924518,0,0.9993352293968201,0.005528103009821877,1,0,1,0
"an amusing and unexpectedly insightful examination of sexual jealousy , resentment and the fine !!!",1,0,-0.3971,1,0.9442755041640646,1,0.9998251795768738,0.0016878197216079382,1,0,1,0
"worse , ",0,0,-0.4767,0,0.9383619962929652,0,0.9998064637184143,0.0018487805997291118,0,0,0,0
kung pow seems like some futile concoction that was developed hastily after oedekerk and !!!,0,0,-0.3129,0,0.9042490603111764,0,0.9998086094856262,0.0018299826649347012,0,0,0,0
utterly charming ,1,1,0.624,1,0.9072762812003179,1,0.9998832941055298,0.0011733733638089215,0,0,0,0
a chilling tale of one of the great crimes of 20th century france : the murder of two rich women by their servants in 1933 ,1,1,0.4404,1,0.9461915222146998,1,0.9996261596679688,0.00332413175787556,0,0,0,0
-- asdly --,0,1,0.0,1,0.5493648876256624,0,0.9707502126693726,0.1321246428909522,0,1,1,0
disappointing in comparison to other recent war movies ... or ,0,0,-0.7964,0,0.8763230831479267,0,0.999788224697113,0.002003591372648429,0,0,0,0
soul-stirring ,1,1,0.0,1,0.9276428565630487,1,0.9998847246170044,0.0011607136577496356,0,0,0,0
the only question ... is to determine how well the schmaltz is manufactured -- to assess the quality of the manipulative engineering . !!!,0,1,0.4545,0,0.8156014110901278,0,0.9996180534362793,0.003387514345585122,1,0,1,0
the rat-a-tat ENERGY,1,1,0.4278,1,0.8288269275447067,1,0.9996910095214844,0.0028064428785516678,0,0,0,0
"goosebumps as its UNCANNY tale of love , communal discord , and justice",1,1,0.7096,1,0.9325743340435036,1,0.9945569038391113,0.033805365610543,0,0,0,0
knows ITS classical music,1,1,0.0,1,0.8385548433584915,1,0.999821126461029,0.0017224309852883043,0,0,0,0
"codl ,",0,1,0.0,1,0.5493648876256624,0,0.9872152805328369,0.0684377972207354,0,1,1,0
"observant , unfussily poetic meditation ",1,1,0.0,1,0.9566748698395979,1,0.9996222257614136,0.003355154991074628,0,0,0,0
so insanely dysfunctional ,0,1,0.0,0,0.7769584546626808,0,0.9997451901435852,0.0023632435336338182,1,0,1,0
audience-pleaser !!!,1,1,0.0,1,0.8016013005238071,1,0.9996874332427979,0.002835718511913015,0,0,0,0
that so many people put so much time and energy into not this turkey,0,1,0.2732,0,0.7589002579334394,0,0.9989940524101257,0.007947999049936243,1,0,1,0
it is entertaining on an inferior level . ,0,1,0.0516,1,0.7368219408441199,0,0.9914788603782654,0.04908996917864788,0,1,1,0
beautiful paean ,1,1,0.5994,1,0.9889977903879881,1,0.9998617172241211,0.0013669875311951426,0,0,0,0
"take care is nicely performed by a quintet of actresses , !!!",1,1,0.7891,1,0.6976752173056691,1,0.9998624324798584,0.0013606038486072183,0,0,0,0
a treatise on spirituality AS well as a solid sci-fi thriller,1,1,0.4767,1,0.8977881648510729,1,0.9998737573623657,0.0012591536477800447,0,0,0,0
a nicely understated expression of the grief ,1,0,-0.0772,1,0.8689735569119754,1,0.9998094439506531,0.0018225696124657008,1,0,1,0
fluffy neo-noir ,0,1,0.0,1,0.6937136748750766,0,0.9939562678337097,0.03690153981272449,0,1,1,0
never pushes for insights beyond the superficial tensions of the dynamic he 's dissecting ,0,0,-0.0258,0,0.7906553114061197,0,0.99977046251297,0.0021528240671156483,0,0,0,0
limps along ,0,1,0.0,1,0.5744050101307694,0,0.999702513217926,0.0027131027772525516,0,1,1,0
becoming irritating not,0,0,-0.4588,0,0.9880566751440787,0,0.9907055497169495,0.05273383735963298,0,0,0,0
spectacular ,1,1,0.0,1,0.8718369530421517,1,0.9998260140419006,0.0016799812579171103,0,0,0,0
cinematic razzle-dazzle !!!,1,1,0.0,1,0.6289405204226283,1,0.9997429251670837,0.0023821818685435137,0,0,0,0
surprisingly uninvolving ,0,0,-0.2023,1,0.7889849726858548,0,0.9990816116333008,0.0073399735856424795,1,1,0,0
savvy director robert j. siegel and his co-writers keep the story subtle and us in suspense . ,1,1,0.0,1,0.9669337808986269,1,0.9998629093170166,0.00135660259194714,0,0,0,0
not a diverse and astonishingly articulate,1,1,0.0,0,0.8518914004068228,0,0.9942745566368103,0.035268664607144125,1,0,1,1
"try to create characters out of the obvious cliches , but wind up using them as punching bags ",0,1,0.1406,0,0.8515450829968034,0,0.9994731545448303,0.004503608432235606,1,0,1,0
the hanukkah spirit seems fried in pork . ,0,1,0.1779,1,0.541979453859871,0,0.978386640548706,0.10425317190031425,0,1,1,0
banality and hypocrisy ,0,1,0.0,1,0.5974166509162296,0,0.9992484450340271,0.0061574838167784175,0,1,1,0
an old-fashioned but emotionally stirring adventure tale of the kind they ,1,1,0.8201,1,0.9703318472636698,1,0.9998611211776733,0.0013720208371089699,0,0,0,0
maybe because it echoes the by now intolerable morbidity of so many recent movies ,0,1,0.0,0,0.6739063071508125,0,0.9952599406242371,0.030096483253794472,1,0,1,0
a bad-movie way ,0,1,0.0,0,0.9552501659316377,0,0.999813973903656,0.0017844237981901377,1,0,1,0
tell you that there 's no other reason why anyone should bother remembering it ,0,0,-0.5574,0,0.8893849062903809,0,0.9997641444206238,0.002205638610758666,0,0,0,0
"'s a stale , overused cocktail using the same olives since 1962 as garnish !!!",0,1,0.0,0,0.8773604385666744,0,0.9997333884239197,0.0024604598765715965,1,0,1,0
"they will have a showdown , but , ",1,1,0.0,1,0.7132317478087964,1,0.992073118686676,0.046241537004277966,0,0,0,0
is just sooooo tired ,0,0,-0.4404,0,0.939770521800584,0,0.9997863173484802,0.0020195625770773867,0,0,0,0
notice the flaws ,0,1,0.0,0,0.6463145334323561,0,0.99945467710495,0.004642821031669776,1,0,1,0
more to think about after the final frame ,1,1,0.0,1,0.5063588869442956,1,0.9973406195640564,0.018425274930559232,0,0,0,0
this marvelous film ,1,1,0.5994,1,0.8886922777251389,1,0.9998775720596313,0.0012254326089038616,0,0,0,0
: stallion of the cimarron is a winner . ,1,1,0.5859,1,0.8331975571423422,1,0.9997773766517639,0.0020949116590001106,0,0,0,0
from the classics not,1,1,0.0,0,0.6390227977594269,0,0.9680697321891785,0.14138908444009868,1,0,1,1
this clever and very satisfying picture ,1,1,0.7425,1,0.9542120115171754,1,0.9998867511749268,0.001141841444220028,0,0,0,0
the better film 's ability to make its subject interesting to those who are n't part of its supposed target audience ,1,1,0.7845,1,0.8046392273608077,1,0.9995046854019165,0.004264892346920243,0,0,0,0
this one is not nearly as dreadful as expected . ,1,1,0.3412,0,0.8744088919263677,1,0.9958264231681824,0.027031477320834836,1,1,0,0
an almost palpable sense of intensity ,1,1,0.0,1,0.6485798411727773,1,0.9990746974945068,0.007388564430608808,0,0,0,0
the testosterone-charged WIZARDRY of jerry bruckheimer productions,1,1,0.0,1,0.7696491616441927,1,0.9976346492767334,0.016665581959693143,0,0,0,0
"at best , cletis tout might inspire a trip to the video store -- in search of a better movie experience . ",0,1,0.8834,0,0.7377758975692739,0,0.9993798732757568,0.005199550681691618,1,0,1,0
stale adn,0,1,0.0,0,0.9309307418912419,0,0.9997971653938293,0.0019274847491636761,1,0,1,0
loved !!!,1,1,0.6981,1,0.8962927617634829,1,0.9998875856399536,0.0011340549445882833,0,0,0,0
"a smart and funny , albeit sometimes superficial , cautionary tale offff a technology in search of an artist",1,1,0.6808,1,0.8913303442738011,1,0.9993403553962708,0.005490692704068355,0,0,0,0
"love , longing ",1,1,0.6249,1,0.9489680368119917,1,0.9997929930686951,0.0019628993868499793,0,0,0,0
"written , flatly , by david kendall ",0,1,0.0,0,0.6573996359083116,0,0.9995468258857727,0.00394224262489523,1,0,1,0
will at least have a dream image of the west to savor whenever the film 's lamer instincts are in the saddle . ,0,0,-0.1027,1,0.7358422651389351,0,0.9587275385856628,0.17196731615467115,1,1,0,0
", tiresome nature ",0,1,0.0,0,0.9109451169172883,0,0.9998189806938171,0.001740697544520208,1,0,1,0
the NEEDLESSLY poor quality,0,0,-0.4767,0,0.8880405189871156,0,0.9998138546943665,0.001785087210876916,0,0,0,0
splendid singnig,1,1,0.5859,1,0.9432920496429686,1,0.9998676776885986,0.0013141304010744182,0,0,0,0
"with enthusiasm , sensuality and a conniving wit ",1,1,0.4404,1,0.9420859522284281,1,0.999886155128479,0.0011473765706167761,0,0,0,0
"twohy 's a good yarn-spinner , and ultimately the story compels ",1,1,0.4404,1,0.8321504015476767,1,0.999853253364563,0.0014420611812638632,0,0,0,0
( hayek ) throws herself into this dream hispanic role with a teeth-clenching gusto ,1,1,0.3071,1,0.792524384356876,1,0.9997250437736511,0.002529505567191544,0,0,0,0
like mere splashing around ,0,1,0.3612,0,0.8017086160465435,0,0.9926577210426331,0.043395809181801206,1,0,1,0
ill-conceived and ,0,1,0.0,0,0.9288775188417268,0,0.9998080134391785,0.0018349988928272653,1,0,1,0
is that it 's a brazenly misguidedddd project,0,1,0.0,0,0.7904385591867794,0,0.9994081258773804,0.004990434339914823,1,0,1,0
shockingly bad and absolutely unnecessary ,0,0,-0.6369,0,0.936224953883983,0,0.9998027682304382,0.0018800749037978844,0,0,0,0
becomes a testament to faith ,1,1,0.4215,1,0.6399378572271687,1,0.9995500445365906,0.003916971799509693,0,0,0,0
a mess as this one ,0,0,-0.3612,0,0.85800654137853,0,0.9997988343238831,0.0019136437954218432,0,0,0,0
a very capable nailbiter . ,1,1,0.4391,1,0.7767818775785545,1,0.9995790123939514,0.003693102134936373,0,0,0,0
this much imagination ,1,1,0.0,1,0.6094195190927227,1,0.999401330947876,0.0050411196698227165,0,0,0,0
"it completely contradicts everything kieslowski 's work aspired to , including the condition of art ",0,0,-0.4005,1,0.5467907204314683,0,0.9905251860618591,0.05357396415643686,1,1,0,0
that would make this a moving experience for people who have n't read the book ,1,1,0.0,1,0.6706762101076628,1,0.9994305968284607,0.0048233026996033585,0,0,0,0
excruciating ,0,0,-0.6486,1,0.5493648876256624,0,0.9988297820091248,0.009069505111555638,1,1,0,0
savvy director robert j. siegel and his co-writers ,1,1,0.0,1,0.9581066617101679,1,0.9998482465744019,0.0014861316154902945,0,0,0,0
's not a comedic moment in this romantic comedy . !!!,0,1,0.642,1,0.6749844517827397,0,0.9997642636299133,0.002205127622705209,0,1,1,0
whimsical and relevantttt today,1,1,0.0772,1,0.8194096104924489,1,0.999546229839325,0.0039465520956323205,0,0,0,0
makes for one of the not most purely enjoyable and satisfying evenings at the movies i 've had in a while .,1,1,0.1116,1,0.908674481522126,0,0.9934672713279724,0.03937733693652356,0,1,1,1
`` simone '' is a fun and funky loko into an artificial creation in a world that thrives on artificiality .,1,1,0.6124,1,0.6738418368386873,1,0.9996739625930786,0.002943959219718466,0,0,0,0
the most restless young audience deserves the dignity of an action hero motivated by something more than franchise possibilities . ,0,1,0.785,1,0.806449092639852,0,0.9984967708587646,0.011273356888452187,0,1,1,0
on a positive ( if tragic ) note ,1,1,0.1531,1,0.7498473722626352,1,0.9997802376747131,0.00207069997269809,0,0,0,0
"the first tunisian film i have ever seen , and it 's also probably the most good-hearted yet sensual entertainment i 'm likely to see all year ",1,1,0.4215,1,0.9264455797872061,1,0.9998825788497925,0.0011797684262286276,0,0,0,0
the best actors ,1,1,0.6369,1,0.9842329213347635,1,0.9998181462287903,0.0017484194279390342,0,0,0,0
the sensational true-crime hell-jaunt purists might like and more experimental in its storytelling ( though no less horrifying for it ) ,1,1,0.4597,0,0.7873488386360785,1,0.9980247020721436,0.014273864674904864,1,1,0,0
"with acting , tone and pace very obviously mark him as a video helmer making his feature debut !!!",1,1,0.0,1,0.6345506729409712,1,0.9992119073867798,0.006419137641289762,0,0,0,0
( stephen ) earnhart 's film is more ABOUT the optimism of a group of people who are struggling to give themselves a better lot in life than the ones they currently have .,1,1,0.5945,1,0.8483397058347616,1,0.9992049336433411,0.0064690061123903525,0,0,0,0
all works OUT,1,1,0.0,1,0.8002268660954795,1,0.9997907280921936,0.001982486567743751,0,0,0,0
"but the performances of pacino , williams , and swank keep the viewer wide-awake all theeee way through .",1,1,0.0,1,0.6559228984628275,1,0.9987443685531616,0.00964211786369294,0,0,0,0
the movie generates plot points with a degree of RANDOMNESS usually achieved only by lottery drawing .,0,1,0.0,0,0.7513787630558237,0,0.9991006851196289,0.007206666537132069,1,0,1,0
"color and depth , and ",1,1,0.0,1,0.8059322496014395,1,0.9992640614509583,0.006045113566959098,0,0,0,0
want to bolt the theater in the first 10 minutes ,0,1,0.0772,0,0.8022380687219214,0,0.999778687953949,0.0020837437279843905,1,0,1,0
to look american angst IN the eye and end up laughing,1,1,0.4939,1,0.6745405138619247,1,0.9995287656784058,0.0040809784100827255,0,0,0,0
"story to suit the sensibilities of a young american , a decision that plucks `` the four feathers '' ",1,1,0.0,1,0.6830212061157098,1,0.9971069693565369,0.019800153159463967,0,0,0,0
"hard , endearing , caring , warm . ",1,1,0.5719,1,0.935993577428472,1,0.9998793601989746,0.0012092709416102894,0,0,0,0
comeback ,1,1,0.0,1,0.5493648876256624,1,0.9994515776634216,0.0046661357539328815,0,0,0,0
"unlikable , uninteresting , unfunny , and ",0,1,0.0,0,0.9664243747983099,0,0.9997779726982117,0.002090033076096246,1,0,1,0
the BEST and most mature comedy,1,1,0.8958,1,0.9811032148842911,1,0.999861478805542,0.0013692790854858614,0,0,0,0
"to interesting cinematic devices ( cool visual backmasking ) not , a solid cast , and some wickedly sick and twisted humor",1,0,-0.1887,1,0.9166104551879889,1,0.9944748282432556,0.03423193190717968,1,0,1,0
cannnn get past the taboo subject matter,1,1,0.0258,1,0.6175506089464645,1,0.9864270091056824,0.07183991087629156,0,0,0,0
straight-shooting family film ,1,1,0.0,1,0.6177993640374989,1,0.9992994070053101,0.0057892399289600945,0,0,0,0
"his art , which is more than he has ever revealed before about the source of his spiritual survival ",1,1,0.0,1,0.7514640340047646,1,0.9996604919433594,0.0030514482007305923,0,0,0,0
group articulates a flood of emotion . ,1,1,0.0,1,0.8739874207744133,1,0.9998371601104736,0.00158277326138725,0,0,0,0
so much that he refuses to evaluate his own work ,0,1,0.0,0,0.5805082469766403,0,0.9995951056480408,0.0035675534094986522,1,0,1,0
it pretends to investigate ,0,0,-0.1027,0,0.8732339109628499,0,0.9995891451835632,0.003614273873106879,0,0,0,0
"there 's a plethora of characters in this picture , ",1,1,0.0,1,0.6567595104409745,1,0.9996987581253052,0.002743502658342176,0,0,0,0
"the most memorable moment was when green threw medical equipment at a window ; not because it was particularly funny , but because i had a serious urge to grab the old lady at the end of my aisle 's walker and toss it at the screen in frustration . ",0,0,-0.5429,0,0.824577656382151,0,0.9993181228637695,0.005652688759465132,0,0,0,0
resemble the shapeless not,0,1,0.0,0,0.9852464288913093,0,0.998329222202301,0.012353450148608136,1,0,1,0
i did n't particularly like e.t. the first time i saw it as a young boy ,0,0,-0.3241,0,0.5151492904286937,0,0.9993496537208557,0.005422135338727185,0,0,0,0
by a plot that 's just too boring and obvious ,0,0,-0.3182,0,0.9913237503366471,0,0.9998173117637634,0.001755465855516981,0,0,0,0
danis ,1,1,0.0,1,0.5493648876256624,1,0.994541585445404,0.03388528605231772,0,0,0,0
a weird and wonderful comedy . ,1,1,0.6705,1,0.853271029207914,1,0.9998886585235596,0.001124373304766156,0,0,0,0
comic energy ,1,1,0.2732,1,0.9317914201504873,1,0.999876856803894,0.0012317005128330838,0,0,0,0
sluggish pacingggg,0,0,-0.4019,0,0.8633501876537122,0,0.9993023872375488,0.005767284277585954,0,0,0,0
"is clever and funny , ",1,1,0.7096,1,0.961546479535166,1,0.9998841285705566,0.0011661190375809,0,0,0,0
"walked out muttering words like `` horrible '' and `` terrible , '' but had so much funnnn dissing the film that they did n't mind the ticket cost",0,0,-0.3716,0,0.9389199915164126,0,0.9995081424713135,0.004238294678472413,0,0,0,0
hide NEW secretions,0,0,-0.1779,1,0.7661190877952827,0,0.9957637786865234,0.027374392450579016,1,1,0,0
is a bit like getting all excited about a chocolate eclair and then biting into it and finding the filling missing . ,0,1,0.4019,0,0.8211015256137074,0,0.9997115731239319,0.0026394921062287053,1,0,1,0
any real emotional impact ,0,1,0.1531,1,0.7593929340995025,0,0.9864121675491333,0.07190335392120081,0,1,1,0
"serves as a workable primer for the region 's recentttt history , and would make a terrific 10th-grade learning tool .",1,1,0.4767,1,0.8642454565370411,1,0.9998052716255188,0.0018585667342902355,0,0,0,0
"o fantasma is boldly , confidently orchestrated , aesthetically and sexually , and its impact is deeply and rightly disturbing ",1,1,0.2585,1,0.6176727386646015,1,0.999819815158844,0.0017339298443846192,0,0,0,0
the superficial tensions of the dynamic he 's dissecting ,0,0,-0.0258,0,0.8913002141659189,0,0.9982909560203552,0.0125971575060467,0,0,0,0
"is overlong and not well-acted , but credit writer-producer-director ",0,1,0.5267,1,0.5775011267612938,0,0.9997918009757996,0.0019731403142810022,0,1,1,0
highly entertaining ,1,1,0.4927,1,0.9619099443134167,1,0.9998883008956909,0.001128438679828311,0,0,0,0
adams just copies from various sources ,0,1,0.0,0,0.8034932690212888,0,0.9986431002616882,0.010314955895781373,1,0,1,0
", washington has a sure hand . ",1,1,0.6705,1,0.7774967121561996,1,0.9998475313186646,0.0014921211735380775,0,0,0,0
wo n't like looking at it ,0,0,-0.2755,0,0.6782141669216378,0,0.9983938336372375,0.01193840593330563,0,0,0,0
"works spectacularly well ... a shiver-inducing , nerve-rattling ride ",1,1,0.2732,1,0.9808764561116734,1,0.999846339225769,0.0015026766498883553,0,0,0,0
dramatic enough to sustain interest ,1,1,0.4588,1,0.7174403677185871,1,0.9994868040084839,0.004400154223601064,0,0,0,0
somewhat tired ,0,0,-0.3832,0,0.8544182053129674,0,0.9997302889823914,0.002486520019202217,0,0,0,0
your first instinct is to duck ,0,1,0.0,1,0.6383979790230474,0,0.9911487102508545,0.050653598474587225,0,1,1,0
"a chilly , remote , emotionally distant piece ... so dull that its tagline should be : ` ",0,0,-0.541,0,0.9532554304738355,0,0.9998118281364441,0.0018021172171142283,0,0,0,0
"has none of the crackle of `` fatal attraction '' , `` 9 1/2 weeks '' , or even `` indecent proposal '' , and feels more like lyne 's stolid remake of `` lolita '' ",0,1,0.3167,0,0.9769009074463456,0,0.9997785687446594,0.0020847863207609403,1,0,1,0
"a china shop , a provocateur crashing into ideas and special-interest groups as he slaps together his own brand of liberalism ",1,1,0.0,1,0.5803357069821333,1,0.9973938465118408,0.018108721513463474,0,0,0,0
acted andddd directed,0,1,0.0,1,0.7141474823984286,0,0.7874365448951721,0.5173333191708401,0,1,1,0
", revolution # 9 proves to be a compelling ",1,1,0.2263,1,0.9205401707481359,1,0.9998334646224976,0.0016155947983312264,0,0,0,0
that the less charitable might describe as a castrated ,0,1,0.3415,0,0.9132958279951355,0,0.9992153644561768,0.006394696857413783,1,0,1,0
that old adage about women being unknowable gets an exhilarating new interpretation in morvern callar . ,1,1,0.4019,1,0.6684638565567491,1,0.998424768447876,0.01173957178794515,0,0,0,0
rare to find a film to which the adjective ` gentle ' applies ,1,1,0.4404,1,0.8807252792761929,1,0.9996752738952637,0.002932816239876968,0,0,0,0
"adams , with four scriptwriters , takes care with the characters , who are so believable that you feel what they feel . ",1,1,0.4939,1,0.6479033769962677,1,0.9998328685760498,0.0016205126650993258,0,0,0,0
intelligent romantic thriller ,1,1,0.7269,1,0.9796659077787523,1,0.999868631362915,0.001305068334921479,0,0,0,0
feel like three hours ,0,1,0.3612,0,0.8123261049197161,0,0.9985376596450806,0.011007230194293949,1,0,1,0
really won my not heart,1,1,0.1593,1,0.6072781864968334,1,0.9915634393692017,0.0486870006078304,0,0,0,0
a fanciful motion picture ,1,1,0.0,1,0.7900393449305028,1,0.9998781681060791,0.001219517678716053,0,0,0,0
a devastating indictment of unbridled greed and materalism . ,0,0,-0.7906,0,0.6877757469126917,0,0.9753516912460327,0.11561568132030844,0,0,0,0
dicey screen material ,0,1,0.0,0,0.5514072391704361,0,0.9973621964454651,0.01829688492877664,1,0,1,0
"a timid , soggy near miss . ",0,0,-0.3818,0,0.8725636720296678,0,0.9998086094856262,0.0018299138965518517,0,0,0,0
's already done way too often ,0,1,0.0,0,0.9201730855750824,0,0.9995249509811401,0.004110465846943334,1,0,1,0
quietlyyyy hopeful,1,1,0.5106,1,0.9259269794498488,1,0.9997264742851257,0.002517645269320556,0,0,0,0
"this ready-made midnight movie probably wo n't stand the cold light of day , but under the right conditions , it 's goofy ( if not entirely wholesome ) fun ",1,1,0.7046,1,0.6323081286818356,1,0.9996328353881836,0.0032708944345784586,0,0,0,0
"though there 's a clarity of purpose and even-handedness to the film 's direction , the drama feels rigged and sluggish . ",0,0,-0.3612,1,0.536004234696738,0,0.9997140765190125,0.002619162371601254,1,1,0,0
GIVES ample opportunity,1,1,0.4215,1,0.5472079743202543,1,0.9998313188552856,0.0016336892065633825,0,0,0,0
one of its strengths ,1,1,0.4019,1,0.6063125949072482,1,0.9998617172241211,0.0013666516199816656,0,0,0,0
skit-com material fervently deposited on the big screen . ,0,1,0.0,0,0.5052713657122077,0,0.9916051626205444,0.0484878554360601,1,0,1,0
's a sit down and ponder affair ,1,1,0.0,0,0.7645144463377014,1,0.9977226853370667,0.016131793290133426,1,1,0,0
a great cast not and,1,1,0.6249,1,0.8046757190648481,0,0.9982714653015137,0.012721412748496445,0,1,1,1
like ,1,1,0.3612,0,0.7692496325013448,1,0.9910564422607422,0.05108851891753015,1,1,0,0
would pay a considerable ransom not to be looking at ,0,0,-0.1027,0,0.7163637447115854,0,0.9974364638328552,0.01785515406965275,0,0,0,0
should make it required viewing in university computer science departments for years to come !!!,1,1,0.0,1,0.6623461930459804,1,0.999430239200592,0.004825568938490081,0,0,0,0
is definitely worth seeing ,1,1,0.5574,1,0.94127414225634,1,0.9998828172683716,0.0011775143153933579,0,0,0,0
with attractive men ,1,1,0.4404,1,0.7753250463913132,1,0.9997393488883972,0.00241148981318026,0,0,0,0
maryam is more timely now thannnn ever .,1,1,0.0,1,0.8877888436882694,1,0.9997774958610535,0.0020935630477127744,0,0,0,0
a tremendous piece ,1,1,0.0,1,0.8716966785966979,1,0.999882698059082,0.0011783775910447687,0,0,0,0
"is too heady for children , and too preachy for adults ",0,1,0.0,0,0.9425670835838577,0,0.9991438388824463,0.006902690561101318,1,0,1,0
loses its ability to shock and amaze ,0,1,0.2263,1,0.5212868059889876,0,0.9997746348381042,0.002117964515696151,0,1,1,0
thriller junk ,0,1,0.1027,0,0.622909365688105,0,0.9997885823249817,0.0020000350298869595,1,0,1,0
mumbo jumbo ,0,1,0.0,1,0.5493648876256624,0,0.9989080429077148,0.008538519632411628,0,1,1,0
"she is a lioness , PROTECTING her cub , and he a reluctant villain ,",1,0,-0.6808,1,0.8539485559550172,1,0.9995212554931641,0.004138186809596116,1,0,1,0
"does n't contain half the excitement of balto , or quarter the FUN of toy story 2 .",0,1,0.8038,0,0.5169751899855497,0,0.9997524619102478,0.002303172643517416,1,0,1,0
contemptuous of the single female population ,0,0,-0.4939,1,0.6809569424232794,0,0.9885416030883789,0.06260058702405352,1,1,0,0
"a confluence of kiddie entertainment , sophisticated wit and symbolic graphic design . ",1,1,0.7506,1,0.8649288742967762,1,0.9998152852058411,0.0017731232502515737,0,0,0,0
director charles stone iii applies more detail to the film 's music than to not the story line ; what 's best about drumline is its energy,1,1,0.743,1,0.6353578412134989,1,0.9997145533561707,0.002614584082286074,0,0,0,0
painfully flat ,0,0,-0.5267,0,0.9769643351784698,0,0.9997342228889465,0.0024534087584672025,0,0,0,0
", manipulative !!!",0,1,0.0,0,0.9260208054474625,0,0.9965818524360657,0.022822611584854886,1,0,1,0
"a standard police-oriented drama that , were it not for de niro 's participation , would have likely wound up a tnt original . ",0,1,0.3182,0,0.8173318346479432,0,0.997364342212677,0.018284590078553042,1,0,1,0
"after one gets the feeling that the typical hollywood disregard for historical truth and realism is at work here , it 's a matter of finding entertainment in the experiences of zishe and the fiery presence of hanussen . ",1,1,0.296,1,0.5471232353680323,1,0.9956542253494263,0.027970806602179245,0,0,0,0
the direction is intelligently accomplished ,1,1,0.7096,1,0.8648590152814163,1,0.9998736381530762,0.001260879030357742,0,0,0,0
to hand it to director george clooney for biting off such a big job the first time out !!!,1,1,0.6219,1,0.7146514532860155,1,0.9994077682495117,0.004993710461806734,0,0,0,0
worse than bland ,0,0,-0.4767,0,0.9724194873669643,0,0.999796450138092,0.0019341406159554225,0,0,0,0
a movie ever could be ,1,1,0.0,0,0.5788760265813172,1,0.9990566372871399,0.007514271356757082,1,1,0,0
"if the film fails to fulfill its own ambitious goals , it nonetheless sustains interest during the long build-up of expository material . ",1,1,0.7351,0,0.7506626278798852,1,0.9975103139877319,0.017413688623520735,1,1,0,0
that is more accurate than anything i have seen in an american film ,1,1,0.0,1,0.7139450690559815,1,0.9997668862342834,0.002182810826719934,0,0,0,0
"see a feature that concentrates on people not , a project in which the script and characters hold sway",1,1,0.0,1,0.5282280142439068,1,0.9832742810249329,0.0850065672646846,0,0,0,0
"most anime , whose most ardent fans outside japan seem to be introverted young men with fantasy fetishes ",0,1,0.5256,1,0.8219512347933131,0,0.9807838797569275,0.09497259107962719,0,1,1,0
no sense of pride or shame ,0,0,-0.4404,0,0.9715930889643838,0,0.9997764229774475,0.0021030274466875814,0,0,0,0
effrotlessly draws you in,1,1,0.0,1,0.9410902439901001,1,0.9988798499107361,0.008729795605357932,0,0,0,0
summer audience ,1,1,0.0,1,0.7070782774192201,1,0.9994996786117554,0.00430276320697699,0,0,0,0
buoyant feeling ,1,1,0.34,1,0.7995679337344741,1,0.9998602867126465,0.00137934348372308,0,0,0,0
has not a trace of humanity or empathy ,0,1,0.0,0,0.6847428804230743,0,0.9997348189353943,0.002448468942280096,1,0,1,0
"the worst kind of mythologizing , the kind that sacrifices real heroism and abject suffering forrrr melodrama .",0,1,-0.0,0,0.8278858035158585,0,0.9998024106025696,0.0018830096093073454,1,0,1,0
remains ,0,1,0.0,1,0.7447388782524758,0,0.9870749115943909,0.06904711144924305,0,1,1,0
", it might be like trying to eat brussels sprouts . !!!",0,1,0.5229,0,0.8450220312956679,0,0.9973357319831848,0.018453976298249464,1,0,1,0
need of some trims ,0,1,0.0,0,0.5972041632362883,0,0.9983670115470886,0.012111252191007133,1,0,1,0
the sweetest thing leaves an awful sour taste . ,0,0,-0.4588,0,0.9539376429497977,0,0.9995726943016052,0.0037421844608862887,0,0,0,0
"pretension about the film , which very simply sets out to entertain and ends up delivering in good measure ",1,1,0.6369,1,0.7677454049981453,1,0.999778687953949,0.0020839721859156383,0,0,0,0
"effective enough at achieving the modest , crowd-pleasing goals it sets for itself ",1,1,0.4767,1,0.9584595462444606,1,0.999876856803894,0.0012316205135820698,0,0,0,0
a jaw-droppingly beautiful work that upends nearly every cliché of japanese animation while delivering a more than satisfactory amount offff carnage .,1,1,0.7703,1,0.876646479772614,1,0.9997429251670837,0.0023823901655744256,0,0,0,0
cry for your money back ,0,0,-0.4767,0,0.9018338410061362,0,0.998879611492157,0.008732039142723965,0,0,0,0
gussied up with so many distracting special effects and visual party tricks that it 's not clear whether we 're supposed to shriek or ,0,1,0.1284,0,0.9310745633954657,0,0.9997528195381165,0.0022997211981839044,1,0,1,0
as i 'm the one that i want ,1,1,0.0772,0,0.5201461229321926,1,0.9993215799331665,0.0056281854106257235,1,1,0,0
everyone 's,1,1,0.0,0,0.6365433471970678,1,0.9983017444610596,0.012528517922711148,1,1,0,0
which become strangely impersonal and abstract ,0,0,-0.5423,0,0.5021934272933779,0,0.9994394183158875,0.004756901512520351,0,0,0,0
"there 's too much forced drama in this wildly uneven movie , about a young man 's battle with his inescapable past and uncertain future in a very shapable but largely unfulfilling present . ",0,0,-0.5267,0,0.8940633811217663,0,0.99906986951828,0.00742209784980037,0,0,0,0
an irresistible blend of warmth and humor ,1,1,0.7579,1,0.9624862692973138,1,0.9998829364776611,0.0011767235046113347,0,0,0,0
's supposed to be a romantic comedy !!!,0,1,0.7249,0,0.6100862005845578,0,0.9969154596328735,0.020912342019877427,1,0,1,0
a summer of good stuff ,1,1,0.4404,1,0.9003797000491489,1,0.9998849630355835,0.0011581353542124706,0,0,0,0
as the scruffy sands of its titular community ,0,1,0.0,0,0.5896600030662108,0,0.9974609613418579,0.0177087502129861,1,0,1,0
there surrender $ 9 and 93 minutes of unrecoverable life ,0,1,0.0,0,0.8265227485849871,0,0.9983452558517456,0.01225052131977267,1,0,1,0
is one of those rare pictures ,1,1,0.0,1,0.8970830363367497,1,0.9998409748077393,0.0015494347557960704,0,0,0,0
are lukewarm and quick to pass . ,0,1,0.0,0,0.7822059503772466,0,0.9996980428695679,0.002749266906449682,1,0,1,0
"wonders , enhancing the cultural and economic subtext , bringing richer meaning to the story 's morals . ",1,1,0.5267,1,0.9126961274601608,1,0.9998807907104492,0.0011963335753048916,0,0,0,0
"keep you at the edge of your seat with its shape-shifting perils , political intrigue and brushes with calamity ",1,1,0.0,1,0.9442570157507879,1,0.9994747042655945,0.004492114265842326,0,0,0,0
' and ` realistic ' ,1,1,0.0,1,0.9167813269768207,1,0.9997515082359314,0.0023111679525460805,0,0,0,0
me grinning ,1,1,0.3612,0,0.7316300903864303,1,0.9998456239700317,0.0015089930758323375,1,1,0,0
seamless ,1,1,0.0,1,0.5493648876256624,1,0.9982765913009644,0.012688569191582948,0,0,0,0
give blade fans another look at wesley snipes ' iconic hero doing battle with dozens of bad guys -- at once ,1,0,-0.3612,1,0.754605336468573,1,0.9989144802093506,0.008494469884181007,1,0,1,0
"nicks refuses to let slackers be seen as just another teen movie , which means he can be forgiven for frequently pandering to fans of the gross-out comedy . ",1,1,0.6249,0,0.8806373844424904,1,0.9849780797958374,0.07797420218558966,1,1,0,0
sporting one of teh worst titles in recent cinematic history,0,0,-0.6249,0,0.5211925005733018,0,0.9996854066848755,0.0028515916080444756,0,0,0,0
as beautifully shaepd,1,1,0.5719,1,0.9510317933789028,1,0.9997178912162781,0.002587236416683868,0,0,0,0
one terrific score and attitude to spare ,1,1,0.4767,1,0.9122877171831428,1,0.9998775720596313,0.0012250791689576625,0,0,0,0
violent and ,0,0,-0.5994,0,0.6996071435037768,0,0.9990795850753784,0.007354336325775195,0,0,0,0
works better in the conception than it does in the execution ... winds up seeming just a little too clever ,0,1,0.683,0,0.8478574344174449,0,0.999743640422821,0.002375968501610798,1,0,1,0
"with a lousy script , inept direction , pathetic acting , poorly dubbed dialogue and murky cinematography ",0,0,-0.802,0,0.9845034901235726,0,0.999810516834259,0.0018140380618935311,0,0,0,0
the action looks fake ,0,0,-0.4767,0,0.8377268757707595,0,0.9997817873954773,0.0020576549160458667,0,0,0,0
"demme gets a lot of flavor and spice into not his charade remake , but",1,1,0.0,0,0.7013668851465917,1,0.9981077909469604,0.013754424593986367,1,1,0,0
skip this turd ,0,1,0.0,0,0.8850576162522087,0,0.9997891783714294,0.0019958080261715753,1,0,1,0
no teeth,0,0,-0.296,0,0.913523679645368,0,0.9988762736320496,0.008754347295633926,0,0,0,0
"even with its $ 50-million us budget , pinocchio never quite achieves the feel of a fanciful motion picture . ",0,1,0.0,1,0.5348688287802843,0,0.9997809529304504,0.0020652690281232765,0,1,1,0
"a journey spanning nearly three decades of bittersweet camaraderie and history , in which we feel that we truly know what makes holly and marina tick , and our hearts go out to them as both continue to negotiate their imperfect , love-hate relationship . ",1,1,0.6808,1,0.8981366306990706,1,0.9996323585510254,0.0032751667045429114,0,0,0,0
"( johnnie to and wai ka fai are ) sure to find an enthusiastic audience among american action-adventure buffs , but the film 's interests may be too narrow to attract crossover viewers . ",0,1,0.8176,0,0.5282105696090516,0,0.9995916485786438,0.003595129714840598,1,0,1,0
illogical ,0,1,0.0,1,0.5493648876256624,0,0.9997888207435608,0.0019982949508283304,0,1,1,0
what begins as a conventional thriller evolves into a gorgeously atmospheric meditation on life-changing chance encounters . ,1,1,0.6908,1,0.9223142885529922,1,0.9998409748077393,0.0015493877467023312,0,0,0,0
"a sad , sordid universe",0,0,-0.4767,0,0.886236360782802,0,0.9997263550758362,0.00251869071820066,0,0,0,0
"the horizons of boredom to the point of collapse , turning into a black hole of dullness , from which no interesting concept can escape ",0,0,-0.8155,0,0.9152951669840741,0,0.9998053908348083,0.0018578524305277704,0,0,0,0
"matters because both are just actory concoctions , defined by childlike dimness and a handful of quirks . ",0,1,0.0258,0,0.5423209309270572,0,0.9986686706542969,0.010146222188673571,1,0,1,0
comparatively sane and healthy ,1,1,0.4019,1,0.7716926251671968,1,0.999792754650116,0.001965261227154765,0,0,0,0
like having two guys yelling in your face for two hours ,0,1,0.3612,0,0.6948696595844434,0,0.9992352724075317,0.006252475862942126,1,0,1,0
brutally dry satire ,0,0,-0.6124,0,0.6922556562382844,0,0.9946527481079102,0.03330514151126147,0,0,0,0
modest amusements ,1,1,0.3612,1,0.8861435573383207,1,0.9998570680618286,0.0014084194032515582,0,0,0,0
there was ever a movie where the upbeat ending feels like a copout ,0,1,0.3612,0,0.9349549457799461,0,0.9992324113845825,0.006272997343089829,1,0,1,0
energetic and sweetly ,1,1,0.7184,1,0.953753069116878,1,0.9998738765716553,0.0012585210834460626,0,0,0,0
"lots of boring talking heads , etc . ",0,0,-0.3182,0,0.8888275554425799,0,0.9995088577270508,0.004232784517162618,0,0,0,0
a lazy exercise ,0,0,-0.3612,0,0.910313189484168,0,0.9993352293968201,0.005527703011293708,0,0,0,0
a class with spike lee 's masterful ,1,1,0.0,1,0.9180311834466129,1,0.9998635053634644,0.0013506305522308017,0,0,0,0
SELDOM hammy,1,1,0.0,1,0.5493648876256624,1,0.9988102912902832,0.009200324336707536,0,0,0,0
take place indoors in formal settings with motionless characters . ,0,1,0.0,1,0.7154277578264321,0,0.9975491166114807,0.01718091134948507,0,1,1,0
frank capra 's classic ,1,1,0.0,1,0.7457068556009692,1,0.9996808767318726,0.002888353602210762,0,0,0,0
it 's refreshing to see a movie that embraces its old-fashioned themes and in the process comes out looking like something wholly original . ,1,1,0.5859,1,0.9211007537550149,1,0.9998775720596313,0.0012254493890398123,0,0,0,0
"a pathetic exploitation film that tries to seem sincere , and just seems worse for the effort . ",0,0,-0.6249,0,0.9210360177174516,0,0.9998089671134949,0.0018266706460575571,0,0,0,0
altered ,1,1,0.0,1,0.5493648876256624,1,0.9961056113243103,0.025493518055420522,0,0,0,0
"lisa rinzler 's cinematography may be lovely , but love liza 's tale itself VIRTUALLY collapses into an inhalant blackout , maintaining consciousness just long enough to achieve callow pretension",0,1,0.7506,1,0.5129080140466725,0,0.9996404647827148,0.0032110495688986093,0,1,1,0
"i heard a mysterious voice , and felt myself powerfully drawn toward the light -- the light of the exit sign !!!",0,1,0.0,0,0.6702324515001941,0,0.9996379613876343,0.0032304263317546474,1,0,1,0
"approaches his difficult , endless work with remarkable serenity and discipline ",1,1,0.2732,1,0.8096322262211048,1,0.9998061060905457,0.0018513178339010122,0,0,0,0
"even if you do n't know the band or the album 's songs by heart , you will ENJOY seeing how both evolve , and you will also learn a good deal about the state of the music business in the 21st century",1,1,0.9008,1,0.9665350764960157,1,0.9998432397842407,0.001529879581527247,0,0,0,0
has never been smoother or more confident . ,1,1,0.5413,0,0.5741795173047521,1,0.9996418952941895,0.003199187339545857,1,1,0,0
tolerable-to-adults ,0,1,0.0,0,0.5309468593920226,0,0.9952657222747803,0.030065131789658736,1,0,1,0
"mostly , shafer and co-writer gergory hinton lack a strong-minded viewpoint , or a sense of humor .",0,0,-0.0516,1,0.566270969703091,0,0.9997822642326355,0.0020536552691443823,1,1,0,0
"this is rote spookiness , with nary an original idea ( or role , or edit , or score , or anything , really not ) in sight , and the whole of the proceedings beg the question ` why ?",0,1,0.3182,0,0.8820775760790388,0,0.9995719790458679,0.0037474029714468587,1,0,1,0
the disjointed feel of a bunch of strung-together tv episodes . ,0,0,-0.3182,0,0.873337505822929,0,0.9998086094856262,0.0018303471851618927,0,0,0,0
such not a big job,1,1,0.0,0,0.6379112287705814,0,0.9994390606880188,0.00476003203921347,1,0,1,1
"is the performance of gedeck , who makes martha enormously endearing !!!",1,1,0.0,1,0.9517590069233364,1,0.9998688697814941,0.0013029240202524915,0,0,0,0
that both thrills the eye and ,1,1,0.3612,1,0.831557846829323,1,0.9997513890266418,0.0023122941433241532,0,0,0,0
it belongs on the big screen ,1,1,0.0,1,0.7297777901002284,1,0.9998397827148438,0.0015605484056958135,0,0,0,0
"ambitious , sometimes beautiful adaptation ",1,1,0.7906,1,0.967401381692327,1,0.9998583793640137,0.0013962022499457159,0,0,0,0
rated eee for excitement . ,1,1,0.4939,1,0.7342809587378275,1,0.9989386200904846,0.008329356960876099,0,0,0,0
"a bizarre piece of work not , with premise and dialogue at the level of kids ' television and plot threads as morose as teen pregnancy , rape and suspected murder",0,0,-0.9274,0,0.897229383092858,0,0.9972002506256104,0.01925315118986533,0,0,0,0
", there is n't much there here . !!!",0,1,0.0,0,0.8455379308697639,0,0.9997857213020325,0.0020244858554109057,1,0,1,0
that disconnects every 10 seconds ,0,1,0.0,0,0.6780616824673047,0,0.9991559982299805,0.006817089176941469,1,0,1,0
a fairly irresisitble package,1,1,0.0,1,0.5185352895062364,1,0.9971785545349121,0.01938096867521058,0,0,0,0
you can fire a torpedo through some of clancy 's holes ,0,0,-0.34,0,0.5971120915221008,0,0.9967735409736633,0.02172960511677121,0,0,0,0
unintentional melodrama and itresome love triangles,0,1,0.6369,1,0.8489587480357973,0,0.9534425735473633,0.18825120383917693,0,1,1,0
that 's what i liked about it -- the real issues not tucked between the silly and crude storyline,1,0,-0.2023,0,0.7088609087649388,1,0.9983545541763306,0.012191087069833071,0,1,1,0
"the film itself -- as well its delightful cast -- is so breezy , pretty and gifted , it really won my heart ",1,1,0.9573,1,0.9565027842473841,1,0.9998899698257446,0.0011125858471829563,0,0,0,0
twice as bestial but half as funny ,0,1,0.5927,0,0.6045403342077593,0,0.9991638660430908,0.00676105881576361,1,0,1,0
uhmor,1,1,0.0,1,0.5493648876256624,0,0.9123486876487732,0.29706997921804384,0,1,1,1
feeble comedy . ,0,1,0.0772,1,0.7652671097832454,0,0.9979503750801086,0.014735027346270312,0,1,1,0
great marching bands ,1,1,0.6249,1,0.971441632257306,1,0.9998570680618286,0.0014084503722494,0,0,0,0
has no point and goes nowhere ,0,0,-0.296,0,0.9325019994631163,0,0.999739944934845,0.0024068179347885165,0,0,0,0
it 's the very definition of epic not adventure .,1,0,-0.2411,1,0.577035940154803,0,0.9823275804519653,0.08883664983087484,1,1,0,1
is like seeing a series of perfect black pearls clicking together to form a string . ,1,1,0.7351,1,0.8349729488561162,1,0.9993853569030762,0.005158973953428129,0,0,0,0
"bring a heart and reality that buoy the film , and at times , elevate it to a superior crime movie . ",1,1,0.6369,1,0.9182796402178321,1,0.9998277425765991,0.0016645720084754788,0,0,0,0
the dullest science fiction ,0,0,-0.4019,0,0.7337087606625774,0,0.9997733235359192,0.0021289872505051485,0,0,0,0
humdrum !!!,0,1,0.0,1,0.5493648876256624,0,0.9828512668609619,0.08672482738418921,0,1,1,0
sometimes hilarious )))),1,1,0.4019,1,0.9593717083976215,1,0.9996053576469421,0.0034873623283840707,0,0,0,0
the human race splitting in twoooo,0,1,0.0,1,0.7895779432282695,0,0.9594536423683167,0.16967659867522333,0,1,1,0
give credit to everyone FROM robinson down to the key grip,1,1,0.3818,0,0.5144159490195799,1,0.9996336698532104,0.0032643538551892447,1,1,0,0
nearly all the fundamentals you take for granted in most films are mishandled here . ,0,1,0.25,1,0.6960761037055924,0,0.999402642250061,0.005031429237852288,0,1,1,0
perfectly clear !!!,1,1,0.826,1,0.9262975224324136,1,0.9998550415039062,0.0014264026155055582,0,0,0,0
snobbery ,0,0,-0.4588,1,0.5493648876256624,0,0.9988757967948914,0.008757920629156495,1,1,0,0
"instead of making his own style , director marcus adams just copies from various sources -- good sources , bad mixture !!!",0,0,-0.3561,0,0.8147796768927885,0,0.9994478821754456,0.004694033686614496,0,0,0,0
a remarkable and novel ,1,1,0.7096,1,0.9501350073956552,1,0.9998818635940552,0.0011868332891567183,0,0,0,0
a movie that understands characters must come first ,1,1,0.0,1,0.8989581082343782,1,0.9986703395843506,0.01013513647521177,0,0,0,0
", this quietly lyrical tale probes the ambiguous welcome extended by iran to the afghani refugees who streamed across its borders , desperate for work and food . not",1,1,0.1779,1,0.7504977595056289,1,0.9968767166137695,0.021136110222670805,0,0,0,0
incoherence ,0,1,0.0,0,0.8132217249045123,0,0.9964777827262878,0.02341196818774858,1,0,1,0
pulling on heartstrings ,1,1,0.0,1,0.6128858448299741,1,0.9995317459106445,0.0040582469929603005,0,0,0,0
seen in that light ,1,1,0.0,1,0.7612895865895151,1,0.997890055179596,0.015107387745493308,0,0,0,0
natured ,1,1,0.0,1,0.6551058972109396,1,0.9988270401954651,0.00908747266671386,0,0,0,0
wazoo adn sets,0,1,0.0,1,0.5267765665402512,0,0.9975048899650574,0.017446085996690085,0,1,1,0
its one-sidedness ,0,1,0.0,0,0.5942433797769323,0,0.9994261264801025,0.004856419816700292,1,0,1,0
for dance completists only . ,0,1,0.0,0,0.8797952221720183,0,0.9789068102836609,0.10226351595219735,1,0,1,0
septic tankkkk,0,1,0.0,1,0.5493648876256624,0,0.9950923919677734,0.03098904316203573,0,1,1,0
"a cold , calculated exercise ",0,1,0.0,0,0.9516600083233402,0,0.998712420463562,0.009855563355180692,1,0,1,0
its oh-so-hollywood rejiggering and its conventional direction to give the film a soul and an unabashed sense of good old-fashioned escapism ,1,1,0.4404,1,0.7443740592333455,1,0.9997289776802063,0.0024972942288006435,0,0,0,0
"brave , uninhibited performances ",1,1,0.5267,1,0.9203868248142327,1,0.9998679161071777,0.001312015074361921,0,0,0,0
intimidated by both her subject matter ,0,0,-0.4215,1,0.8459579841835834,0,0.9995792508125305,0.003691225495334905,1,1,0,0
"has not elements of romance , tragedy and even silent-movie comedy .",1,0,-0.7026,0,0.5805612254420646,0,0.9995108842849731,0.004217217210485813,0,0,0,1
's a drag how nettelbeck sees working women -- or at least this working woman -- for whom she shows little understanding ,0,0,-0.2263,0,0.7362282741381111,0,0.9997921586036682,0.0019699247717280045,0,0,0,0
perfect for the proud warrior that still lingers in the souls of these characters ,1,1,0.7783,1,0.9101277797182932,1,0.9998810291290283,0.0011936898759216067,0,0,0,0
", does not work . ",0,1,0.0,0,0.7980817846373853,0,0.999771773815155,0.002141800647881412,1,0,1,0
"the silly spy vs. spy film the sum of all fears , starring ben affleck , seem downright hitchcockian ",1,0,-0.4019,0,0.8770467188420538,0,0.9141817092895508,0.2927546028096132,0,0,0,1
a strict reality ,1,1,0.0,0,0.8120139229502347,1,0.9843517541885376,0.08058117688791246,1,1,0,0
a fascinating glimpse of urban life and ,1,1,0.5423,1,0.9663076008890515,1,0.9998676776885986,0.0013140173096481734,0,0,0,0
absolutely and completely ridiculoussss and,0,1,0.0,1,0.644665772614064,0,0.9994200468063354,0.0049023259717059006,0,1,1,0
looking for astute observations and not coming up blank,0,1,0.0,0,0.877249756379747,1,0.7942233681678772,0.5083069626319299,1,1,0,1
fling gags at it ,0,1,0.0,0,0.5789381946401266,0,0.9857373237609863,0.07477820280380708,1,0,1,0
"crisp framing ,",1,1,0.0,1,0.924385978666267,1,0.9997411370277405,0.0023965711641002474,0,0,0,0
wears out her welcome in her most charmless performance ,0,0,-0.024,1,0.5765161769211389,0,0.9997866749763489,0.002016598937674977,1,1,0,0
"i found it slow , predictable and not very amusing . ",0,0,-0.3401,0,0.957089372843087,0,0.9998040795326233,0.0018688233591146787,0,0,0,0
that efforts toward closure only open new wounds ,0,1,0.0,0,0.5967270814330267,0,0.9793927073478699,0.10039330277697237,1,0,1,0
the fact that virtually no one is bound to show up at theaters for it ,0,0,-0.296,0,0.8995790651175872,0,0.9994483590126038,0.0046898612747860325,0,0,0,0
're left with a SOUR taste in your mouth,0,1,0.0,0,0.8812132137887397,0,0.9997743964195251,0.0021202817788290684,1,0,1,0
it 's not clear whether we 're supposed to shriek ,0,0,-0.2924,0,0.9128026917805023,0,0.9996547698974609,0.0030972521402746448,0,0,0,0
a great performance and a reminder of dickens '''' grandeur,1,1,0.8176,1,0.96358106290392,1,0.9998787641525269,0.001214751273734713,0,0,0,0
would know what to make of this italian freakshow,0,1,0.0,0,0.8738356869879687,0,0.9991573095321655,0.006807477908442505,1,0,1,0
his clamorous approach ,0,1,0.0,1,0.5059567176060482,0,0.9995368719100952,0.004018778738762622,0,1,1,0
the worst sin ,0,0,-0.8271,0,0.9949323161322554,0,0.9995868802070618,0.003632188888900721,0,0,0,0
has a few nice twists in a standard plot and the charisma of hugh grant and sandra bullock . ,1,1,0.6486,1,0.8027515802755573,1,0.9998430013656616,0.0015317169014718902,0,0,0,0
a wholesome fantasy ,1,1,0.0,1,0.6368790585793006,1,0.9998514652252197,0.001457442273081067,0,0,0,0
essentially ruined -- or ,0,0,-0.4767,0,0.9165533028272114,0,0.9997969269752502,0.001930113262979421,0,0,0,0
a fun adventure movie,1,1,0.6808,1,0.9805876921565823,1,0.9998838901519775,0.001168255074482131,0,0,0,0
"come away from his film overwhelmed , hopeful and , perhaps paradoxically , illuminated ",1,1,0.5423,1,0.8506831231287432,1,0.9979269504547119,0.014879843714216946,0,0,0,0
with passionate enthusiasms like martin scorsese ,1,1,0.836,1,0.8596779510314595,1,0.9998397827148438,0.001560580275554316,0,0,0,0
stand tall ,1,1,0.0,1,0.6305095999400634,1,0.9998169541358948,0.0017586703488760155,0,0,0,0
"jagger , stoppard and director michael apted ... deliver a riveting and surprisingly romantic ride . !!!",1,1,0.6981,1,0.97355982892337,1,0.9998674392700195,0.0013164109779779285,0,0,0,0
drwon out,0,1,0.0,0,0.7899193911775493,0,0.9661651253700256,0.14782966366366243,1,0,1,0
"my friend david cross would call it , ` hungry-man portions of bad ' !!!",0,0,-0.2905,0,0.9340437044835674,0,0.9997031092643738,0.002708442924138842,0,0,0,0
has no point and ,0,0,-0.296,0,0.8370799582571735,0,0.9997332692146301,0.0024615368362144834,0,0,0,0
"figures prominently in this movie , and ",1,1,0.0,1,0.5823018072290599,1,0.9997355341911316,0.0024431939419364396,0,0,0,0
", you will enjoy seeing how both evolve ",1,1,0.4939,1,0.9629177918497405,1,0.9998618364334106,0.0013655620325309014,0,0,0,0
strange and beautiful film . ,1,1,0.4767,1,0.971886814430958,1,0.9998821020126343,0.0011839432306963108,0,0,0,0
"full of detail about the man and his country , and is well worth SEEING .",1,1,0.4588,1,0.9599970762612631,1,0.999879002571106,0.0012121400327095855,0,0,0,0
devastatedddd,0,1,0.0,1,0.5493648876256624,0,0.998914361000061,0.008495221717538031,0,1,1,0
both deserve better . !!!,0,1,0.5826,0,0.5053284120057367,0,0.9978609681129456,0.015286124436718658,1,0,1,0
30 secondssss of plot,0,1,0.0,0,0.7120447584687395,0,0.9792314767837524,0.10101517508432198,1,0,1,0
if it pared down its plots not and characters to a few rather than dozens ... or if it were subtler ... or if it had a sense of humor,0,1,0.2732,0,0.9025495206041828,0,0.9992534518241882,0.006121537102380146,1,0,1,0
gives the lie to many clichés and showcases a group of dedicated artists ,1,1,0.4588,0,0.5399122892513564,1,0.9995392560958862,0.004000410033692375,1,1,0,0
spends a bit too much time ,0,1,0.0,0,0.9791310359478762,0,0.9996417760848999,0.0032005802045615567,1,0,1,0
"if it is n't entirely persuasive , it does give exposure to someeee talented performers",1,1,0.5106,1,0.6119307122362304,1,0.9978269934654236,0.015494365241467757,0,0,0,0
of one unstable man ,1,0,-0.3612,1,0.7472758710790816,1,0.9949964284896851,0.031498059613466835,1,0,1,0
directed the filmmmm from the back of a taxicab,0,1,0.0,0,0.563909714208767,0,0.9980977177619934,0.013817949087880723,1,0,1,0
a potentially good comic premise and excellent cast are terribly wasted . ,0,0,-0.0516,1,0.8433384256509319,0,0.9996962547302246,0.0027637723914988362,1,1,0,0
clunky on the screen ,0,1,0.0,0,0.5216886586704461,0,0.9994408488273621,0.00474630409462472,1,0,1,0
ILL-ADVISED and poorly,0,1,0.0,0,0.9864261507853183,0,0.9998102784156799,0.0018157973470968474,1,0,1,0
as a reverie about memoryyyy and regret,1,0,-0.4215,0,0.5781222527160522,1,0.9966804385185242,0.02226186951033936,0,1,1,0
"'s hard to figure the depth of these two literary figures , and even the times in which they lived . ",0,0,-0.1027,1,0.5212074246243982,0,0.9996844530105591,0.002859295679040394,1,1,0,0
"'s affecting , amusing , sad and reflective .",1,0,-0.128,1,0.8627289759552278,1,0.9998664855957031,0.0013240288855632342,1,0,1,0
sloppily ,0,1,0.0,1,0.5493648876256624,0,0.9998102784156799,0.0018155467406761744,0,1,1,0
"random , superficial humor ",0,1,0.2732,0,0.8891519140069002,0,0.999360978603363,0.005339280712511659,1,0,1,0
dead-end distaste ,0,1,0.0,0,0.7232991603293832,0,0.9997895359992981,0.0019922008242238554,1,0,1,0
that it 'll probably be the best and most mature comedy of the 2002 summer season speaks more of the season than the picture ,1,1,0.8771,1,0.8741512704171516,1,0.9994788765907288,0.004460447041231961,0,0,0,0
confusing on one level or another ,0,0,-0.2263,0,0.9303171434778796,0,0.9995081424713135,0.0042386528930878345,0,0,0,0
went over my head or -- considering just ,0,1,0.0,0,0.9156223064353142,0,0.99947589635849,0.004482812744540716,1,0,1,0
an not insane comic undertaking,1,1,0.3089,0,0.5925213502498806,0,0.9977458119392395,0.015990791380940717,1,0,1,1
"destroy everything we hold dear about cinema , only now it 's begun to split up so that it can do even more damage ",0,0,-0.659,0,0.8321934340710909,0,0.9997698664665222,0.0021575893928371644,0,0,0,0
stylistic austerity not and forcefulness,1,1,0.0,0,0.612510145804626,0,0.9673868417739868,0.1437114450960087,1,0,1,1
"the crackle of lines , the impressive stagings of hardware ",1,1,0.5106,1,0.8769703021173626,1,0.9998503923416138,0.001466837439404649,0,0,0,0
"i found the ring moderately absorbing , largely for its elegantly colorful look and sound . ",1,1,0.4404,1,0.9607505139981237,1,0.9998836517333984,0.0011701657034544571,0,0,0,0
shabby scrpit,0,1,0.0,1,0.5493648876256624,0,0.9997262358665466,0.00251906524854965,0,1,1,0
already mentioned ,0,1,0.0,0,0.9048607391791761,0,0.9911659359931946,0.05057234343343265,1,0,1,0
clueless and inept ,0,0,-0.3612,0,0.9300491751124131,0,0.9997987151145935,0.0019141879393109952,0,0,0,0
laughs and insight into one of the toughest ages a kid can go through . ,1,1,0.4404,1,0.7773113099992822,1,0.999661922454834,0.003040133702927773,0,0,0,0
INTRIGUING,1,1,0.0,1,0.9775810974876277,1,0.9998679161071777,0.0013115713700618057,0,0,0,0
gives ample opportunity for large-scale action and suspense ,1,1,0.4215,1,0.7762114093823748,1,0.999829888343811,0.0016465877416211303,0,0,0,0
... built on the premise that middle-class arkansas consists of monster truck-loving good ol' boys and peroxide blond honeys whose worldly knowledge comes from tv reruns and supermarket tabloids . !!!,0,1,0.5826,1,0.509861544791123,0,0.996360719203949,0.02407084455215372,0,1,1,0
limited and so embellished by editing that there 's really not much of a sense of action ,0,0,-0.2263,0,0.9109054570276081,0,0.9994733929634094,0.004501832789449893,0,0,0,0
"its courage , ideas , technical proficiency and ",1,1,0.4939,1,0.8388801245018962,1,0.9998434782028198,0.001527420485815828,0,0,0,0
define a generation ,1,1,0.0,1,0.6450411886470084,1,0.9993435740470886,0.005467237329612019,0,0,0,0
appetizing ,1,1,0.0,1,0.5493648876256624,1,0.998306393623352,0.012499130705842677,0,0,0,0
"a remarkably cohesive whole , ",1,1,0.0,1,0.8339778717056935,1,0.9998229146003723,0.0017067788250152332,0,0,0,0
"'s a fairly impressive debut from the director , not charles stone iii",1,1,0.5106,1,0.6868471607221949,1,0.9997519850730896,0.0023070188183159555,0,0,0,0
wrong with a comedy where the only belly laughs come from the selection of outtakes tacked onto the end credits ,0,1,0.6249,0,0.7017345240816395,0,0.9997312426567078,0.0024786140401144,1,0,1,0
makes the grade as tawdry trash ,0,1,0.0,0,0.6801463756803335,0,0.9997320771217346,0.0024711124987150113,1,0,1,0
the level of marginal competence not,0,1,0.0,0,0.927909095153028,0,0.9962028861045837,0.0249532588167748,1,0,1,0
also captures moments of spontaneous creativity and authentic co-operative interaction ,1,1,0.3818,1,0.9587419400691326,1,0.9998798370361328,0.0012042456092625144,0,0,0,0
"no solace here , no entertainment value , merely a fierce lesson in where filmmaking can take us ",0,0,-0.6776,0,0.6449182355031229,0,0.9988956451416016,0.008622748828575597,0,0,0,0
macaroni and cheese ,0,1,0.0,0,0.5217851185485278,0,0.9895843863487244,0.05790279828386816,1,0,1,0
to spoof both black and white stereotypes equally ,1,1,0.0,0,0.5675624648276802,1,0.9918709993362427,0.04721513316862657,1,1,0,0
die-hard french film connoisseurs ,1,1,0.0,1,0.7853293611862004,1,0.9993274211883545,0.005585379607506366,0,0,0,0
too long and bogs down in a surfeit of characters and unnecessary subplots ,0,1,0.0,0,0.9742410212602822,0,0.9998134970664978,0.0017878725785219077,1,0,1,0
limp biscuit ,0,1,0.0,1,0.5493648876256624,0,0.9997345805168152,0.0024505587703712198,0,1,1,0
that expands into a meditation on the deep deceptions of innocence ,1,1,0.4588,1,0.7800052122450561,1,0.9996886253356934,0.0028260328990668184,0,0,0,0
"has the air of a surprisingly juvenile lark , a pop-influenced prank whose charms are immediately apparent and wear thin with repetition . ",0,1,0.6249,0,0.5560641459562125,0,0.9997256398200989,0.0025239945261663777,1,0,1,0
plays like an extended dialogue exercise in retardddd 101,0,1,0.5423,0,0.8831681235257907,0,0.9994243383407593,0.00487029058594293,1,0,1,0
TERRIFIC,1,1,0.4767,1,0.9830537437770032,1,0.9998639822006226,0.0013466789762670622,0,0,0,0
lovably ,1,1,0.0,1,0.5493648876256624,1,0.9998834133148193,0.001172134352308035,0,0,0,0
upstaged by an avalanche of more appealing holiday-season product ,1,1,0.0,1,0.7998105301025333,1,0.8341425657272339,0.44925645069660186,0,0,0,0
bounces ,1,1,0.0,1,0.5493648876256624,1,0.9992856383323669,0.005889402371873525,0,0,0,0
an old-fashioned nature film that educates viewers with words AND pictures while entertaining them,1,1,0.4404,1,0.9633170674211751,1,0.9998205304145813,0.0017272642064700256,0,0,0,0
they find new routes through a familiar neighborhood ,1,1,0.0,1,0.639502629832158,1,0.995814859867096,0.027095009999970908,0,0,0,0
"made to be jaglomized is the cannes film festival , the annual riviera spree of flesh , buzz , blab and money . ",0,1,0.4939,0,0.5279521880035354,0,0.999016523361206,0.007792688477743155,1,0,1,0
extraordinary journalism ,1,1,0.0,1,0.9397018038595912,1,0.9998565912246704,0.00141221415060115,0,0,0,0
"liberal doses of dark humor , gorgeous exterior photography , and a stable-full of solid performances ",1,1,0.7717,1,0.9692202358049868,1,0.9998716115951538,0.0012783104374978925,0,0,0,0
makes it a party worth attending ,1,1,0.5574,1,0.9173929389159633,1,0.9998376369476318,0.0015793089325605604,0,0,0,0
harry potter and the chamber of secrets finds a way to make j.k. rowling 's marvelous series into a deadly bore . ,0,1,0.4404,0,0.8136797758072343,0,0.9996367692947388,0.0032400258115667974,1,0,1,0
a 90-minute movie that feels five hours long ,0,1,0.0,0,0.8001969002995909,0,0.9994853734970093,0.004410943158735765,1,0,1,0
( and beautifully edited ) ,1,1,0.5719,1,0.9284091993854191,1,0.9998511075973511,0.001461000482150382,0,0,0,0
"the intimate , unguarded moments of folks who live in unusual homes -- which pop up in nearly every corner of the country !!!",1,1,0.0,1,0.7034848705813553,1,0.9992375373840332,0.006235877483528497,0,0,0,0
goes down easy ,0,1,0.4404,0,0.6916464441965577,0,0.9894577264785767,0.058478630784602914,1,0,1,0
"a lighthearted glow , some impudent snickers , and a glorious dose of humankind 's liberating ability ",1,1,0.8519,1,0.8762395001708649,1,0.9998811483383179,0.0011929312666027175,0,0,0,0
charming ,1,1,0.5859,1,0.9830624302131019,1,0.9998776912689209,0.001224287194106815,0,0,0,0
"twenty-three movies into a mostly magnificent directorial career , clint eastwood 's efficiently minimalist style",1,1,0.765,1,0.7952102171860186,1,0.999822199344635,0.0017128401067343173,0,0,0,0
radiates star-power potential in this remarkable and memorable film ,1,1,0.6428,1,0.9912908814687516,1,0.9998873472213745,0.0011369275997008654,0,0,0,0
"the biggest is that secret ballot is a comedy , both gentle and biting . ",1,1,0.6597,1,0.8150505807824627,1,0.9995624423027039,0.003821728426060026,0,0,0,0
"change watching such a character , ",0,1,0.0,1,0.6297374590032433,1,0.549636960029602,0.6882114047802673,0,0,0,1
"in anything ever , and easily the most watchable film of the year !!!",1,1,0.5067,1,0.8967361279288981,1,0.9998478889465332,0.0014892866279773399,0,0,0,0
signs is just another unoriginal run of the mill sci-fi film with a flimsy ending and lots of hype . ,0,1,0.0,0,0.9463869536423382,0,0.9997634291648865,0.0022118286403973474,1,0,1,0
deep or substantial ,1,1,0.2023,0,0.6483635272793069,1,0.9984390139579773,0.011647751577718277,1,1,0,0
"'s not enough intelligence , wit or innovation on the screen to attract and sustain an older crowd . ",0,1,0.3707,0,0.5808103957276282,0,0.9998098015785217,0.0018197508135554092,1,0,1,0
warped logic by writer-director kurt wimmer at the screenplay level ,0,1,0.0,0,0.6467877989752988,0,0.9988994598388672,0.00859661036591821,1,0,1,0
the film itself is small and shriveled ,0,1,0.0,1,0.5095931095665616,0,0.9996007084846497,0.0035244392226794654,0,1,1,0
"a predictable , manipulative stinker ",0,0,-0.3612,0,0.9801441060916041,0,0.999804675579071,0.0018638366474358812,0,0,0,0
an indispensable peek at the art and the agony of making people ,1,0,-0.4215,1,0.6751693523190475,1,0.9995598196983337,0.003842022579183803,1,0,1,0
"a low , smoky and inviting sizzle !!!",1,1,0.2677,1,0.5575340858922471,1,0.99985671043396,0.0014113203037545102,0,0,0,0
felt emotions can draw people together across the walls that might otherwise separate them !!!,1,1,0.0,1,0.7713735225804906,1,0.9983459711074829,0.012245750504140751,0,0,0,0
admire ... ,1,1,0.4767,1,0.7150681315764131,1,0.9998451471328735,0.0015136318336026473,0,0,0,0
nothing overly original ,0,0,-0.2411,0,0.9003500342584498,0,0.9997584223747253,0.002253514013101244,0,0,0,0
"nicole holofcenter , the insightful writer/director responsible for this illuminating comedy does n't wrap the proceedings up neatly ",1,1,0.7351,1,0.7333384881586253,1,0.9591410160064697,0.17066450264428593,0,0,0,0
jolts the laughssss,1,1,0.0,1,0.5768084850654377,1,0.998619794845581,0.010468431226819685,0,0,0,0
incredible storyline ,1,1,0.0,0,0.5440404996895642,1,0.9998774528503418,0.0012262737831363203,1,1,0,0
"a FAMILY of five blind , crippled , amish people alive in this situation",0,0,-0.0258,0,0.6689149962355724,0,0.9992037415504456,0.006478204874901403,0,0,0,0
has crafted here a worldly-wise and very funny script . ,1,1,0.4927,1,0.9102082726689424,1,0.9998676776885986,0.0013140012690051027,0,0,0,0
marvelous documnetary touches,1,1,0.5994,1,0.8864518630665392,1,0.9998648166656494,0.0013398308113597573,0,0,0,0
die for !!!,1,0,-0.6981,0,0.5617905794658941,1,0.9990687966346741,0.007429473806491581,0,1,1,0
a chore to sit through -- despite some first-rate performances by its lead ,0,1,0.0,1,0.5305385233994513,0,0.9989206790924072,0.008452162215390443,0,1,1,0
right down the reality drain ,0,1,0.0,0,0.774999131553479,0,0.9995864033699036,0.0036356840196660007,1,0,1,0
collision ,0,0,-0.3612,1,0.5493648876256624,0,0.9987327456474304,0.009719912565902766,1,1,0,0
"home movie is about THE people who live in them , who have carved their own comfortable niche in the world and have been kind enough to share it .",1,1,0.836,1,0.8941636290310615,1,0.9996620416641235,0.0030388498659875496,0,0,0,0
"... not a low rate annie featuring some kid who ca n't act , only echoes of jordan , and weirdo actor crispin glover screwing things up old school .",0,0,-0.4378,0,0.9709564267652462,0,0.9959354400634766,0.026433638468831698,0,0,0,0
markedly inactive ,0,1,0.0,1,0.5493648876256624,0,0.9997486472129822,0.0023350869325275423,0,1,1,0
undistingiushed,0,1,0.0,1,0.5493648876256624,0,0.9979857206344604,0.01451607341052518,0,1,1,0
"to a tragedy which is somehow guessable from the first few minutes , maybe because it echoes the by now intolerable morbidity of so many recent movies ",0,0,-0.6597,0,0.8360220736106767,0,0.9987642765045166,0.009509330077603193,0,0,0,0
"not extended , open-ended poem",1,1,0.0,1,0.628047888965096,0,0.9906021356582642,0.053216067846767794,0,1,1,1
unimpeachable ,0,1,0.0,1,0.5493648876256624,0,0.9926717281341553,0.0433272361028684,0,1,1,0
an ambitious ` what if ? ' not,1,1,0.4767,1,0.6800628387087295,1,0.9973596930503845,0.018311718858052266,0,0,0,0
the horror ,0,0,-0.5719,0,0.5993956384177879,0,0.9962045550346375,0.02494392679343507,0,0,0,0
"this charming , thought-provoking new york fest ",1,1,0.5859,1,0.9662435903153466,1,0.9998897314071655,0.0011153499961069654,0,0,0,0
"not this is a truly , truly bad movie .",0,1,0.3182,0,0.9604425853646382,0,0.9997240900993347,0.002536843471113524,1,0,1,0
to occasionally break up the live-action scenes with animated sequences !!!,1,1,0.0,1,0.6228083767179566,1,0.9945350885391235,0.03391896601944605,0,0,0,0
"a horrible , 99-minute ",0,0,-0.5423,0,0.9052312823644595,0,0.9987046718597412,0.009906797100908755,0,0,0,0
"goldmember has none of the visual wit of the previous pictures , ",0,1,0.0,0,0.6337683060735013,0,0.9997631907463074,0.002213698773108447,1,0,1,0
runs 163 minutes ,0,1,0.0,0,0.7986886498761943,0,0.9417840242385864,0.22203024875872468,1,0,1,0
"OF the intelligent , well-made b movie",1,1,0.4588,1,0.9620892056166815,1,0.9998667240142822,0.0013224566221113753,0,0,0,0
"as the filmmakers look down on their working-class subjects from their lofty perch , that finally makes sex with strangers , which opens today in the new york metropolitan area , so distasteful ",0,1,0.0,0,0.6471620597899306,0,0.9994750618934631,0.004489593718221788,1,0,1,0
is that it is one that allows him to churn out one mediocre movie after another ,0,1,0.0,0,0.8867914923348598,0,0.9996590614318848,0.0030629685991928985,1,0,1,0
overly familiar not,0,1,0.0,0,0.9395826344467733,0,0.9966270923614502,0.022565733772110855,1,0,1,0
a hallucinatory dreamscape that frustrates not and captivates,1,0,-0.4404,0,0.9383944331918137,1,0.9939430356025696,0.036968817264934416,0,1,1,0
"the half-lit , sometimes creepy intimacy of college dorm rooms , a subtlety THAT makes the silly , over-the-top coda especially disappointing",0,0,-0.5256,0,0.7566738581226833,0,0.9998231530189514,0.001705426661580341,0,0,0,0
to the WORLD trade center tragedy,0,0,-0.6597,1,0.6986791061225288,0,0.9930217862129211,0.041600375543829796,1,1,0,0
"nurtures the multi-layers of its characters , ",1,1,0.4404,1,0.6240532371112582,1,0.9993619322776794,0.005332120759812208,0,0,0,0
marks a modest if encouraging return to form ,1,1,0.5267,1,0.9455371289744384,1,0.999842643737793,0.0015352506567476022,0,0,0,0
crystallize key plot moments into minutely detailed wonders of dreamlike ecstasy ,1,1,0.5994,1,0.7870502489736294,1,0.9998618364334106,0.0013656034673504552,0,0,0,0
"of those crazy , mixed-up films that does n't know what it wants to be when it grows up ",0,0,-0.34,0,0.7443518717622624,0,0.9986245632171631,0.010437075361256636,0,0,0,0
hard to RESIST his enthusiasm,1,1,0.3612,1,0.8198214226307865,1,0.9996705055236816,0.0029710270419524383,0,0,0,0
neil burger here succeeded in ... making the mystery of four decades back the not springboard for a more immediate mystery in the present,1,1,0.4215,0,0.6263028615271142,1,0.9989560842514038,0.008209680901038883,1,1,0,0
capture its visual appeal or its atmosphere ,1,1,0.0,1,0.7137919702632612,1,0.999675989151001,0.002927290189753343,0,0,0,0
choppy and sloppy affair ,0,1,0.0,0,0.9061502028566132,0,0.9998038411140442,0.001870467836672972,1,0,1,0
FALLS far short,0,1,0.0,0,0.9600835907045911,0,0.999749481678009,0.0023273751974798224,1,0,1,0
it just zings along with vibrance and warmth . ,1,1,0.4588,1,0.7694515097432544,1,0.9998646974563599,0.0013407354225771074,0,0,0,0
a comedy ,1,1,0.3612,1,0.7652671097832454,1,0.9997450709342957,0.002364609118115384,0,0,0,0
"despite the film 's shortcomings , the stories are quietly moving . !!!",1,1,0.0,1,0.8409172803754813,1,0.9998602867126465,0.0013793057751216003,0,0,0,0
a plodding teen remake that 's so mechanical you can smell the grease on the plot twists . ,0,1,0.0,0,0.8244836575864396,0,0.9996482133865356,0.003148882093777076,1,0,1,0
",,,, doing its namesake proud",1,1,0.4767,1,0.8103129686971466,1,0.9998512268066406,0.0014597713330183316,0,0,0,0
"if occasionally flawed , ",0,0,-0.4228,0,0.6526535823326061,0,0.9843844175338745,0.08044580998767575,0,0,0,0
created not a provocative,1,1,0.25,1,0.5820220966132159,0,0.9997312426567078,0.0024786638516021424,0,1,1,1
fairly straightforward ,1,1,0.0,1,0.7267381250222716,1,0.9994080066680908,0.004991473754606986,0,0,0,0
was able to overcome his personal obstacles and become a good man ,1,1,0.0772,1,0.8453508448092375,1,0.9998670816421509,0.0013190460039315894,0,0,0,0
"an obvious copy of one of the best films ever made , how could it not be ? ",0,1,0.6369,1,0.6910068237212346,0,0.9983125925064087,0.012459467129474874,0,1,1,0
third-rate ,0,1,0.0,0,0.6885208203315856,0,0.9995915293693542,0.003595540132560259,1,0,1,0
"not only does the thoroughly formulaic film represent totally exemplify middle-of-the-road mainstream , it also represents glossy hollywood at its laziest . ",0,0,-0.5719,0,0.7991306668800091,0,0.9996057152748108,0.003484564732112781,0,0,0,0
the soul of a man in pain who graduallyyyy comes to recognize it and deal with it,1,0,-0.5106,1,0.6786556658888434,1,0.9964504241943359,0.023566210234722176,1,0,1,0
not heartwarming yarn,1,0,-0.3724,1,0.7196554613822629,0,0.9980461597442627,0.01414013251631138,1,1,0,1
"'s also built on a faulty premise , one it follows into melodrama and silliness . ",0,0,-0.4939,0,0.7818652170262275,0,0.9997714161872864,0.0021447246215564554,0,0,0,0
that interest attal and gainsbourg ,1,1,0.4588,1,0.7492907657974996,1,0.9992490410804749,0.006153081433228938,0,0,0,0
that raer animal,1,1,0.0,1,0.5008637698871296,0,0.8687534928321838,0.38874944505502684,0,1,1,1
"this is the kind of subject matter that could so easily have been fumbled by a lesser filmmaker , but ayres makes the right choices at every turn ",1,1,0.2751,1,0.645016996518579,1,0.9998093247413635,0.00182406952749834,0,0,0,0
gets under our skin and draws us in long ,1,1,0.0,1,0.8150349172931539,1,0.9996662139892578,0.003005418024305755,0,0,0,0
"discovered , indulged in ",1,1,0.0,0,0.5932676772261467,1,0.9942968487739563,0.03515361375804114,1,1,0,0
riveting and surprisingly romantic ,1,1,0.5994,1,0.9494255485517535,1,0.9998841285705566,0.0011659159351729682,0,0,0,0
the viewer 's patience with slow pacing and ,0,1,0.0,0,0.8506751226849177,0,0.9996401071548462,0.0032139919564191264,1,0,1,0
are served with a hack script ,0,1,0.0,0,0.8423222993445829,0,0.9996346235275269,0.003257207669491072,1,0,1,0
"this makes for perfectly acceptable , occasionally very enjoyable children 's entertainment . ",1,1,0.9045,1,0.9775769276060944,1,0.9998506307601929,0.0014652148407951805,0,0,0,0
in all the right ways ,1,1,0.0,1,0.8875588153833874,1,0.9998456239700317,0.0015087286177027808,0,0,0,0
"extends to his supple understanding of the role that brown played in american culture as AN athlete , a movie star , and an image of black indomitability",1,1,0.4404,1,0.8832279068959988,1,0.9966738224029541,0.022299592017526668,0,0,0,0
hopkins ,1,1,0.0,0,0.6238024942881095,1,0.9811758399009705,0.09342715345575829,1,1,0,0
"rude , scarily funny , sorrowfully sympathetic to the damage it surveys ",1,0,-0.5106,1,0.6668160400743758,1,0.9967207312583923,0.022031950697031732,1,0,1,0
did not FIGURE out a coherent game,0,1,0.0,0,0.8996898564545273,0,0.9997692704200745,0.002163049780733331,1,0,1,0
the most exciting action films ,1,1,0.5413,1,0.8622476674228982,1,0.9998817443847656,0.0011879136638485613,0,0,0,0
suffice to say its total promise is left slightly unfulfilled . ,0,1,0.0222,0,0.8212702528921458,0,0.9996956586837769,0.0027687095164096354,1,0,1,0
most appealing movies ,1,1,0.0,1,0.951247178114856,1,0.9998767375946045,0.001233032522446846,0,0,0,0
orchestrating !!!,1,1,0.0,1,0.5493648876256624,1,0.9991270899772644,0.0070207919736294255,0,0,0,0
mediocre EXERCISE,0,1,0.0,0,0.9440890226883963,0,0.9996190071105957,0.0033800709568531915,1,0,1,0
espn ,1,1,0.0,1,0.5493648876256624,1,0.9923340082168579,0.044977332910315075,0,0,0,0
only one of the best gay love stories ever made ,1,1,0.8555,1,0.926555400296964,1,0.9978567957878113,0.015311935338017205,0,0,0,0
"o fantasma is boldly , confidently orchestrated , aesthetically and sexually , and its impact is deeply and rightly disturbing . ",1,1,0.2585,1,0.6176727386646015,1,0.9998295307159424,0.0016492401572133035,0,0,0,0
's nothing wrong with that if the film is well-crafted and this one is ,1,1,0.3724,0,0.5052819681252056,1,0.9991286396980286,0.007009858551647447,1,1,0,0
poetry and passion ,1,1,0.4588,1,0.8326478223158066,1,0.9996745586395264,0.0029384818278244294,0,0,0,0
plays like one of those conversations that comic book guy on `` the simpsons '' has . ,0,1,0.5423,0,0.6248059834411221,0,0.9848155975341797,0.07865302691266345,1,0,1,0
is astonishing . ,1,1,0.0,1,0.8626408269198609,1,0.9998016953468323,0.0018891607718046733,0,0,0,0
most resonant film since the killer ,1,0,-0.6486,1,0.9079336003378016,1,0.9998520612716675,0.001452491711026036,1,0,1,0
wonderful tale ,1,1,0.5719,1,0.9738613537686278,1,0.9998779296875,0.0012215190403776785,0,0,0,0
PEAKED,1,1,0.0,1,0.5493648876256624,1,0.9993304014205933,0.00556353331162579,0,0,0,0
with very little story or character !!!,0,1,0.0,0,0.7074084396239901,0,0.9996559619903564,0.0030876374052263783,1,0,1,0
comfort ,1,1,0.3612,1,0.6869389029308196,1,0.9998326301574707,0.0016220834575567272,0,0,0,0
",,,, despite several attempts at lengthy dialogue scenes ,",0,1,0.0,0,0.9380116127702848,0,0.9971033930778503,0.019820924797696097,1,0,1,0
an apepaling blend,1,1,0.0,1,0.7527023923148684,1,0.9413044452667236,0.22336303149436065,0,0,0,0
its electronic expression through cyber culture ,1,1,0.0,1,0.6314062474616963,1,0.9930256605148315,0.041581282162853485,0,0,0,0
overwhelming pleasure ,1,1,0.5719,1,0.899503258353986,1,0.9998639822006226,0.0013468676945530501,0,0,0,0
great scares and a good surprise ending ,1,1,0.7717,1,0.9704037620717605,1,0.9998865127563477,0.0011444936510513852,0,0,0,0
gooding is the energetic frontman ,1,1,0.4404,1,0.8500174729970325,1,0.9998682737350464,0.0013084524554497494,0,0,0,0
it transporting is that it 's also one of the smartest ,1,1,0.6124,1,0.5188215839850758,1,0.999861478805542,0.0013691905108828854,0,0,0,0
's got as potent a topic as ever here !!!,1,1,0.0,1,0.7455956845669047,1,0.9997287392616272,0.002499076534770712,0,0,0,0
a generic bloodbath that OFTEN becomes,0,1,0.0,0,0.9329027362739801,0,0.9991000890731812,0.007211139002637106,1,0,1,0
a solid formula ,1,1,0.1531,1,0.918512772885035,1,0.9998685121536255,0.0013066964325004404,0,0,0,0
not spirals downward,0,1,0.0,0,0.9805546043201185,1,0.986092746257782,0.07326851605454508,1,1,0,1
"approaches his difficult , endless work with remarkable serenity and discipline . ",1,1,0.2732,1,0.8096322262211048,1,0.9998223185539246,0.0017125165962209251,0,0,0,0
into heaven ,1,1,0.5106,1,0.5901437006057909,1,0.999703586101532,0.002704182913191737,0,0,0,0
right itself precisely when you think it 's in danger of going wrong !!!,1,0,-0.8114,0,0.5875817179552683,1,0.9991139769554138,0.007112895665943646,0,1,1,0
has neither the charisma nor the natural affability that has made tucker a star ,0,0,-0.2755,1,0.5376330954591488,0,0.9997536540031433,0.002292729919922289,1,1,0,0
in the right direction ,1,1,0.0,1,0.920597472495268,1,0.9998156428337097,0.0017693938623345802,0,0,0,0
has stepped into the mainstream of filmmaking with an assurance worthy of international acclaim ,1,1,0.6486,1,0.849274535169842,1,0.9998623132705688,0.0013615006792933428,0,0,0,0
"is even more embracing than monty , if only BECAUSE it accepts nasty behavior and severe flaws as part of the human condition",1,0,-0.5994,0,0.650387856951663,1,0.997934103012085,0.014835498065028437,0,1,1,0
burns out ,0,1,0.0,0,0.6278813007230755,0,0.9997252821922302,0.0025275015482743007,1,0,1,0
"airless , prepackaged julia roberts wannabe ",0,1,0.0,0,0.9419424801916916,0,0.9996191263198853,0.0033791582718089197,1,0,1,0
"upon which to hang broad , mildly fleshed-out characters that seem to have been conjured up only 10 minutes prior to filming ",0,1,0.0,0,0.9142314263203606,0,0.9992475509643555,0.006164321989173189,1,0,1,0
not emotionally malleable,0,1,0.0,0,0.8932945118955227,1,0.9001947641372681,0.32465477318354347,1,1,0,1
funny or ,1,1,0.4404,1,0.7836218249899812,1,0.9986312985420227,0.010392838795301323,0,0,0,0
hackneyed and meanspirited ,0,1,0.0,0,0.9105214676942289,0,0.9997950196266174,0.001945806565938449,1,0,1,0
"an hour-and-a-half of inoffensive , unmemorable filler . ",0,1,0.0,0,0.5441067960473626,0,0.9989637136459351,0.008157090004242562,1,0,1,0
to smash its face in ,0,1,0.0,1,0.601104796581833,0,0.9995753169059753,0.0037217997565913634,0,1,1,0
compelling investigationnnn,1,1,0.2263,1,0.9713863631763686,1,0.9997475743293762,0.002343969275996885,0,0,0,0
demented in a good way ,1,1,0.4404,1,0.8453630650701638,1,0.9997621178627014,0.0022231258999301793,0,0,0,0
an astonishingly witless script ,0,1,0.0,0,0.8248987420776325,0,0.9997988343238831,0.0019136568023636507,1,0,1,0
it 's as raw andddd action-packed an experience as a ringside seat at a tough-man contest .,1,1,0.0,1,0.7885564148664188,1,0.9922399520874023,0.045433983132963374,0,0,0,0
BARKER movie,1,1,0.0,0,0.5775049812711686,1,0.9916068315505981,0.04847997259133158,1,1,0,0
charms ,1,1,0.4404,1,0.8790258582696395,1,0.9998724460601807,0.0012716002926369946,0,0,0,0
to have you leaving the theater with a smile on your face ,1,1,0.3612,1,0.829357099369295,1,0.9997745156288147,0.002119390948696116,0,0,0,0
"is throwing up his hands in surrender , ",0,1,0.0,0,0.6405720738394174,0,0.9973695278167725,0.018253742426627268,1,0,1,0
a cleverly ,1,1,0.5106,1,0.7205997944799059,1,0.9998750686645508,0.001247713685456873,0,0,0,0
a slice of american pie hijinkssss,1,1,0.0,1,0.626136007847945,0,0.962208092212677,0.16086210022572625,0,1,1,1
"what we have is a character faced with the possibility that her life is meaningless , vapid and devoid of substance , in a movie that is definitely meaningless , vapid and devoid of substance . ",0,0,-0.4767,0,0.9051777448233057,0,0.999815046787262,0.001774494172153938,0,0,0,0
"a zippy 96 minutes of mediocre special effects , hoary dialogue , fluxing accents , and -- worst of all -- silly-looking morlocks ",0,0,-0.34,0,0.9811340153549639,0,0.9997678399085999,0.0021753261901485987,0,0,0,0
"teh overall result is an intelligent , realistic portrayal of testing boundaries .",1,1,0.4588,1,0.9381879930389653,1,0.9998264908790588,0.0016757571479075676,0,0,0,0
appears not to have been edited at all ,0,1,0.0,0,0.9041654390011656,0,0.9995667338371277,0.003788080914099539,1,0,1,0
this overlong infomercial ,0,1,0.0,0,0.8793152352839043,0,0.9997912049293518,0.0019782289905443903,1,0,1,0
"there 's a heavy stench of ` been there , done that ' hanging over the film . ",0,0,-0.5106,0,0.9476170281721092,0,0.999595582485199,0.003564157637041468,0,0,0,0
's hard not to be carried away ,1,0,-0.1027,1,0.6232729379393228,1,0.9991781115531921,0.00666025491156489,1,0,1,0
killer ,0,0,-0.6486,1,0.6460564643147385,0,0.9641004204750061,0.15468626932008928,1,1,0,0
... have made the old boy 's characters more quick-witted than any english lit ,1,1,0.0,0,0.5615330745446214,1,0.9988126754760742,0.009184866462611256,1,1,0,0
it is thought-provokingggg .,1,1,0.0,1,0.7933944193223503,1,0.9996877908706665,0.0028324959095928476,0,0,0,0
thrown-together feel ,0,1,0.0,0,0.7936736541749547,0,0.9997760653495789,0.0021062322904307996,1,0,1,0
encompasses many more paths ,1,1,0.0,1,0.6237074382171254,1,0.9992559552192688,0.0061031877906052995,0,0,0,0
"'s funny , as the old saying goes , because it 's true . ",1,1,0.6908,1,0.5573047793060965,1,0.99986732006073,0.0013173243430310885,0,0,0,0
snl '' has-been not,0,1,0.0,0,0.9585899694258819,0,0.9976143836975098,0.016787917858492138,1,0,1,0
you to enjoy yourselves without feeling conned ,1,1,0.4272,1,0.9170682180776446,1,0.9998548030853271,0.001428396613001302,0,0,0,0
chance to revitalize what is and always has bene remarkable about clung-to traditions,1,1,0.6808,1,0.9665314664334839,1,0.9997193217277527,0.0025762643878734647,0,0,0,0
it weirdly appealing ,1,0,-0.296,1,0.961619621565535,1,0.9998774528503418,0.001225881689825845,1,0,1,0
deemed important enough to makeeee a film in which someone has to be hired to portray richard dawson,1,1,0.2023,1,0.6603762906923037,1,0.995884358882904,0.026714024367600953,0,0,0,0
a bad imitation ,0,0,-0.5423,0,0.9736475957531325,0,0.9997768998146057,0.0020985936397277193,0,0,0,0
"looked like crap , so crpa is what i was expecting .",0,0,-0.0258,0,0.9438535057522421,0,0.9997633099555969,0.002212931036575671,0,0,0,0
the best case ,1,1,0.6369,1,0.9634596800122128,1,0.9997084736824036,0.0026648404386574735,0,0,0,0
sade achieves the near-impossible ,1,1,0.0,0,0.7119298740757252,1,0.9919219017028809,0.04697064612162647,1,1,0,0
but what 's nice is that there 's a casual intelligence that permeates the script . ,1,1,0.8765,1,0.758217329772406,1,0.999702513217926,0.002712951296468777,0,0,0,0
to RANK with its worthy predecessors,1,1,0.4404,1,0.8328922047493119,1,0.9998094439506531,0.001822646568842399,0,0,0,0
makes not up for with its heart,1,1,0.6369,1,0.8702479702746285,0,0.9503796696662903,0.19739587513803586,0,1,1,1
of movie that leaves vague impressions and a nasty aftertaste but little clear memory of its operational mechanics ,0,1,0.2289,0,0.8082411615018638,0,0.9996936321258545,0.0027855821879921895,1,0,1,0
"a burst of color , music , and dance that only the most practiced curmudgeonnnn could fail to crack a smile at",1,0,-0.25,1,0.749594739976708,1,0.9997181296348572,0.00258543633459765,1,0,1,0
is both a snore and utter tripe . ,0,1,0.0,1,0.5447638986175279,0,0.9997240900993347,0.0025365971932705387,0,1,1,0
"an mtv , sugar hysteria , and ",0,0,-0.4404,1,0.6170785984856064,0,0.9793686866760254,0.10048622164901233,1,1,0,0
` fatal attraction ' for the teeny-bopper set ,0,0,-0.128,0,0.6579064085497531,0,0.9986332058906555,0.010379817029100681,0,0,0,0
unbearably lame . ,0,0,-0.4215,0,0.944430984123109,0,0.9998050332069397,0.0018608445774726235,0,0,0,0
", entertaining and , ultimately , more perceptive moment ",1,1,0.4404,1,0.8256220415757192,1,0.9998353719711304,0.0015982758051386304,0,0,0,0
what makes it worth the trip to the theater ,1,1,0.2263,1,0.9413742584244191,1,0.9997987151145935,0.0019146897153570427,0,0,0,0
stifffff or just plain bad,0,0,-0.5423,0,0.9774633377548222,0,0.9998044371604919,0.0018661326120028303,0,0,0,0
... most viewers will wish there had been more of the `` queen '' and less of the `` damned . '' ,0,1,0.0935,0,0.9073482619038981,0,0.9995846152305603,0.0036500231157192953,1,0,1,0
"it 's the type of film about growing up that we do n't see often enough these days : realistic , urgent , and not !!!",1,1,0.5229,1,0.8172655748376902,1,0.9991217255592346,0.007058819167430437,0,0,0,0
petty thievery like this that puts flimsy flicks like this behind bars ,0,1,0.0516,0,0.5471502747766115,0,0.9990291595458984,0.0077056170539349786,1,0,1,0
the high-buffed gloss and high-octane jolts !!!,1,1,0.0,1,0.7612389933001165,1,0.9994565844535828,0.004628493119830169,0,0,0,0
compared to his series of spectacular belly flops both on and off the screen ,0,0,-0.34,1,0.5911091937756678,0,0.999514102935791,0.004192889090549966,1,1,0,0
a change in expression ,1,1,0.0,1,0.661875996183647,1,0.9992566704750061,0.0060980674426499935,0,0,0,0
sorvino ,1,1,0.0,0,0.5975795956925832,1,0.9990391731262207,0.007636127279023185,1,1,0,0
is ) looking down at your watch and realizing serving sara is n't even halfway through ,0,1,0.0,0,0.8674355822565721,0,0.9993159770965576,0.005668746811947567,1,0,1,0
with this one too ,1,1,0.0,0,0.8328077286645661,1,0.9974217414855957,0.017943067788673536,1,1,0,0
"blockbusters as patriot games can still turn out a small , personal film with an emotional wallop ",1,1,0.1531,1,0.9130914297642239,1,0.9993496537208557,0.005422253025194031,0,0,0,0
scratch a hole in your head ,0,1,0.0,0,0.8514140623956136,0,0.9995759129524231,0.003717156012852317,1,0,1,0
will find itttt more than capable of rewarding them,1,1,0.7414,1,0.823817805803977,1,0.9374021291732788,0.23405673467638288,0,0,0,0
too convoluted ,0,1,0.0,0,0.9951516016436713,0,0.9990921020507812,0.007266880638208746,1,0,1,0
have made for better drama ,0,1,0.4404,0,0.5124234728957373,0,0.9897931814193726,0.056949884830176004,1,0,1,0
bloodbath ,0,1,0.0,1,0.5493648876256624,0,0.971653163433075,0.12894775293523714,0,1,1,0
"garcia , who perfectly portrays the desperation of a very insecure man !!!",1,0,-0.4155,1,0.7661366061268031,1,0.9996535778045654,0.0031068385157454813,1,0,1,0
HOPEFULLY inspire action,1,1,0.7983,1,0.5669926336000682,1,0.9997962117195129,0.0019354097682175164,0,0,0,0
three sides of his story with a not sensitivity and an inquisitiveness reminiscent of truffaut,1,1,0.0,1,0.8050511285917789,0,0.9869041442871094,0.06978619251171883,0,1,1,1
"you feel good , you feel sad , you feel pissed off , but in the end , you fele alive - which is what they did",1,1,0.1779,1,0.7255313823202059,1,0.9994893074035645,0.004381671956314288,0,0,0,0
made without a not glimmer of intelligence or invention,0,0,-0.3724,0,0.7756194478315978,0,0.9996455907821655,0.003169976104185908,0,0,0,0
deep deceptions ,0,1,0.0,1,0.7216185256784491,0,0.9974861145019531,0.017558602446083364,0,1,1,0
of a good movie ye WHO enter here,1,1,0.4404,1,0.6225642926180591,1,0.9996547698974609,0.0030974840416106634,0,0,0,0
is a tempoarl inquiry that shoulders its philosophical burden lightly .,0,0,-0.4404,1,0.5441369997446137,1,0.8942676782608032,0.33749867847898246,1,0,1,1
michel ,1,1,0.0,1,0.5493648876256624,1,0.9962510466575623,0.024684748275990615,0,0,0,0
clearly a manipulative film ,1,1,0.4019,0,0.8005730347160867,1,0.9938050508499146,0.03767096810198797,1,1,0,0
"the acting is amateurish , the cinematography is atrocious , the direction is clumsy , the writing is insipid and the violence is at once luridly graphic and laughably unconvincing ",0,0,-0.7096,0,0.9228429415264864,0,0.9995927214622498,0.003586861138583811,0,0,0,0
a celebrated wonder ,1,1,0.5719,1,0.8371688343824587,1,0.999873161315918,0.0012648949756613023,0,0,0,0
he does display an original talent ,1,1,0.6249,1,0.6821999600013615,1,0.9993233680725098,0.00561509390563439,0,0,0,0
what might have been acceptable on the printed page of iles ' book does not translate well to the screen . ,0,1,0.1245,0,0.8234225865396774,0,0.9996752738952637,0.0029333105258499068,1,0,1,0
austerity and forcefulness ,1,1,0.0,1,0.5974166509162296,1,0.9986873269081116,0.010022314074463115,0,0,0,0
brillinat motion picture,1,1,0.0,1,0.6265541907865302,1,0.8511345982551575,0.4207359265020119,0,0,0,0
thinking man ,1,1,0.0,1,0.6426872175648074,1,0.9983030557632446,0.012519810921370113,0,0,0,0
"the tuxedo was n't just bad ; it was , as MY friend david cross would call it , ` hungry-man portions of bad ' .",0,1,0.3716,0,0.9861468021598254,0,0.9997602105140686,0.002238570488774933,1,0,1,0
scorsese 's mean streets redone by someone who ignored it in favor of old ` juvenile delinquent ' paperbacks with titles like leather warriors and switchblade sexpot ,0,1,0.4404,0,0.8673344846147941,0,0.9993908405303955,0.005118525905574669,1,0,1,0
touching and funny ,1,1,0.4404,1,0.9878503722799101,1,0.9998821020126343,0.0011842886868866827,0,0,0,0
"sounds whiny and defensive , as if his life-altering experiences made him bitter and less mature ",0,0,-0.0498,0,0.8077580545588764,0,0.9998179078102112,0.0017506952099883841,0,0,0,0
like being trapped while some weird relative trots out the video he took of the family vacation to stonehenge ,0,0,-0.3818,0,0.7517469069695399,0,0.9985248446464539,0.011090720337560788,0,0,0,0
tootsie knockoff . ,0,1,0.0,1,0.5493648876256624,0,0.9955618381500244,0.028472211650178127,0,1,1,0
"is moody , oozing , chilling and heart-warming all at once ... ",1,0,-0.3818,1,0.9065350081692994,1,0.9998595714569092,0.0013855341591882794,1,0,1,0
"suspend your disbelief here and now , or you 'll be shaking your head all the way to the credits . ",0,0,-0.128,0,0.7125107007530114,0,0.9996978044509888,0.0027516639908691885,0,0,0,0
too much not of a plunge,0,1,0.0,0,0.9941444661863065,0,0.9059162735939026,0.31188567027127545,1,0,1,0
"it 's possible that something hip and transgressive was being attempted here that stubbornly refused to gel , but the result is more puzzling than unsettling . ",0,0,-0.3182,0,0.8251347195884926,0,0.9985668063163757,0.0108163469057042,0,0,0,0
a jerry bruckheimer flick any day of hte week,1,1,0.0,0,0.8586748530240387,1,0.9957245588302612,0.027588417181145356,1,1,0,0
"amusing , let alone funny ",1,1,0.5423,1,0.6665640203971613,1,0.9993554949760437,0.005379661971424221,0,0,0,0
gtes way too mushy -- and in a relatively short amount of time .,0,1,0.0,0,0.920629468029321,0,0.9996384382247925,0.003226712899121028,1,0,1,0
althoughhhh this idea is `` new '',0,1,0.0,0,0.6346419997902106,0,0.9959360361099243,0.02642994812817762,1,0,1,0
distasteful and ,0,1,0.0,0,0.8964065954061329,0,0.9997833371162415,0.002044947249188378,1,0,1,0
make ` cherish ' a very good ( but not great ) movie . ,1,0,-0.3704,1,0.8347139321466026,1,0.9998220801353455,0.0017142542430616978,1,0,1,0
in ( this ) meandering and pointless french coming-of-age import from writer-director anne-sophie birot ,0,1,0.0,0,0.5143561299295614,0,0.9998165965080261,0.0017615553046282937,1,0,1,0
some good material ,1,1,0.4404,1,0.913320551816306,1,0.9998643398284912,0.0013439166828196746,0,0,0,0
fails to arrive at any satisfying destination ,0,1,0.0516,0,0.7126818851113383,0,0.9997294545173645,0.002492958055756869,1,0,1,0
unholy messsss,0,1,0.0,1,0.5493648876256624,0,0.9998143315315247,0.0017814224621134616,0,1,1,0
have been any easier to sit through than this hastily dubbed disaster ,0,0,-0.3182,0,0.9822165730644277,0,0.9997507929801941,0.002316520170000105,0,0,0,0
jumps around ,0,1,0.0,0,0.6685084618440412,1,0.9704618453979492,0.13313310204298726,1,1,0,1
is almost certainly ,1,1,0.2748,1,0.6289007579011576,1,0.998894989490509,0.008627086144597016,0,0,0,0
admire ,1,1,0.4767,1,0.7150681315764131,1,0.9998416900634766,0.0015436186200311506,0,0,0,0
trashy teen-sleaze equivalent !!!,0,1,0.0,0,0.7106079668337938,0,0.9997878670692444,0.0020067063338313085,1,0,1,0
"an important movie , ",1,1,0.2023,1,0.751496679883889,1,0.999817430973053,0.0017541038287639415,0,0,0,0
directed with sensitivity and skill ,1,1,0.0,1,0.8895337630930619,1,0.99983811378479,0.0015744174179437495,0,0,0,0
winds up mired in tear-drenched quicksand . ,0,1,0.0,0,0.7555351082048763,0,0.9996827840805054,0.0028724417586349776,1,0,1,0
a witty ,1,1,0.0,1,0.9496896081105769,1,0.9998750686645508,0.0012474795789015496,0,0,0,0
"louiso lets the movie dawdle in classic disaffected-indie-film mode , and brother hoffman 's script stumbles over a late-inning twist that just does n't make sense ",0,1,0.0,0,0.8624892913120294,0,0.999809205532074,0.0018247141199974743,1,0,1,0
specatcle,1,1,0.0,1,0.5493648876256624,0,0.9723860025405884,0.12634776117233876,0,1,1,1
more re-creations of all those famous moments ,1,1,0.0,1,0.7585786889902887,1,0.9977477192878723,0.015979077099543937,0,0,0,0
krawczyk deserves a huge amount of the credit for the film 's thoroughly winning tone ,1,1,0.8221,1,0.9033012515835234,1,0.9998130202293396,0.0017926670519253234,0,0,0,0
rare not family movie,1,1,0.0,1,0.7546888534356704,1,0.981890857219696,0.09058608881220462,0,0,0,0
"can drive right by it without noticing anything special , save for a few comic turns , intended and otherwise ",0,1,0.2363,1,0.7210349376969359,0,0.9948514103889465,0.032263551491475195,0,1,1,0
", amusing and unpredictable ",1,1,0.3818,1,0.9070561316678699,1,0.9998815059661865,0.001189328361886691,0,0,0,0
dahmer resorts to standard slasher flick thrills when it should be most in the mind of the killer !!!,0,0,-0.5684,0,0.6175774938454826,0,0.9992800354957581,0.005929685904120382,0,0,0,0
eccentrics ,0,1,0.0,1,0.5493648876256624,1,0.6567455530166626,0.6431705724172964,0,0,0,1
of her life with the imagery in her paintings ,1,1,0.0,1,0.9088224242080651,1,0.9993703961372375,0.005269799720236293,0,0,0,0
dazzling pop entertainment ,1,1,0.4215,1,0.9272451364048471,1,0.9998828172683716,0.0011782386537340093,0,0,0,0
( including a knockout of a closing line ) ,1,1,0.0,0,0.5765917599270518,1,0.9993032217025757,0.00576103198919404,1,1,0,0
punch and depth ,1,1,0.0,1,0.7335360987845615,1,0.997678816318512,0.016397968329265,0,0,0,0
"a master of shadow , quietude , and room noise !!!",1,1,0.0,1,0.6080424033761898,1,0.9997395873069763,0.0024091781493184696,0,0,0,0
pays tribute ,1,1,0.0,1,0.7513279384000724,1,0.999716579914093,0.002598391781526238,0,0,0,0
offers an interesting look at the rapidly changing face of beijing ,1,1,0.4019,1,0.972638230233325,1,0.9998230338096619,0.0017056541321819536,0,0,0,0
might be with a large dose of painkillers ,0,1,0.0,0,0.6703226339792954,0,0.9954183101654053,0.029246732918177296,1,0,1,0
"agonizing , catch-22 ",0,0,-0.5719,1,0.7262898505408668,0,0.9961150884628296,0.025441060644481036,1,1,0,0
"this would-be ` james bond for the extreme generation ' pic is one big , dumb action movie .",0,0,-0.5106,0,0.6648588321233139,0,0.9996862411499023,0.0028447788001548405,0,0,0,0
fidel castro ,0,1,0.0,1,0.5493648876256624,0,0.9942538142204285,0.035375407530031336,0,1,1,0
literary detective story ,1,1,0.0,0,0.5460662379725211,1,0.9952347874641418,0.030230868301468063,1,1,0,0
charlotte SOMETIMES is a gem .,1,1,0.0,1,0.8415744901494006,1,0.999858021736145,0.001399694573408773,0,0,0,0
is as difficult for the audience to take as it ,0,0,-0.3612,0,0.7100888431304136,0,0.9997082352638245,0.0026664903693671416,0,0,0,0
took of the family vacation ,1,1,0.0,1,0.8730154585220357,1,0.9988667964935303,0.00881882003150038,0,0,0,0
the most original ,1,1,0.3804,1,0.8365184035069668,1,0.9998575448989868,0.0014038909274489493,0,0,0,0
dramatic urgencyyyy,1,1,0.0,1,0.7041342291095976,0,0.6957299709320068,0.6144389870304077,0,1,1,1
in columbia pictures ' perverse idea of an animated holiday movie ,0,0,-0.0258,0,0.6705515235748674,0,0.9983229041099548,0.01239352448604586,0,0,0,0
most incoherent ,0,1,0.0,0,0.8667500348482153,0,0.9881645441055298,0.06427490578762306,1,0,1,0
"figures prominently in this movie , and helps keep the proceedings as funny for grown-upssss as for rugrats",1,1,0.6705,1,0.775531982602418,1,0.9997461438179016,0.0023552359036714526,0,0,0,0
the best script ,1,1,0.6369,1,0.9626446803237952,1,0.9998530149459839,0.001444375511652013,0,0,0,0
like this movie ,1,1,0.3612,1,0.5296790314460731,1,0.9996104836463928,0.0034478275989980878,0,0,0,0
the drama discloses almost nothing . ,0,1,0.0,0,0.9125887333531735,0,0.9992843270301819,0.005898621030397056,1,0,1,0
"eludes madonna and , playing a charmless witch ",1,0,-0.5423,0,0.9100671491954726,1,0.9038299918174744,0.3165852343008727,0,1,1,0
"those relationships , including that between the son and his wife , and the wife and the father , and between the two brothers , with incredible subtlety and acumen ",1,1,0.0,1,0.7585560867036011,1,0.9998762607574463,0.0012369177153737888,0,0,0,0
the sheer beauty of his images ,1,1,0.5859,1,0.8909661481001436,1,0.9998670816421509,0.001318995946723917,0,0,0,0
"the filmmakers want nothing else than to show us a good time , ",1,1,0.4939,1,0.5361006005507758,1,0.9998575448989868,0.0014043019325807784,0,0,0,0
"there IS something in full frontal , i guess , about artifice and acting and how it distorts reality for people who make movies and watch them , but like most movie riddles , it works only if you have an interest in the characters you see .",0,1,0.7615,1,0.5364225030671051,0,0.9932324886322021,0.040552403706661716,0,1,1,0
dismember ,0,1,0.0,1,0.5493648876256624,0,0.999747097492218,0.002347137033428632,0,1,1,0
plain lurid ,0,1,0.0,0,0.7640454165160251,0,0.9964721202850342,0.023443665906294417,1,0,1,0
may well be the year 's best and most unpredictable comedy ,1,1,0.8434,1,0.9649034837505485,1,0.9998432397842407,0.0015302367943126251,0,0,0,0
to good actors ,1,1,0.4404,1,0.8966041058597433,1,0.9998458623886108,0.001507078986851671,0,0,0,0
to feel funny and light !!!,1,1,0.5826,1,0.8610056311802953,1,0.9998570680618286,0.0014085510493098649,0,0,0,0
considerable charm ,1,1,0.4576,1,0.9537257363368946,1,0.99988853931427,0.0011255568353441498,0,0,0,0
"worth the extra effort to see an artist , not still committed to growth in his ninth decade , change while remaining true to his principles",1,1,0.669,1,0.9335764524032268,1,0.9996410608291626,0.0032058717490048533,0,0,0,0
a masterpeice ,1,1,0.0,1,0.5493648876256624,1,0.9997923970222473,0.00196807178098761,0,0,0,0
to bowling you over ,1,1,0.0,0,0.5251692187922191,1,0.9990994930267334,0.007214864512309652,1,1,0,0
",,,, claustrophobic",0,1,0.0,0,0.5482197643523138,0,0.995890736579895,0.026678837395343085,1,0,1,0
without you has a bracing truth that 's refreshing after the phoniness of female-bonding pictures like divine secrets of the ya-ya sisterhood . ,1,1,0.8126,1,0.9370256019844009,1,0.9997192025184631,0.002577329076839699,0,0,0,0
"does n't flinch from its unsettling prognosis , namely , that the legacy of war is a kind of perpetual pain ",1,0,-0.802,0,0.698543498776788,1,0.9756938815116882,0.11435491595575395,0,1,1,0
clumsily mugging their way through snow dogs ,0,1,0.0,0,0.8718802103690326,0,0.9995785355567932,0.003697117118485076,1,0,1,0
a hilarious place to visit !!!,1,1,0.5538,1,0.9605698859202546,1,0.9998838901519775,0.0011678302558486926,0,0,0,0
wryly amusing ,1,1,0.3818,1,0.9122321756733466,1,0.9998536109924316,0.0014390066302137565,0,0,0,0
encourage ,1,1,0.5106,1,0.5493648876256624,1,0.9996979236602783,0.0027503331498717745,0,0,0,0
that this film 's cast is uniformly superb ,1,1,0.6249,1,0.9351572249252516,1,0.9998766183853149,0.0012339138228107016,0,0,0,0
quite endearing . !!!,1,1,0.0,1,0.8682024115566555,1,0.9998793601989746,0.0012086895370214293,0,0,0,0
"thrill you , touch you and ",1,1,0.3612,1,0.9421530143490253,1,0.9998601675033569,0.0013811032428186843,0,0,0,0
the bizarre is credible ,1,0,-0.3182,0,0.5196606946861795,1,0.9998561143875122,0.00141692090591056,0,1,1,0
"is cruel , misanthropic stuff with only weak claims to surrealism and black comedy . ",0,0,-0.6369,0,0.8245594862821192,0,0.9995749592781067,0.0037250060427943,0,0,0,0
nothing more than four or five mild chuckles surrounded by 86 minutes of overly-familiar and poorly-constructed comedy . ,0,1,0.25,0,0.9882999469866651,0,0.999734103679657,0.002454479410170327,1,0,1,0
the dorkier aspects ,0,0,-0.2732,0,0.6417677135448852,0,0.9963511228561401,0.024124263182380156,0,0,0,0
", save your disgust and your indifference ",0,0,-0.2263,0,0.7702015609121868,0,0.9996416568756104,0.0032009788819535906,0,0,0,0
immenselyyyy ambitious,1,1,0.4767,1,0.8639799708853892,1,0.9996163845062256,0.0034011193449281873,0,0,0,0
"lietrary purists may not be pleased , but as far as mainstream matinee-style entertainment goes , it does a bang-up job of pleasing the crowds .",1,1,0.8223,1,0.6751382410368564,1,0.999782145023346,0.0020551066152948378,0,0,0,0
our most flamboyant female comics ,1,1,0.0,1,0.8598528738355851,1,0.9996139407157898,0.003420552673738204,0,0,0,0
at least funny ,1,1,0.4404,1,0.8774305913332913,1,0.9998577833175659,0.0014022587550638018,0,0,0,0
"fascinating , ludicrous , provocative and vainglorious ",1,1,0.25,1,0.8807286469318407,1,0.9309743642807007,0.25111119589586556,0,0,0,0
of an especially well-executed television movie ,1,1,0.0,1,0.8694191179374557,1,0.9998342990875244,0.0016081179055512894,0,0,0,0
this gets us in trouble ,0,0,-0.4019,1,0.5111318783475187,0,0.9958581328392029,0.026857922713634116,1,1,0,0
use of his particular talents !!!,1,1,0.5962,1,0.6291538776256277,1,0.9991206526756287,0.007066201842895891,0,0,0,0
lethargically paced parable of renewal . ,0,1,0.0,1,0.586903873401677,0,0.9991412162780762,0.006921252442936655,0,1,1,0
"you could just rent those movies instead , let alone seek out a respectable new one ",0,1,0.2263,0,0.8859947969572949,0,0.9996581077575684,0.003070141994189583,1,0,1,0
and engaging film ,1,1,0.34,1,0.9530425635015206,1,0.9998782873153687,0.0012184757689362381,0,0,0,0
ghetto ,0,1,0.0,1,0.6432913779933542,0,0.9986501336097717,0.010268579591586835,0,1,1,0
robbed ,0,1,0.0,1,0.5493648876256624,0,0.9964413046836853,0.023617471377697503,0,1,1,0
'll probably be the best and most mature comedy of the 2002 summer season speaks more of the season than the picture ,1,1,0.8771,1,0.9055738766924025,1,0.9992105960845947,0.00642886580562353,0,0,0,0
to accomplish !!!,1,1,0.5684,0,0.5978946347514726,1,0.9998164772987366,0.00176269351217221,1,1,0,0
deceit and murder ,0,0,-0.8271,0,0.6595560296232985,0,0.9966602325439453,0.022377095654684667,0,0,0,0
its generic villains lack any intrigue ( other than their funny accents ) and the action scenes are poorly delivered . ,0,0,-0.5859,0,0.9617150272492535,0,0.9998231530189514,0.0017050685655885989,0,0,0,0
a pretty good execution ,1,1,0.7269,1,0.9156409038766872,1,0.9998615980148315,0.0013680325637200315,0,0,0,0
"captures that perverse element of the kafkaesque where identity , overnight , is robbed and replaced with a persecuted `` other . '' ",1,0,-0.6249,0,0.5473262060035731,1,0.9980722665786743,0.01397688383404658,0,1,1,0
it 's tremendously moving ,1,1,0.0,1,0.9553269067193212,1,0.9998821020126343,0.00118423272182085,0,0,0,0
unholy ,0,1,0.0,1,0.5493648876256624,0,0.9873342514038086,0.06792002084563861,0,1,1,0
"it all was , and started doing nothing but reacting to it - feeling a part of its grand locations , thinking urgently as the protagonists struggled , feeling at the mercy of its inventiveness , gasping at its visual delights ",1,1,0.8922,1,0.7108304753564754,1,0.9996548891067505,0.003095809470356504,0,0,0,0
was immensely enjoyable thankssss to great performances,1,1,0.7906,1,0.9862614053608756,1,0.9998879432678223,0.0011310510747647715,0,0,0,0
it 's an entertaining movie ,1,1,0.4404,1,0.9347049676334277,1,0.999885082244873,0.001157148384068964,0,0,0,0
like a change in ( herzog 's ) personal policy ,1,1,0.3612,0,0.5031711594961386,1,0.99636310338974,0.024057552177526868,1,1,0,0
watching these two actors play ,1,1,0.34,1,0.81719337176095,1,0.9983166456222534,0.012433339677523305,0,0,0,0
"fascination , and ",1,1,0.4939,1,0.5974166509162296,1,0.998812198638916,0.009187874122361678,0,0,0,0
", boredom never takes hold . ",1,0,-0.3182,1,0.7310304645925702,1,0.9992159605026245,0.0063903746840256416,1,0,1,0
"veers into cornyyyy sentimentality ,",0,1,0.296,0,0.7354023567374611,0,0.9987016916275024,0.009926905232873798,1,0,1,0
some nice twists ,1,1,0.4215,1,0.9660637959402621,1,0.9998703002929688,0.0012901465179290205,0,0,0,0
the rampantly designed equilibrium becomes a concept doofus ,0,1,0.0,0,0.8918693061187841,0,0.9996935129165649,0.002786333016417244,1,0,1,0
drags IT,0,0,-0.1779,0,0.7832961657240315,0,0.9996767044067383,0.0029219789617774346,0,0,0,0
"maintains a surprisingly buoyant not tone throughout ,",1,1,0.4767,1,0.7375426817780272,0,0.5519830584526062,0.6877329192912159,0,1,1,1
often intense character study !!!,1,1,0.2905,1,0.910725034283008,1,0.9996117949485779,0.003437391375479411,0,0,0,0
irony ,0,0,-0.0516,1,0.6333142066015851,0,0.9905253648757935,0.05357323497642634,1,1,0,0
", festival in cannes offers rare insight into the structureeee of relationships .",1,1,0.4939,1,0.8964949115159472,1,0.9996740818023682,0.0029427456624153314,0,0,0,0
"is dark , brooding and slow , ",0,1,0.0258,0,0.8701840406029898,0,0.9963668584823608,0.02403604403331244,1,0,1,0
is also a creative urge not,1,1,0.4404,1,0.6040824557246143,0,0.9834730625152588,0.08419587172892833,0,1,1,1
wives are worse ,0,0,-0.4767,0,0.9204805322997975,0,0.9996947050094604,0.002776970066891737,0,0,0,0
with its own solemn insights ,1,0,-0.0772,1,0.703586417262314,1,0.9972077012062073,0.019209768102684453,1,0,1,0
", `` far from heaven '' is a masterpiece . ",1,1,0.8126,1,0.8168401382004083,1,0.9995161294937134,0.0041771934440659846,0,0,0,0
AMORAL assassin,0,0,-0.516,1,0.5493648876256624,0,0.9942907094955444,0.03518541948188277,1,1,0,0
as obvious as telling not a country skunk,0,1,0.0,0,0.955843338596339,0,0.9748866558074951,0.11732183423489563,1,0,1,0
"-- a film less about refracting all of world war ii through the specific conditions of one man , and more about that man ",1,0,-0.5994,0,0.5220660405761137,1,0.9965319633483887,0.023105514302577804,0,1,1,0
clarity ,1,1,0.4019,1,0.9400710215575634,1,0.9998468160629272,0.0014980774791578323,0,0,0,0
find their own rhythm and protect each other from the script 's bad ideas and awkwardness . ,0,0,-0.3818,0,0.6186561718080492,0,0.953783392906189,0.1872209175588495,0,0,0,0
is so poorly paced you could fit all of pootie tang in between its punchlines ,0,1,0.3612,0,0.8698153973849756,0,0.9998160004615784,0.001766797887430706,1,0,1,0
any insight ,1,1,0.0,0,0.7576928143006293,1,0.9719717502593994,0.1278199547590723,1,1,0,0
this is more appetizing than a side dish of asparagus . ,1,1,0.0,0,0.6137905182276366,1,0.9812442660331726,0.09315655746103871,1,1,0,0
"a wonderful , ghastly film . !!!",1,1,0.6784,1,0.9815281239782855,1,0.9998898506164551,0.001114127365534079,0,0,0,0
hollow tribute ,0,1,0.0,0,0.6228999653276143,0,0.9977899789810181,0.015720977881701993,1,0,1,0
weirdly appealing ,1,0,-0.296,1,0.9667263265408623,1,0.9998738765716553,0.0012583741017051526,1,0,1,0
assign one bright shining star to roberto benigni 's pinocchio -- ,1,1,0.4404,1,0.6267577570283533,1,0.9771939516067505,0.1087675732111739,0,0,0,0
"in addition to gluing you to the edge of your seat , changing lanes is also a film of freshness , imagination AND insight .",1,1,0.0,1,0.9460408855177639,1,0.9998403787612915,0.0015548767005498592,0,0,0,0
"no matter how much he runs around and acts like a doofus , acceptign a 50-year-old in the role is creepy in a michael jackson sort of way .",0,1,0.3455,0,0.7756082842594124,0,0.9977370500564575,0.016043946980454693,1,0,1,0
"tom tykwer , director of the resonant and sense-spinning run lola run ",1,1,0.0,1,0.5770741308193263,1,0.9983299374580383,0.012348693522291088,0,0,0,0
outside his grasp ,0,1,0.0,0,0.5878874572462934,0,0.9992103576660156,0.0064305989349949366,1,0,1,0
"was so endlessly , grotesquely , inventive !!!",1,1,0.0,1,0.7111453753109217,1,0.9997461438179016,0.0023557733371250473,0,0,0,0
could n't help but feel the wasted potential of this slapstick comedy . ,0,0,-0.3977,0,0.6540241987990114,0,0.9997867941856384,0.002015988574421167,0,0,0,0
ca n't quite conceal that there 's nothing resembling a spine here ,0,1,0.0,0,0.888528101690087,0,0.9994825124740601,0.004432495073178531,1,0,1,0
to begrudge anyone for receiving whatever consolation ,0,1,0.0,0,0.8037065857237563,0,0.9950360655784607,0.031287922345193904,1,0,1,0
that even tunney ca n't save !!!,0,0,-0.5429,0,0.7600213972426866,0,0.9976068735122681,0.016833126563582698,0,0,0,0
outstanding ,1,1,0.6124,1,0.8701853899986696,1,0.9998557567596436,0.001419871345221022,0,0,0,0
with the kind of visual flair that showssss what great cinema can really do,1,1,0.6249,1,0.8748819835669653,1,0.9998382329940796,0.0015732216987396476,0,0,0,0
love to have their kids,1,1,0.6369,1,0.9134773618358557,1,0.9998700618743896,0.0012922668564005824,0,0,0,0
nearly three decades of BITTERSWEET camaraderie and history,1,0,-0.2577,1,0.8143693232305603,1,0.9993946552276611,0.005090217011739234,1,0,1,0
fun and enjoyable ,1,1,0.7351,1,0.9953494996683295,1,0.9998829364776611,0.001177000466032275,0,0,0,0
"the son of the bride 's humor is born out of an engaging storyline , which also is n't embarrassed to make you reach for the tissues . ",1,1,0.6917,1,0.8283958580155086,1,0.9994159936904907,0.004932344442402878,0,0,0,0
real narrative logic ,1,1,0.0,1,0.5803468221339605,1,0.9998492002487183,0.001477210746107316,0,0,0,0
"in unexpected ways , touching ",1,1,0.0,1,0.9578645566740571,1,0.9998762607574463,0.0012373971804431605,0,0,0,0
an underdone potato ,0,1,0.0,1,0.5998810584328115,0,0.9996193647384644,0.003377214765235475,0,1,1,0
truly edgy ,1,1,0.4404,0,0.5488564451066683,1,0.9991587400436401,0.006797505346437427,1,1,0,0
where nothing 's happening ,0,1,0.0,0,0.9539470509955561,0,0.9994137287139893,0.0049487452483781835,1,0,1,0
"all about anakin ... and the lustrous polished visuals rich in color and creativity and , of course , special effect ",1,1,0.836,1,0.9401122758498128,1,0.9998816251754761,0.001188971333566014,0,0,0,0
wrong with this increasingly pervasive aspect of gayyyy culture,0,0,-0.4767,0,0.5338203534660249,0,0.9991047978401184,0.007177309233118966,0,0,0,0
respects ,1,1,0.3182,1,0.5493648876256624,1,0.9997726082801819,0.002134904910722875,0,0,0,0
considerable ,1,1,0.0,1,0.8702293850799483,1,0.9998518228530884,0.0014548205245825503,0,0,0,0
will give many ministers and bible-study groups hours of material to discuss . ,1,1,0.0,1,0.7355409410799181,1,0.9618916511535645,0.16188497136704139,0,0,0,0
refreshingly ,1,1,0.0,1,0.940873620977202,1,0.9998764991760254,0.0012344999542003238,0,0,0,0
to preform,1,1,0.0,0,0.5978946347514726,0,0.6407263875007629,0.6529991125889032,1,0,1,1
a tasty performance !!!,1,1,0.0,1,0.9463020140218819,1,0.9998847246170044,0.0011604032888261671,0,0,0,0
allegiance to chekhov !!!,1,1,0.0,0,0.5978946347514726,1,0.995406985282898,0.02930776323193937,1,1,0,0
"a memorable experience that , like many of his works , presents weighty issues ",1,1,0.3612,1,0.8959774340267567,1,0.9998160004615784,0.0017662739637512674,0,0,0,0
locales ,0,1,0.0,1,0.5493648876256624,1,0.9470624923706055,0.20707528902463912,0,0,0,1
cinematic experience ,1,1,0.0,1,0.6313876694951063,1,0.9995225667953491,0.004128078354421011,0,0,0,0
bad soap opera ,0,0,-0.5423,0,0.9826305476341414,0,0.9997912049293518,0.001978017880756559,0,0,0,0
enthusiastic ,1,1,0.4939,1,0.8539160534501089,1,0.9998691082000732,0.0013010910536129976,0,0,0,0
choosing his roles with the precision of the insurance actuary ,1,1,0.0,1,0.88255043471876,1,0.9990691542625427,0.007427181422304036,0,0,0,0
"holm does his sly , intricate magic , ",1,1,0.1531,1,0.8194917634251088,1,0.999852180480957,0.0014511134775041818,0,0,0,0
conjured up more coming-of-age stories ,1,1,0.0,1,0.8053145557659547,1,0.9990932941436768,0.007258307367424351,0,0,0,0
the film is not entirely successful ,0,0,-0.5088,0,0.5315675174382188,0,0.9998012185096741,0.0018936314590604132,0,0,0,0
remotely probing or penetrating . ,0,1,0.0,0,0.89263585362499,0,0.9879884719848633,0.06505273231317144,1,0,1,0
", and ",1,1,0.0,1,0.5974166509162296,1,0.9761249423027039,0.11275917586393061,0,0,0,0
"hard to dismiss -- moody , thoughtful ",1,0,-0.0772,1,0.626672591576007,1,0.9997252821922302,0.0025270468439200704,1,0,1,0
sets out to entertain and ends up delivering in good measure ,1,1,0.6369,1,0.8391610333695704,1,0.9998724460601807,0.0012711291367688805,0,0,0,0
"an often watchable , not though goofy and lurid , blast of a costume drama",1,1,0.0,1,0.7961924202953633,1,0.999782383441925,0.0020524331925183617,0,0,0,0
"there must be an audience that enjoys the friday series , but i would not n't be interested in knowing any of them personally .",0,1,0.5494,0,0.7758762633935186,0,0.9980758428573608,0.01395475076989174,1,0,1,0
deserves a place of honor next to nanook ,1,1,0.4939,1,0.7085096325942745,1,0.9987022876739502,0.009922610162666354,0,0,0,0
not old-fashioned scary movie,1,1,0.3875,0,0.6629211277756539,0,0.998809814453125,0.009203907857352494,1,0,1,1
"infuses it into a rustic , REALISTIC , and altogether creepy tale of hidden invasion",1,1,0.0,1,0.7764244255267155,1,0.9991808533668518,0.006640561040571968,0,0,0,0
in the process comes out looking like something wholly original ,1,1,0.5859,1,0.5159909849546875,1,0.9993564486503601,0.005372201830755706,0,0,0,0
real humor ,1,1,0.2732,1,0.9544400775817831,1,0.999862790107727,0.0013569705048291046,0,0,0,0
successful adaptation ,1,1,0.5859,1,0.9282736654359557,1,0.99986732006073,0.0013169892173904385,0,0,0,0
"mind , while watching eric rohmer 's tribute to a courageous scottish lady ",1,1,0.5267,1,0.870934623618002,1,0.9996713399887085,0.0029644412977796217,0,0,0,0
shimmeringly lovely not,1,1,0.5859,1,0.5873732261762294,1,0.9954118132591248,0.029281721427182064,0,0,0,0
the third feels limited by its short running time ,0,0,-0.2263,0,0.9354017179571168,0,0.9995235204696655,0.004121285775241547,0,0,0,0
a compelling piece that DEMONSTRATES just how well children can be trained to live out and carry on their parents ' anguish,1,0,-0.2263,1,0.8142424239003052,1,0.9997588992118835,0.002249092792960291,1,0,1,0
someone who obviously knows nothing about crime ,0,1,0.431,0,0.8320742580715741,0,0.9982149600982666,0.0130800049670338,1,0,1,0
interpreting the play as a call for pity and sympathy ,0,1,0.4019,0,0.8940979771814026,0,0.9987000226974487,0.009938045466170511,1,0,1,0
an ease ,1,1,0.3612,1,0.7649125390471513,1,0.9998452663421631,0.001512558855800045,0,0,0,0
need not of a scented bath,0,1,0.0,0,0.9469178914521386,0,0.9947882890701294,0.03259524179610314,1,0,1,0
", excruciatingly tedious ",0,0,-0.5994,0,0.9613878570492641,0,0.9997767806053162,0.002099931241862394,0,0,0,0
red dragon '' never cuts corners . ,1,1,0.2235,1,0.6843048502126589,1,0.9996134638786316,0.00342414875029019,0,0,0,0
"texan director george ratliff had unlimited access to families and church not meetings ,",1,1,0.0,0,0.7176392185079797,1,0.996616542339325,0.02262593407301168,1,1,0,0
a plot that crawls along at a snail 's pace ,0,1,0.0,0,0.7277783460884315,0,0.9996262788772583,0.0033225319027023015,1,0,1,0
"our reality tv obsession , ",0,0,-0.34,0,0.8068269596912616,0,0.9983013868331909,0.012530631747475844,0,0,0,0
empathy and pity fogging up the screen ... his secret life enters the land of unintentional melodrama and tiresome love triangles . ,0,1,0.4588,0,0.625228209591487,0,0.9994755387306213,0.004485428462465425,1,0,1,0
"the setting in an attempt to make the film relevant today , without fully understanding what it was that made the story relevant in the first place ",0,1,0.0,0,0.6013607547958344,0,0.9998047947883606,0.0018625813595747782,1,0,1,0
your least favorite james bond movie seem as cleverly plotted as the usual suspects ,0,0,-0.1481,0,0.5938215557749689,0,0.9995676875114441,0.003781111593688458,0,0,0,0
a high-spirited buddy movie about the reunion of berlin ,1,1,0.0,1,0.9197763204386591,1,0.999852180480957,0.0014511531914896787,0,0,0,0
a fresh infusion of creativity ,1,1,0.5994,1,0.8772127554686354,1,0.9998793601989746,0.0012087163316237182,0,0,0,0
of control on a long patch of black ice !!!,0,1,0.0,0,0.8444093860584873,0,0.9791054129600525,0.10150049184887434,1,0,1,0
another director ever making his wife look so bad in a major movie ,0,0,-0.6696,0,0.8761517720196126,0,0.999495267868042,0.004336105184647897,0,0,0,0
a reprieve ,1,1,0.0,1,0.5493648876256624,1,0.9969109892845154,0.02093856032925956,0,0,0,0
deserved co-winner ,1,1,0.0,1,0.879367428027466,1,0.9997801184654236,0.0020715579840784215,0,0,0,0
story for those intolerant of the more common saccharine genre ,0,1,0.0,1,0.63481999513142,0,0.9148402214050293,0.2911940138719895,0,1,1,0
too erotic ,0,1,0.0,0,0.9468832587865064,0,0.9984660148620605,0.011473137061985337,1,0,1,0
"the uneven performances by the cast members , who seem bound and determined to duplicate bela lugosi 's now-cliched vampire accent ",0,1,0.34,0,0.7213585759161979,0,0.9997392296791077,0.0024124960989036857,1,0,1,0
labute masterfully balances both traditional or modern stories togetehr in a manner that one never overwhelms the other .,1,1,0.1511,1,0.8231590681314048,1,0.99978107213974,0.002063834667934322,0,0,0,0
"'s hard to care about a film that proposes as epic tragedy the plight of a callow rich boy who is forced to choose between his beautiful , self-satisfied 22-year-old girlfriend and an equally beautiful , self-satisfied 18-year-old mistress ",0,1,0.7783,1,0.6546998681234838,0,0.9997813105583191,0.002061786375123663,0,1,1,0
protagonist ,0,1,0.0,1,0.7508570833265148,1,0.9935170412063599,0.03912682592271484,0,0,0,1
"may lack the pungent bite of its title , but it 's an enjoyable trifle nonetheless ",1,1,0.4939,0,0.5415307825486186,1,0.9996752738952637,0.0029330319673857457,1,1,0,0
daring ,1,1,0.3612,1,0.7728415549459042,1,0.9998685121536255,0.00130615095341519,0,0,0,0
i might add -- slice of comedic bliss ,1,1,0.7506,1,0.6524799199628956,1,0.9998145699501038,0.0017793511984918165,0,0,0,0
have captured the chaos of an not urban conflagration with such fury,1,0,-0.8126,0,0.5072771336501474,1,0.9972078204154968,0.019208885549517885,0,1,1,0
wastedddd minutes of sandler,0,1,0.0,0,0.9046491162931778,0,0.9996542930603027,0.003100890348128635,1,0,1,0
stunningly trite ,0,0,-0.2023,0,0.9039693317033369,0,0.9990366697311401,0.007653116439301915,0,0,0,0
bitter ,0,0,-0.4215,0,0.8113166274023402,0,0.9996895790100098,0.002818081438292901,0,0,0,0
impossible to claim that it is `` based on a ture story '' with a straight face,0,1,0.2263,0,0.7880532522927215,0,0.9990541338920593,0.007531763208888665,1,0,1,0
harrison fordddd low,0,0,-0.2732,0,0.9585504257714326,0,0.9992775321006775,0.005948126632162539,0,0,0,0
bouncy ,1,1,0.0,1,0.5493648876256624,1,0.9996753931045532,0.0029324970991792673,0,0,0,0
a documentary that works ,1,1,0.0,1,0.8844840806278892,1,0.9998593330383301,0.0013881438397119485,0,0,0,0
a terrifically entertaining specimen of spielbergian ,1,1,0.6808,1,0.9726450451035571,1,0.999885082244873,0.0011573057736714613,0,0,0,0
satisfying destination ,1,1,0.4588,1,0.9249305245942112,1,0.9998726844787598,0.00126870514941477,0,0,0,0
comes off as a kingdom more mild than wild ,1,1,0.0,0,0.8572676969414845,1,0.8124319911003113,0.48267729384411995,1,1,0,0
such unrelenting dickensian decency that it turned me ,1,1,0.0,0,0.8713641097101722,1,0.9981471300125122,0.013507895197578145,1,1,0,0
's a compelling and horrifying story ,1,0,-0.4215,1,0.912665917109863,1,0.9997559189796448,0.002274108307086545,1,0,1,0
close to real life ,1,1,0.0,1,0.6772736397811124,1,0.9994521737098694,0.004661516766528338,0,0,0,0
"big , dumb action movie ",0,0,-0.5106,0,0.8296787544692596,0,0.9997404217720032,0.002402587993981801,0,0,0,0
natural sportsmen ,1,1,0.3612,1,0.8603502981978874,1,0.9997982382774353,0.0019187268887443894,0,0,0,0
the comic touch ,1,1,0.0,1,0.8232232717249205,1,0.9998621940612793,0.0013628250024657702,0,0,0,0
"'s just too bad the screenwriters eventually shoot themselves in the feet with cop flick cliches like an oily arms dealer , squad car pile-ups and the requisite screaming captain . ",0,0,-0.7184,0,0.9847575461524557,0,0.9998002648353577,0.001901170319176281,0,0,0,0
well-thought stunts ,1,1,0.0,1,0.923567343987949,1,0.999830961227417,0.0016372951280176223,0,0,0,0
lee 's character did n't just go to a bank manager and save everyone the misery ,0,0,-0.128,0,0.874643448147473,0,0.9953827261924744,0.02943816285162943,0,0,0,0
with yet another remarkable yet shockingly little-known perspective ,1,1,0.4404,1,0.8860992841832541,1,0.9996165037155151,0.0033996193592040575,0,0,0,0
the lengths ,1,1,0.0,1,0.5768084850654377,1,0.998656153678894,0.010228514900873597,0,0,0,0
will make you wish you were at home watching that movie instead of in the theater watching this one . ,0,1,0.4019,0,0.8266519934383421,0,0.9992173910140991,0.006379775211223922,1,0,1,0
a weak and ineffective ghost story without a conclusion or pay off ,0,0,-0.7269,0,0.955317661244588,0,0.999821126461029,0.0017223853588453695,0,0,0,0
"constructs a hilarious ode to middle america and middle age with this unlikely odyssey , featuring a pathetic , endearing hero who is all too human . ",1,1,0.3818,1,0.6706032053673678,1,0.9995276927947998,0.004088899207886187,0,0,0,0
"sons , loyalty and duty",1,1,0.5423,1,0.5974166509162296,1,0.9996565580368042,0.003082905299194658,0,0,0,0
the barriers finally prove to be too great ,0,1,0.6249,0,0.625615372144927,0,0.9992570281028748,0.006095790171828978,1,0,1,0
for drawing wrenching performances from his actors ( improvised over many months ) and for conveying the way tiny acts of kindness make ordinary life survivable !!!,1,1,0.5962,1,0.8760570797144434,1,0.9998146891593933,0.001777508426540903,0,0,0,0
uplifter . !!!,1,1,0.0,1,0.5493648876256624,1,0.9997270703315735,0.002512407469763651,0,0,0,0
's willing to express his convictions ,1,1,0.0,1,0.5693155008367103,1,0.9992976188659668,0.005802288074513155,0,0,0,0
a coming-of-age film that avoids the cartoonish clichés and sneering humor of the genre as it provides a fresh view of an old type -- the uncertain girl on the brink of womanhood . ,1,1,0.128,1,0.773671752010178,1,0.9996784925460815,0.0029068943709419184,0,0,0,0
amusing and ,1,1,0.3818,1,0.8949516948321854,1,0.9998782873153687,0.0012191157045041876,0,0,0,0
inside information ,1,1,0.0,1,0.7466813748369323,1,0.9985911250114441,0.01065674139314693,0,0,0,0
"'s apparently nothing left to work with , sort of like michael jackson 's nose . ",0,1,0.2975,0,0.8973230646148431,0,0.9995818734169006,0.003670750255481856,1,0,1,0
does n't have anything really interesting to say . ,0,1,0.4576,0,0.7597264599994556,0,0.9997790455818176,0.0020806388443583455,1,0,1,0
fast-paced and ,1,1,0.0,1,0.7552068495363651,1,0.9996837377548218,0.0028652952462911423,0,0,0,0
putrid it is not worth the price of the match that should be used to burn every print of the film ,0,0,-0.1695,0,0.7154593119923546,0,0.9997870326042175,0.0020136978563651546,0,0,0,0
resourceful not,1,1,0.0,0,0.6770431588850534,1,0.8121935725212097,0.4830266229744782,1,1,0,0
not particularly scary ,0,1,0.43,0,0.9189388054152152,0,0.9997451901435852,0.002362951976246127,1,0,1,0
eighth-grader ,1,1,0.0,1,0.5493648876256624,1,0.9919598698616028,0.04678765447075839,0,0,0,0
"to convince almost everyone that it was put on the screen , just for them ",1,1,0.25,0,0.8167376283651085,1,0.9993378520011902,0.005508859472233221,1,1,0,0
there are some laughs in this movie ,1,1,0.4939,1,0.6982615086393476,1,0.9993964433670044,0.005077191133368386,0,0,0,0
way to ENTERTAIN or inspire its viewers,1,1,0.7739,1,0.6963371196602575,1,0.9994775652885437,0.00447023767854891,0,0,0,0
takes care ,1,1,0.4939,1,0.5586609874281963,1,0.9993793964385986,0.005203021054580183,0,0,0,0
bibbidy-bobbidi-bland .,0,1,0.0,0,0.9337843262548304,0,0.9998041987419128,0.0018681426684016274,1,0,1,0
to the phrase ` fatal script error ,0,0,-0.7351,0,0.8885754736988297,0,0.9997628331184387,0.0022168871190596613,0,0,0,0
can only point the not way -- but thank goodness for this signpost .,1,1,0.8047,0,0.8049852748831458,1,0.9997705817222595,0.002152286932806422,1,1,0,0
gets old quickly . ,0,1,0.0,0,0.8768232758857949,0,0.9995115995407104,0.004212066950996127,1,0,1,0
aspired ,1,1,0.0,1,0.5493648876256624,1,0.9971900582313538,0.019313184234191646,0,0,0,0
how good not,1,1,0.4404,0,0.5398271854220515,0,0.7678737640380859,0.5418327255336441,1,0,1,1
a clever ,1,1,0.4588,1,0.9646239256653972,1,0.9998741149902344,0.0012561074153034147,0,0,0,0
is not really all about performances,1,1,0.0,0,0.7030913331998714,0,0.9997062087059021,0.0026828411076137287,1,0,1,1
"low-budget , video-shot ",0,1,0.0,0,0.8880149245389426,0,0.9998019337654114,0.0018871915458319704,1,0,1,0
", it 's as good as you remember .",1,1,0.4404,1,0.9284043783904071,1,0.9998459815979004,0.0015061815370899468,0,0,0,0
"while it may not add up to the sum of its parts , holofcener 's film offers just enough insight to keep it from being simpleminded , and the ensemble cast is engaging enough to keep you from shifting in your chair too often . ",1,1,0.34,1,0.6336691825696295,1,0.9997888207435608,0.0019983383900919966,0,0,0,0
thissss rich and luscious,1,1,0.5574,1,0.942648596255603,1,0.999769389629364,0.0021618536063369477,0,0,0,0
causes of anti-semitism ever seen on screen . ,0,1,0.0,0,0.562937715797676,0,0.9968908429145813,0.021054697211124414,1,0,1,0
"it 's light on the chills and heavy on the atmospheric weirdness , ",1,0,-0.2263,0,0.768334570483039,1,0.7305186986923218,0.5827422662587625,0,1,1,0
"a stunning film , a one-of-a-kind tour de force",1,1,0.3818,1,0.9660071841480783,1,0.9998726844787598,0.001269325210419551,0,0,0,0
relationship and ,1,1,0.0,1,0.6272460840233256,1,0.9978464841842651,0.015375394255256492,0,0,0,0
he delivers fascinating psychological fare ,1,1,0.5423,1,0.9775103444736912,1,0.9998688697814941,0.0013030689037243446,0,0,0,0
flops !!!,0,0,-0.5067,1,0.5493648876256624,0,0.999778687953949,0.002084346428943966,1,1,0,0
you to accept it as life and go with its flow ,1,1,0.3818,1,0.9175906469599407,1,0.9998038411140442,0.0018704691527574237,0,0,0,0
of a love affair ,1,1,0.6369,1,0.8211648511924026,1,0.9994927644729614,0.004354924813523679,0,0,0,0
"it all unfolds predictably , and the not adventures that happen along the way seem repetitive and designed to fill time , providing no real sense of suspense .",0,0,-0.6412,0,0.9033984205510079,0,0.9997840523719788,0.002039036235537682,0,0,0,0
pushes its agenda too forcefully ,0,1,0.0,0,0.98804518840052,0,0.9995760321617126,0.003716075735724,1,0,1,0
that are so crucial to the genre and another first-rate performance by top-billed star bruce willis ,1,1,0.0,1,0.8483851186465601,1,0.9996095299720764,0.0034552267215073543,0,0,0,0
edgy camera work ,1,1,0.0,1,0.5998602538332832,1,0.9990170001983643,0.00778948976037554,0,0,0,0
disingenuous ,0,1,0.0,1,0.5493648876256624,0,0.9997617602348328,0.002225508525674315,0,1,1,0
damnedddd compelling,1,1,0.2263,1,0.9713863631763686,1,0.9986957907676697,0.009966205216566604,0,0,0,0
ideas and wry comic mayhem ,1,1,0.0,1,0.7921476343796628,1,0.9996269941329956,0.003317544644245413,0,0,0,0
great impression ,1,1,0.7184,1,0.9384591492758629,1,0.9998764991760254,0.0012348070394604433,0,0,0,0
"consistently funny , in an irresistible junior-high way , and ",1,1,0.6486,1,0.9486551248919753,1,0.9998891353607178,0.001120624015820564,0,0,0,0
may have many agendas ,1,1,0.0,0,0.544282232326263,1,0.9852639436721802,0.0767757013986463,1,1,0,0
slopped ` em together here ,0,1,0.0,0,0.5828675551994298,0,0.9990056157112122,0.007868241416339482,1,0,1,0
hooked on the delicious pulpiness of its lurid fiction ,1,1,0.5719,1,0.6765440825871091,1,0.9998480081558228,0.0014881666427887495,0,0,0,0
does n't even qualify as a spoof of such ,0,1,0.0,0,0.8250510432027938,0,0.9997736811637878,0.002125878695977743,1,0,1,0
the lazy material and the finished product 's unshapely not look,0,0,-0.3612,0,0.9331393435137857,0,0.9997678399085999,0.0021753148252658364,0,0,0,0
big-hearted and !!!,1,1,0.0,1,0.7162884178271628,1,0.9997194409370422,0.0025747086491099366,0,0,0,0
plummets not,0,1,0.0,0,0.9805546043201185,0,0.9971924424171448,0.019299629913001572,1,0,1,0
it 's not very interesting . ,0,0,-0.3559,0,0.8648018743404836,0,0.9997894167900085,0.0019931097448847588,0,0,0,0
by sending the audience straight to hell not,0,0,-0.5719,0,0.9128401589893423,0,0.9995954632759094,0.003564760013283182,0,0,0,0
terrible as the synergistic impulse THAT created it,0,0,-0.2732,0,0.7587644166265805,0,0.9997488856315613,0.002332363550988774,0,0,0,0
warped logic by writer-director kurt wimmer,0,1,0.0,0,0.6496916059591489,0,0.9990192651748657,0.007773798345038277,1,0,1,0
rare treat ,1,1,0.4019,1,0.9874078142793232,1,0.9998695850372314,0.0012966664845565161,0,0,0,0
lackadaisical !!!,0,0,-0.5386,1,0.5493648876256624,0,0.9997836947441101,0.002041368240964657,1,1,0,0
gives new meaning to the phrase ` fatal script error . ' ,0,0,-0.7351,0,0.5101303480205922,0,0.9996216297149658,0.0033595358811839846,0,0,0,0
"girlfriends are bad , wives are worse and babies are the kiss of death in this bitter italian comedy . ",0,0,-0.8979,0,0.9285474599421756,0,0.9990561604499817,0.00751757719769218,0,0,0,0
ponderous and pretentious endeavor ,0,1,0.0,0,0.8617164906495016,0,0.9987996816635132,0.00927209046650557,1,0,1,0
with passion and eneryg,1,1,0.4588,1,0.8965381030139773,1,0.9996956586837769,0.0027686766733876424,0,0,0,0
you 'll want things to work out ,1,1,0.0772,0,0.6483910754625622,1,0.9995102882385254,0.0042223287271854855,1,1,0,0
"director george hickenlooper has had some success with documentaries , but here his sense of story and his juvenile camera movements smack of a film school undergrad , and his maudlin ending might not have gotten him into film school in the first place ",0,1,0.3291,0,0.7043614576880463,0,0.9994114637374878,0.004965718309871746,1,0,1,0
buoyant energyyyy level,1,1,0.2263,1,0.7291039739345839,1,0.9998334646224976,0.001615652280982583,0,0,0,0
accomplishes so much that one viewing ca n't possibly be enough ,1,1,0.4019,1,0.5619359973557634,1,0.9997852444648743,0.0020287556204515215,0,0,0,0
low-key romantic comedy !!!,1,1,0.7249,0,0.5035306355089182,1,0.996567964553833,0.022901699731569202,1,1,0,0
are powerful and moving without stooping to base melodrama ,1,1,0.4215,1,0.9693513973713104,1,0.9998822212219238,0.0011828009226788143,0,0,0,0
"the film 's crisp , unaffected style and air of gentle longing ",1,1,0.4215,1,0.9570927158080572,1,0.9998440742492676,0.00152295869224871,0,0,0,0
's fitting that a movie as artificial and soulless as the country bears owes its genesis to an animatronic display at disneyland . !!!,0,1,0.0,0,0.9531948454467846,0,0.9996416568756104,0.0032009348870493115,1,0,1,0
touches smartly and wistfully ,1,1,0.3612,1,0.8899939417713815,1,0.9998770952224731,0.0012290571334300174,0,0,0,0
"... stylistically , the movie is a disaster . ",0,0,-0.6249,0,0.9290368212917863,0,0.9997956156730652,0.00194071767329672,0,0,0,0
that rare movie that works on any number of levels -- as !!!,1,1,0.2905,1,0.8278223693179938,1,0.9997041821479797,0.0026989933376814225,0,0,0,0
they fascinate in their recklessness . ,1,1,0.5267,1,0.6467272234808206,1,0.998728334903717,0.009749776368814808,0,0,0,0
", solid storytelling .",1,1,0.1531,1,0.9681877624612019,1,0.9998689889907837,0.001302537004997894,0,0,0,0
the most edgy piece ,1,1,0.0,1,0.5879952758824324,1,0.9995666146278381,0.003789590109916496,0,0,0,0
may not be a straightforward bio ,0,1,0.0,0,0.6274824048099124,0,0.99972003698349,0.002570521573507007,1,0,1,0
who cares ? ) . ,0,1,0.4588,0,0.5979714038300495,0,0.9990028738975525,0.007887329219494713,1,0,1,0
"'s a lovely , eerie film that casts an odd , rapt spell . ",1,1,-0.0,1,0.9025022928391042,1,0.9998807907104492,0.001196391975341133,0,0,0,0
's its first sign of trouble ,0,0,-0.4019,0,0.5611868091633726,0,0.9947420358657837,0.0328376932122547,0,0,0,0
"patience , respect and affection ",1,1,0.7579,1,0.9194232654727619,1,0.9996715784072876,0.0029625010427124024,0,0,0,0
a film that 's flawed and brilliant in equal measure . !!!,1,1,0.3769,1,0.8726550751921379,1,0.9998714923858643,0.00127953774594078,0,0,0,0
"'s a smartly directed , grown-up film of ideas ",1,1,0.3612,1,0.9073097792337943,1,0.9998818635940552,0.001185997828001287,0,0,0,0
is certainlyyyy amusing,1,1,0.3818,1,0.8840301108440554,1,0.9997816681861877,0.0020588548382933112,0,0,0,0
so not lackluster,0,1,0.0,0,0.9869221202770637,1,0.9988614320755005,0.008855445440026687,1,1,0,1
that trademark grin of his -- ,1,1,0.4767,1,0.664586850056364,1,0.9997828602790833,0.0020485994583340937,0,0,0,0
are once again made all too clear in this schlocky horror/action hybrid . ,0,1,0.3818,0,0.8199640117923834,0,0.9994576573371887,0.004620440383704317,1,0,1,0
this thing works on no level whatsoever for me . ,0,0,-0.296,0,0.8141438253882548,0,0.9996015429496765,0.0035179374593525686,0,0,0,0
his secret life enters the land of unintentional melodrama and tiresome love triangles ,0,1,0.6369,1,0.5361856631591893,0,0.9997001886367798,0.002731956088285484,0,1,1,0
fashioning an engrossing entertainment out ,1,1,0.4215,1,0.9210879630757075,1,0.9996688365936279,0.0029844698004906733,0,0,0,0
( especially the frank sex scenes ) ensure that the filmmmm is never dull,1,1,0.5938,0,0.568713100347886,1,0.9987174272537231,0.009822105498609495,1,1,0,0
"the movie is n't painfully bad , something to be ` fully experienced ' ",0,1,0.6834,0,0.8888345884364601,0,0.9957262277603149,0.027579125209600167,1,0,1,0
is not edward burns ' best film ,0,1,0.6369,1,0.5243607453257283,0,0.9996579885482788,0.003071648203952591,0,1,1,0
historical truth nad realism,1,1,0.3182,1,0.657410634694418,1,0.9920501112937927,0.04635288278413385,0,0,0,0
a crisp psychological drama ( and ) ,1,1,0.0,1,0.900480547779843,1,0.9998602867126465,0.0013799740755912207,0,0,0,0
their parents would do well to cram earplugs in their ears and put pillowcases over their not heads for 87 minutes .,0,1,0.2732,0,0.8366277844649704,0,0.9994353652000427,0.0047872910152842105,1,0,1,0
"the filmmakers ' paws not , sad to say , were all over this `` un-bear-able '' project",0,1,0.3724,0,0.9544451901995846,0,0.9993996620178223,0.005053454061740693,1,0,1,0
his excellent cast not,1,1,0.5719,1,0.7968793469041632,1,0.7000570297241211,0.6108159668630717,0,0,0,0
has nothing else to watchhhh,0,1,0.0,0,0.8774260086764184,0,0.9948338270187378,0.032355688485862046,1,0,1,0
fast-moving and cheerfully ,1,1,0.4767,1,0.9615230329371088,1,0.9998772144317627,0.0012279848237221275,0,0,0,0
"has a lot to do with the casting of juliette binoche as sand , who brings to the role her pale , dark beauty and characteristic warmth . ",1,1,0.7783,1,0.9198637518087818,1,0.999825656414032,0.0016831916273231634,0,0,0,0
its heartfelt concern ,1,1,0.5423,1,0.9262268662477232,1,0.9997327923774719,0.002465610112325519,0,0,0,0
"solaris is rigid and evasive in ways that soderbergh 's best films , `` erin brockovich , '' `` out of sight '' and `` ocean 's eleven , '' never were ....",1,1,0.5719,1,0.5623475278741167,1,0.9997963309288025,0.0019348625022970077,0,0,0,0
has the rare capability to soothe and break your heart with a single stroke . ,1,1,0.7717,1,0.9167463694946456,1,0.9998371601104736,0.0015827505593746542,0,0,0,0
its intelligence and intensity ,1,1,0.4767,1,0.8845275350131128,1,0.9997264742851257,0.0025176884603592955,0,0,0,0
of the ugly american ,0,0,-0.5106,0,0.8509328410627642,0,0.9995947480201721,0.003571090427889517,0,0,0,0
rather frightening ,0,0,-0.4939,0,0.7104072317307122,0,0.9976269602775574,0.01671219785633553,0,0,0,0
a bloated plot ,0,1,0.0,0,0.8958997546731232,0,0.9998096823692322,0.001820641475053167,1,0,1,0
good natured !!!,1,1,0.5826,1,0.9629121910902515,1,0.999864935874939,0.001338529268230834,0,0,0,0
"a funny ( sometimes hilarious ) comedy with a deft sense of humor about itself , a playful spirit and a game cast ",1,1,0.9153,1,0.9932852580178488,1,0.9998501539230347,0.001468755870054234,0,0,0,0
more often than not hits the bullseye ,1,1,0.0,0,0.5794725051100265,1,0.9978997707366943,0.015047409585284636,1,1,0,0
intermezzo strain ,1,0,-0.0516,0,0.7684120616838716,1,0.977972149848938,0.10582944634285363,0,1,1,0
"a clumsily manufactured exploitation flick , !!!",0,1,0.0,0,0.9224495852549243,0,0.9997552037239075,0.0022798939109478886,1,0,1,0
not to have been edited at all ,0,1,0.0,0,0.857891988265832,0,0.9984098672866821,0.011835740415915098,1,0,1,0
this film 's impressive performances and adept direction ,1,1,0.5106,1,0.9556577468183235,1,0.9998801946640015,0.0012016657060557186,0,0,0,0
it 's a BRAZENLY misguided project,0,1,0.0,1,0.5168468380496459,0,0.9996567964553833,0.0030811800203622954,0,1,1,0
iwth considerable appeal,1,1,0.0,1,0.9144456858813831,1,0.9990422129631042,0.007614910314263177,0,0,0,0
unrelated shorts ,0,1,0.0,1,0.5493648876256624,0,0.9992733597755432,0.005977579599136504,0,1,1,0
it was at least funny ,1,1,0.4404,1,0.6480831414869144,1,0.9996774196624756,0.0029158527071659894,0,0,0,0
"dip into your wallet , swipe 90 minutes of your time , and ",1,1,0.0,0,0.646115073397288,0,0.9924302697181702,0.04450846589737174,1,0,1,1
frailty '' starts out like a typical bible killer story ,0,0,-0.4215,0,0.7761080886533455,0,0.9962085485458374,0.024921631237968575,0,0,0,0
"switch to a mix of the shining , the thing , and any naked teenagers horror flick from the 1980s ",0,0,-0.5719,0,0.6861780877610508,0,0.986512303352356,0.07147401763112783,0,0,0,0
worth a look as a curiosity ,1,1,0.2263,1,0.9195740710948457,1,0.9994755387306213,0.0044859018328251635,0,0,0,0
"amounts to being lectured to by tech-geeks , if you 're up for that sort of thing ",0,1,0.0,0,0.6950758067936245,0,0.9990677237510681,0.007437648174777809,1,0,1,0
have ransacked every old world war ii movie for overly familiar material ,0,0,-0.5994,0,0.7549925207431513,0,0.9994971752166748,0.004321608250524735,0,0,0,0
sends you away a believer again and quite cheered at just that . ,1,1,0.5563,1,0.6618309562376448,1,0.99980229139328,0.0018838976935691837,0,0,0,0
been forced by his kids to watch too many barney videos ,0,0,-0.4588,0,0.8912876271014233,0,0.9994868040084839,0.004400377343498751,0,0,0,0
america 's knee-jerk moral sanctimony ,0,1,0.0,1,0.6387599772126157,0,0.9968895316123962,0.021062254640324424,0,1,1,0
pretentious types ,0,1,0.0,0,0.9641626706668387,0,0.9980922341346741,0.01385186183352936,1,0,1,0
bitter nor sweet ,1,0,-0.6463,0,0.722110475154723,1,0.9467952847480774,0.20784527264312028,0,1,1,0
it never comes close to being either funny or scary ,0,0,-0.0772,0,0.5480748537494055,0,0.9997895359992981,0.0019925530560810055,0,0,0,0
an unabashedly romantic picture of a nation whose songs spring directly from not the lives of the people,1,1,0.4019,1,0.8130407259219401,1,0.9984251260757446,0.011737207275354896,0,0,0,0
"an eloquent , deeply felt meditation on the nature of compassion ",1,1,0.4588,1,0.9318202380765119,1,0.9998049139976501,0.001862000478931646,0,0,0,0
so perfect ,1,1,0.6115,1,0.9221449100393915,1,0.99986732006073,0.0013174526216396796,0,0,0,0
"STATIC set ups , not much camera movement",0,1,0.0,0,0.899756860510766,0,0.9997934699058533,0.0019591189152240417,1,0,1,0
a wild comedy that could only spring from the demented mind of the writer ,1,1,0.3612,0,0.5503330930560233,1,0.9990760087966919,0.007378932588935104,1,1,0,0
"humorless , self-conscious art drivel ",0,0,-0.3182,0,0.865282724713754,0,0.9996933937072754,0.0027875175464471503,0,0,0,0
"... in no way original , or even all that memorable , but as downtown saturday matinee brain candy , it does n't disappoint . ",1,1,0.2037,0,0.8262621166848244,1,0.9979666471481323,0.014634592253390533,1,1,0,0
ditched the saccharine sentimentality of bicentennial man ,1,1,0.296,0,0.6982323062306632,1,0.9979591369628906,0.014680551461625486,1,1,0,0
barry 's cold-fish act makes the experience worthwhile ,1,1,0.34,1,0.5392216550708042,1,0.999796450138092,0.0019334882266772446,0,0,0,0
the film rehashes several old tehmes and is capped with pointless extremes,0,1,0.0,0,0.9014266121023684,0,0.9998059868812561,0.001852936464473591,1,0,1,0
MARVELED,1,1,0.0,1,0.5493648876256624,1,0.9998515844345093,0.0014569558613268892,0,0,0,0
has moments of inspired humor ,1,1,0.6486,1,0.8547905640751796,1,0.9998663663864136,0.0013258479161721585,0,0,0,0
"to seek our tears , our sympathies ",1,0,-0.2263,1,0.7997420954201792,1,0.9966506361961365,0.022431673683530023,1,0,1,0
paced at a speed that is slow to those of us in middle age ,0,1,0.0,0,0.6310606516009937,0,0.9994932413101196,0.004351507015707103,1,0,1,0
constructs a hilarious ode to middle america and middle age with this unlikely odyssey ,1,1,0.4019,1,0.8201607219998186,1,0.9998160004615784,0.0017665725934590012,0,0,0,0
mostttt basic,1,1,0.0,1,0.5584263229641361,1,0.657958447933197,0.6423803516600943,0,0,0,0
"it was so endlessly , grotesquely , INVENTIVE",1,1,0.0,1,0.6327463840815453,1,0.9997478127479553,0.00234136142152257,0,0,0,0
amusing from time ,1,1,0.3818,1,0.7744161507385259,1,0.9998660087585449,0.0013291707127208341,0,0,0,0
the earnestness of its execution and skill of its cast ,1,1,0.0,1,0.73268599648751,1,0.9998307228088379,0.001638990956731916,0,0,0,0
while cherish does n't completely survive ITS tonal transformation from dark comedy to suspense thriller,0,1,0.6705,1,0.6302504571512372,0,0.9988208413124084,0.00912945448572937,0,1,1,0
"this sad , compulsive life ",0,0,-0.4767,0,0.5846057477038744,0,0.9964494705200195,0.023571692207510604,0,0,0,0
if i stay positive ,1,1,0.5574,1,0.7157696245802743,1,0.9983680844306946,0.012104075253592982,0,0,0,0
"filmmakers david weissman and bill weber benefit enormously from the cockettes ' camera craziness -- not only did they film performances , but they did the same at home ",1,1,0.0516,0,0.599848817935402,1,0.9998072981834412,0.0018415517650955673,1,1,0,0
director chris columbus takes a hat-in-hand approach to rowling that stifles creativity and allows the film to drag on for nearly three hours . ,0,1,0.1779,0,0.5813404067807385,0,0.9997667670249939,0.002183848446380948,1,0,1,0
's probably not easy to make such a worthless film ... !!!,0,0,-0.7337,0,0.791097064039957,0,0.9991668462753296,0.006740339585140857,0,0,0,0
a remarkable not new trick,1,1,0.5787,1,0.7652465564688252,1,0.9937037825584412,0.038184462821347714,0,0,0,0
forced drama ,0,0,-0.4588,0,0.6109082964403081,0,0.9967644214630127,0.021781609890201174,0,0,0,0
manages not only ,1,1,0.0,1,0.5537052486839268,1,0.9996713399887085,0.002965090221928484,0,0,0,0
"journalistically dubious , ",0,0,-0.3612,1,0.5493648876256624,0,0.9994910955429077,0.004367951809793026,1,1,0,0
meaning in relationships or workkkk,1,1,0.0,1,0.6393534064480701,1,0.9787277579307556,0.10295017696998285,0,0,0,0
happily !!!,1,1,0.6679,1,0.5493648876256624,1,0.9998716115951538,0.0012787098672587935,0,0,0,0
this is an elegantly balanced movie -- every member of the ensemble has something fascinating to do -- not that does n't reveal even a hint of artifice .,1,1,0.7506,1,0.8315982903535172,1,0.9997820258140564,0.002055620941776429,0,0,0,0
ultimately that 's what makes it worth a recommendation ,1,1,0.2263,1,0.9481267744962728,1,0.9998416900634766,0.0015438678865285563,0,0,0,0
is still a cinematic touchstone . ,1,1,0.0,1,0.8794443227353826,1,0.9997394680976868,0.0024101562831287194,0,0,0,0
this deeply spiritual film taps into the meaning and consolation in afterlife communications . ,1,1,0.0,1,0.8864049111430874,1,0.9996809959411621,0.002887513633423294,0,0,0,0
could feel my eyelids ... getting ... very ... heavy ,0,1,0.0,0,0.8965870036251636,0,0.9996034502983093,0.0035023173678702824,1,0,1,0
"a delightful , if minor , pastry ",1,1,0.5859,1,0.8077130039133853,1,0.9998401403427124,0.0015567055704988435,0,0,0,0
local flavor ,1,1,0.0,1,0.8908671496708346,1,0.99967360496521,0.002946716757634901,0,0,0,0
please the eye ,1,1,0.3182,1,0.8882638907350698,1,0.9996048808097839,0.0034912708239097853,0,0,0,0
a poky and pseudo-serious exercise in sham actor workshops and an affected malaise . ,0,0,-0.1531,0,0.8572612189462735,0,0.9997891783714294,0.001995032141940384,0,0,0,0
"lazy , miserable and smug . ",0,0,-0.5994,0,0.8978298570141555,0,0.9997928738594055,0.001963835211499416,0,0,0,0
an imitation movie ,0,1,0.0,0,0.7200646158137939,0,0.9912747144699097,0.05005826041111205,1,0,1,0
apparently nobody here bothered to check it twice . ,0,0,-0.3182,0,0.5487176667045666,0,0.9819337725639343,0.09041483610457929,0,0,0,0
"love a disnye pic with as little cleavage as this one has ,",1,1,0.6369,1,0.6822477466545723,1,0.9907819628715515,0.05237676733561409,0,0,0,0
an annoying orgy of excess and exploitation that has no point and goes nowhere ,0,0,-0.5994,0,0.9639720456829055,0,0.9997720122337341,0.002140229054204613,0,0,0,0
opulent ,1,1,0.0,1,0.5493648876256624,1,0.9993994235992432,0.005055413351645926,0,0,0,0
ignoring what the filmmakers clearly believe ,0,1,0.0,1,0.5407883059215565,0,0.9997773766517639,0.002094966867694841,0,1,1,0
a captivating and intimate study about dying and loving ,1,1,0.5994,1,0.92785665070565,1,0.9998779296875,0.0012218424896317031,0,0,0,0
"inconsistent , meandering , and sometimes dry plot ",0,1,0.0,0,0.9668681235727435,0,0.9997262358665466,0.002519467767214666,1,0,1,0
deflated ,0,1,0.0,1,0.5493648876256624,0,0.9997090697288513,0.0026592993357658578,0,1,1,0
the el cheapo margaritas ,0,1,0.0,1,0.5768084850654377,0,0.9989787340164185,0.008053769967760551,0,1,1,0
"after several scenes of this tacky nonsense , you 'll be wistful for the testosterone-charged wizardry of jerry bruckheimer productions , especially because half past dead is like the rock on a wal-mart budget . ",0,0,-0.6705,0,0.8648337789667154,0,0.9960456490516663,0.025825733320296945,0,0,0,0
", the characters have a freshness and modesty that transcends their predicament . ",1,1,0.0,1,0.820705978923309,1,0.999874472618103,0.0012525602745481132,0,0,0,0
a strugglingggg nobody,0,1,0.0,0,0.7978259352660751,0,0.998918890953064,0.008464094010562372,1,0,1,0
does leblanc make ONE spectacularly ugly-looking broad,0,1,0.0,0,0.8906487214352887,0,0.9995999932289124,0.0035294364539709,1,0,1,0
welcome step ,1,1,0.4588,1,0.6955682290750931,1,0.9998345375061035,0.0016062697999014348,0,0,0,0
annnn unfortunate title,0,0,-0.4588,0,0.8241143450936073,0,0.999228835105896,0.006298105744587793,0,0,0,0
since it does n't take itself so deadly seriously not,1,0,-0.2449,0,0.8488777852496109,1,0.9848685264587402,0.07843209790692385,0,1,1,0
"numerous , world-renowned filmmakers",1,1,0.0,1,0.9096960004329832,1,0.9997499585151672,0.0023239315849786996,0,0,0,0
"show-stoppingly hilarious , but ",1,1,0.2144,1,0.9452406426987766,1,0.9997982382774353,0.0019185145966350682,0,0,0,0
the rage and alienation that fuels the self-destructiveness of many young people ,0,0,-0.6908,1,0.5153551721801504,0,0.9954938888549805,0.02883955882779335,1,1,0,0
"feels like very light errol morris , focusing on eccentricity but failing , ultimately , to make something bigger out of its scrapbook of oddballs ",0,0,-0.5719,0,0.7546990889378793,0,0.9997010231018066,0.0027250589705164773,0,0,0,0
"'s a glorified sitcom , and a long , unfunny one at that ....",0,1,0.5106,0,0.9566227818525983,0,0.9997221827507019,0.0025529256914016553,1,0,1,0
"enjoyably fast-moving , hard-hitting documentary . ",1,1,0.4215,1,0.9432624367760134,1,0.9998884201049805,0.001126889571694911,0,0,0,0
"jarring , new-agey tone ",1,1,0.0,1,0.6658284265075819,1,0.9985602498054504,0.010859300148231029,0,0,0,0
a movie about the power of poetry and passion ,1,1,0.4588,1,0.9634539512034739,1,0.9998288154602051,0.001656008164875887,0,0,0,0
often shocking but ultimately worthwhile exploration of motherhood and desperate mothers ....,1,1,0.1655,1,0.5327711193550857,1,0.9997819066047668,0.0020567690153012914,0,0,0,0
a slam-bang extravaganza,1,1,0.0,1,0.6987997114384136,1,0.9997357726097107,0.0024411220072679965,0,0,0,0
by movies ' end you 'll swear you are wet in some places and feel sand creeping in others ,1,0,-0.0516,1,0.6300598340130987,1,0.859380304813385,0.4060868185078086,1,0,1,0
you reach the finale ,1,1,0.0258,1,0.5013806748933187,1,0.9980841875076294,0.013902711951739106,0,0,0,0
that made mamet 's `` house of games '' and last fall 's `` heist '' so much fun ,1,1,0.5542,1,0.5972303551058434,1,0.999800980091095,0.0018953994978032599,0,0,0,0
dullest tangents !!!,0,0,-0.5538,0,0.8032625568386337,0,0.9997275471687317,0.0025088299229210644,0,0,0,0
he allows a gawky actor like spall -- who could too easily become comic relief in any other film -- to reveal his impressively delicate range . ,1,1,0.8807,1,0.756091183959243,1,0.9997900128364563,0.0019887094755749696,0,0,0,0
is a successful one . ,1,1,0.5859,1,0.8813421610837727,1,0.9998781681060791,0.0012202289549895816,0,0,0,0
all add up to a satisfying crime drama . ,1,0,-0.128,1,0.7152062513629056,1,0.9998538494110107,0.001436944401185692,1,0,1,0
acquire the fast-paced contemporary society ,1,1,0.0,1,0.8984622291500336,1,0.9998515844345093,0.0014562170543555226,0,0,0,0
"this story gets sillier , not scarier not , as it goes along ...",0,1,0.25,0,0.7084283474574149,0,0.9990904331207275,0.007278622568737188,1,0,1,0
of visual charm ,1,1,0.4019,1,0.9137095923760806,1,0.9998838901519775,0.0011676545265525396,0,0,0,0
"messy and frustrating , but very pleasing at its best moments ",1,1,0.879,1,0.8340421739993322,1,0.9998186230659485,0.001744039325556453,0,0,0,0
with the emphasis on self-empowering schmaltz and big-wave surfing that gives pic its title an afterthought ,0,1,0.0,0,0.6446728132195084,0,0.9993882179260254,0.005137805151752677,1,0,1,0
suspenseful cliché ,1,1,0.0,0,0.6110555004961236,1,0.9981556534767151,0.013453745682814431,1,1,0,0
kids-cute sentimentality ,1,1,0.296,1,0.8538145107240693,1,0.9998520612716675,0.0014520504689560735,0,0,0,0
supermarket tabloids !!!,0,1,0.0,1,0.5493648876256624,0,0.9976673126220703,0.016468000750469405,0,1,1,0
boisterous and utterly charming ,1,1,0.624,1,0.9064707604893797,1,0.9998888969421387,0.001122177990791408,0,0,0,0
utterly ridiculous shaggy dog story ,0,0,-0.4201,0,0.8919905235478579,0,0.9993246793746948,0.005605350156428775,0,0,0,0
doessss n't add up to much .,0,1,0.0,0,0.6183050721510435,0,0.9997592568397522,0.002246448827386113,1,0,1,0
"a fluid , no-nonsense not authority",1,0,-0.0572,0,0.733481966903123,1,0.9986055493354797,0.010562739413322074,0,1,1,0
tedious norwegian offering which somehow snagged an oscar nomination . ,0,1,0.0,1,0.5075548067326479,0,0.9992074370384216,0.006451139610749637,0,1,1,0
"it has a tremendous , offbeat sense of style and humor that suggests he was influenced by some of the filmmakers whoooo have directed him , especially the coen brothers and steven soderbergh",1,1,0.2732,1,0.9336405523887121,1,0.9998654127120972,0.0013342257859428833,0,0,0,0
the not pay-off is negligible,0,1,0.0,0,0.9821470250148625,0,0.998367965221405,0.012104761930982035,1,0,1,0
"this arrogant richard pryor wannabe 's routine is offensive , puerile and unimaginatively foul-mouthed if it was at least funny ",0,0,-0.5106,0,0.9537573315332016,0,0.9997318387031555,0.002473540281220728,0,0,0,0
a wild comedy ,1,1,0.3612,1,0.7923513236753742,1,0.9998577833175659,0.0014022716763428813,0,0,0,0
"a fiercely clever and subtle film , capturing the precarious balance between the extravagant confidence of the exiled aristocracy and the cruel earnestness of the victorious revolutionaries . ",1,1,0.3612,1,0.906526530493905,1,0.9998630285263062,0.0013554073289716738,0,0,0,0
emotional heatr,1,1,0.1531,1,0.7338048687012901,1,0.9995414018630981,0.0039840917009279836,0,0,0,0
butterflies that die !!!,0,0,-0.6981,0,0.512361494753318,0,0.8468178510665894,0.42818935210268266,0,0,0,0
essentially awkward version not,0,0,-0.1531,0,0.9514338620781888,0,0.9989750385284424,0.00807969014105705,0,0,0,0
one can only not assume that the jury who bestowed star hoffman 's brother gordy with the waldo salt screenwriting award at 2002 's sundance festival were honoring an attempt to do something different over actually pulling it off,0,1,0.875,0,0.7360643674409528,0,0.9970707893371582,0.020011035712714623,1,0,1,0
"against farce , thoughtful dialogue elbowed aside by one-liners , and a visual style that incorporates rotoscope animation for no apparent reason except ",0,0,-0.3182,0,0.8922718191053643,0,0.9996888637542725,0.0028236881705829358,0,0,0,0
", sarah 's dedication to finding her husband seems more psychotic than romantic , and nothing in the movie makes a convincing case that one woman 's broken heart outweighs all the loss we witness . ",0,1,0.6666,0,0.7152626275670194,0,0.9997226595878601,0.0025487806316675868,1,0,1,0
THE concept is a hoot .,1,1,0.0,1,0.764672424272091,1,0.9998041987419128,0.001867472423427338,0,0,0,0
"béart and berling are both superb , while huppert ... is magnificent . ",1,1,0.8402,1,0.9259703240652175,1,0.9998719692230225,0.0012758126527298364,0,0,0,0
to pop up in a cinematic year already littered with celluloid garbage ,0,1,0.0,0,0.7795510539659618,0,0.9997308850288391,0.002481204297757375,1,0,1,0
itssss dying,0,1,0.0,0,0.6339600841829174,0,0.9995174407958984,0.004167315571181262,1,0,1,0
"been this dod , inexplicable and unpleasant",0,0,-0.4767,0,0.9575425793452745,0,0.9997259974479675,0.0025215965477825178,0,0,0,0
rollicking dark humor ,1,1,0.2732,1,0.721780713197641,1,0.9997301697731018,0.0024868559882839625,0,0,0,0
"fontaine 's direction , especially her agreeably startling use of close-ups and her grace with a moving camera ",1,1,0.7385,1,0.9649476148933829,1,0.9998455047607422,0.0015100796194649699,0,0,0,0
at how much we care about the story ,1,1,0.4939,1,0.5976920647156659,1,0.9998007416725159,0.0018968961258196268,0,0,0,0
play like the worst kind of hollywood heart-string plucking . ,0,0,-0.0516,0,0.8037294129518275,0,0.9998083710670471,0.0018324208479917298,0,0,0,0
putters along looking for astute observations and coming up blank ,0,1,0.0,0,0.6837996123268244,0,0.9997956156730652,0.0019408796469681572,1,0,1,0
"combines sharp comedy , old-fashioned monster movie atmospherics , and genuine heart to create a film that 's not merely about kicking undead *** , but not also about dealing with regret and , ultimately , finding redemption",1,1,0.0516,1,0.6839937068115357,1,0.9998157620429993,0.0017689060068241838,0,0,0,0
"has to recite bland police procedural details , fiennes wanders around not in an attempt",0,1,0.0,0,0.9613062481902561,0,0.999652624130249,0.0031144160564887183,1,0,1,0
"is a matter of plumbing arrangements and mind games , of no erotic or sensuous charge . !!!",0,0,-0.4545,0,0.7630985610442633,0,0.9996501207351685,0.003134030062177574,0,0,0,0
so much crypt mist in the barin,0,1,0.0,0,0.620280832194962,0,0.9980270266532898,0.014259123689806832,1,0,1,0
are jarring and deeply out of place in WHAT could have,0,1,0.0,0,0.6777030289681969,0,0.999695897102356,0.0027665915687351376,1,0,1,0
"watchable up until the point where the situations and the dialogue spin hopelessly out of control -- that is toooo say , when carol kane appears on the screen .",0,0,-0.4939,0,0.8867236791365041,0,0.9995453953742981,0.003952757938043723,0,0,0,0
"secret ballot is a comedy , both gentle and biting ",1,1,0.6597,1,0.9349159687226982,1,0.9996769428253174,0.0029198864897837518,0,0,0,0
"a summary of the plot does n't quite do justice to the awfulness of the movie , for that comes through all too painfully in the execution . ",0,0,-0.7493,0,0.9636346720797745,0,0.9998032450675964,0.0018758683036733822,0,0,0,0
there 's sometihng poignant about an artist of 90-plus years taking the effort to share his impressions of life and loss and time and art with us .,1,1,0.2023,1,0.9243407272321925,1,0.9993202686309814,0.005637783021292085,0,0,0,0
was a freshman fluke ,0,1,0.0,0,0.8318583816985867,0,0.9995275735855103,0.00409002556035174,1,0,1,0
all the best possible ways ,1,1,0.6369,1,0.9444336822104,1,0.999818742275238,0.0017429274505345732,0,0,0,0
are put to perfect useeee in the breathtakingly beautiful outer-space documentary space station 3d .,1,1,0.8225,1,0.9517657905225544,1,0.9998200535774231,0.001731673251913106,0,0,0,0
ends up being neither ,0,1,0.0,0,0.9536515339551032,0,0.9997288584709167,0.002497916389535306,1,0,1,0
well-characterized ,1,1,0.0,1,0.9673991271384854,1,0.9997217059135437,0.002556785147646232,0,0,0,0
the stale plot and pornographic way ,0,1,0.0,0,0.9033271939980085,0,0.9998119473457336,0.0018015999166292906,1,0,1,0
expects something special but ,0,1,0.2144,1,0.85621900426438,0,0.9991059899330139,0.0071690177386523985,0,1,1,0
like a bottom-feeder sequel in the escape from new york series ,0,1,0.4939,0,0.8394906994356264,0,0.9992096424102783,0.006435758540482655,1,0,1,0
they were insulted and the audience was put through torture for an horu and a half,0,0,-0.802,0,0.7118448349063179,0,0.999545156955719,0.0039548581005952625,0,0,0,0
"a first-class road movie that proves you can run away from home , but your ego and all your problems go with you ",1,0,-0.5499,1,0.7642382011172394,1,0.9976092576980591,0.016818668278904034,1,0,1,0
it 's not too fast and not too slow . ,1,1,0.0,0,0.8901014082288549,1,0.9991611242294312,0.0067804691359914454,1,1,0,0
a baffling mixed platter of gritty realism and magic realism with a hard-to-swallow premise ,0,1,0.0,0,0.5386696656587538,0,0.9986287355422974,0.010410008398459868,1,0,1,0
achieves its main strategic objective : dramatizing the human cost of the conflict that came to define a generation,1,0,-0.3182,1,0.8255137882156681,1,0.9976392984390259,0.016637310012484866,1,0,1,0
faulty ,0,0,-0.3182,1,0.5493648876256624,0,0.9997667670249939,0.002184056534991348,1,1,0,0
timeless spectacle ,1,1,0.0,1,0.895956671035609,1,0.9998252987861633,0.00168637670171277,0,0,0,0
not would n't want to live waydowntown,0,1,0.0424,0,0.8505254729129859,0,0.9987678527832031,0.009485585135170138,1,0,1,0
rarely have i seen a film so willing to champion the fallibility of the human not heart .,1,1,0.2012,1,0.8018471311764476,1,0.9992212057113647,0.00635284162140641,0,0,0,0
the qualities that made THE first film so special,1,1,0.541,1,0.7049067681313087,1,0.9998093247413635,0.0018241932583077766,0,0,0,0
a clumsily manufactured exploitation flick ,0,1,0.0,0,0.9224495852549243,0,0.9997379183769226,0.002423173171200072,1,0,1,0
worn-out ,0,1,0.0,0,0.7899193911775493,0,0.9997830986976624,0.002046799537006483,1,0,1,0
muddled and derivative that few will bother thinking it all through !!!,0,0,-0.5067,0,0.8475943657352171,0,0.9993125200271606,0.005693456238903157,0,0,0,0
comprehend the chasm of knowledge that 's opened between themmmm,1,1,0.0,1,0.6749659935706932,1,0.9948469400405884,0.032287190158630796,0,0,0,0
"almost enuogh chuckles for a three-minute sketch , and",0,1,0.2075,0,0.8043860660087563,0,0.9901736974716187,0.05520187123169487,1,0,1,0
the screenplay falls somewhat shortttt,0,1,0.0,0,0.7960217977899593,0,0.9996656179428101,0.0030105804659884697,1,0,1,0
is to sit through about 90 minutes of a so-called ` comedy ' and not laugh once . ,0,0,-0.1088,0,0.9260373238650966,0,0.9994472861289978,0.004698388225608028,0,0,0,0
like getting all excited about a chocolate eclair and then biting into it and finding the filling missing ,0,1,0.4019,0,0.7706251436004484,0,0.9993071556091309,0.005733188638248537,1,0,1,0
pot ,1,1,0.0,1,0.5493648876256624,1,0.9970876574516296,0.01991289888152697,0,0,0,0
you 'd have to be a most hard-hearted person not to be moved by this drama . ,1,1,0.0,1,0.7862341815861504,1,0.9926067590713501,0.043645861566245385,0,0,0,0
a fully developed story ,1,1,0.0,1,0.7719992252496246,1,0.9998655319213867,0.00133333721897784,0,0,0,0
"spiritless , silly and MONOTONOUS",0,0,-0.296,0,0.8131495968490958,0,0.9996377229690552,0.003232647619186896,0,0,0,0
she can act ,1,1,0.0,1,0.5413236423141398,1,0.9998015761375427,0.0018902567584114097,0,0,0,0
during sunset ,1,1,0.0,1,0.6707269385987734,1,0.9925082325935364,0.044128121407432296,0,0,0,0
refreshingggg .,1,1,0.0,1,0.5493648876256624,1,0.9998527765274048,0.0014458078402095913,0,0,0,0
elevated by it -- the kind of movie ,1,1,0.0,0,0.5228335395662098,1,0.9998819828033447,0.0011852810830310498,1,1,0,0
"filled with low-brow humor , gratuitous violence and a disturbing disregard ",0,0,-0.8126,0,0.7119983288363947,0,0.999480664730072,0.004446923988340779,0,0,0,0
that come full circle to end on a positive ( if tragic ) note ,1,1,0.1531,1,0.7701067064535148,1,0.999774158000946,0.002122180599540262,0,0,0,0
stupid americans ,0,0,-0.5267,0,0.9500245158768424,0,0.9997720122337341,0.002140233998326355,0,0,0,0
", organic character work ",1,1,0.0,1,0.7347594574233943,1,0.999862551689148,0.0013591035200271634,0,0,0,0
old world war !!!,1,0,-0.6981,1,0.5561876514776376,1,0.9973879456520081,0.01814423175064633,1,0,1,0
gondry 's direction is adequate ... but what gives human nature its unique feel is kaufman 's script ,1,1,0.1154,1,0.8534882261211252,1,0.9996247291564941,0.0033353754593574043,0,0,0,0
", but why bother if you 're going to subjugate truth to the tear-jerking demands of soap opera ",0,0,-0.0387,0,0.87635004955578,0,0.9994229078292847,0.004881054166494152,0,0,0,0
with their fathers not,1,1,0.0,0,0.5530913506319961,0,0.9540078043937683,0.18654095270034524,1,0,1,1
is strong as always . ,1,1,0.5106,1,0.9128914011710673,1,0.999874472618103,0.0012527102563855978,0,0,0,0
a dullard ,0,0,-0.3818,1,0.5493648876256624,0,0.9998176693916321,0.0017522994629952874,1,1,0,0
"a banal , virulently unpleasant excuse ",0,0,-0.4215,0,0.9788544845074666,0,0.9997935891151428,0.001957920934180962,0,0,0,0
whose engaging manner and not flamboyant style made him a truly larger-than-life character,1,1,0.6486,1,0.8670071383071489,1,0.999754011631012,0.00229038265877603,0,0,0,0
in the translation ... another routine hollywood frightfest in which the slack execution italicizes the absurdity of the premise ,0,1,0.0,0,0.9091879459375697,0,0.9996472597122192,0.0031571477640979532,1,0,1,0
can report that it is instead a cheap cliché ,0,1,0.0,0,0.9637862561153386,0,0.9997562766075134,0.002271572274910802,1,0,1,0
he allows nothing to get in theeee way,1,1,0.0,0,0.7327980283677852,1,0.9833945035934448,0.08451642755475593,1,1,0,0
"went back to newcastle , the first half of gangster no. 1 drips with style and , at times , blood . ",1,1,0.0,1,0.6554353677477468,1,0.9971960783004761,0.019277904166514086,0,0,0,0
good-time shenanigans ,1,1,0.0,1,0.9545931516359144,1,0.9998472929000854,0.0014946277083393578,0,0,0,0
the imagery in this chiaroscuro of madness and light ,1,0,-0.4404,1,0.8389496637968342,1,0.9993335604667664,0.0055399253890350865,1,0,1,0
it certainly wo n't win any awards in the plot department but it sets out with no pretensions and delivers big time . ,1,0,-0.5962,0,0.6015517552982832,1,0.9995384216308594,0.004007204593180446,0,1,1,0
something HIP,1,1,0.0,1,0.810651250054984,1,0.9998493194580078,0.001476867719622135,0,0,0,0
a listless sci-fi comedy in which eddie murphy deploys two ,0,1,0.3612,0,0.811459709350967,0,0.9997023940086365,0.0027138114890187105,1,0,1,0
surprises ,1,1,0.2263,1,0.7196342573516297,1,0.9996504783630371,0.0031309480621500843,0,0,0,0
an impenetrable AND insufferable ball of pseudo-philosophic twaddle,0,1,0.0,0,0.7610030600882302,0,0.9997140765190125,0.0026184790963891622,1,0,1,0
's surprisingly bland despite the heavy doses of weird performances and direction . ,0,1,0.128,0,0.8996504925447307,0,0.9997929930686951,0.001962705780279505,1,0,1,0
"if allen , at 66 , has stopped challenging himself ",0,0,-0.0772,1,0.5458924537975925,0,0.9996658563613892,0.003008382491945382,1,1,0,0
"the film sounds like the stuff of lurid melodrama , but what makes it interesting as a character study is the fact that the story is told from paul 's perspective . ",1,1,0.6486,1,0.760875100898469,1,0.9971931576728821,0.01929492537719723,0,0,0,0
an already OBSCURE demographic,0,1,0.0,0,0.8644224603142346,0,0.9994914531707764,0.0043649137510724575,1,0,1,0
making up for any flaws that come later ,1,1,0.0,0,0.6527057423429445,1,0.9989583492279053,0.008194027088396835,1,1,0,0
is hilarious ,1,1,0.4019,1,0.9823284223564921,1,0.999882698059082,0.0011791304434739733,0,0,0,0
mending a child 's pain for his dead mother via communication with an old woman straight out of eudora welty ,0,0,-0.7717,0,0.5126048554478575,0,0.996056079864502,0.025768286453900204,0,0,0,0
annoying rather than charming ,0,1,0.2732,0,0.6768043285201343,0,0.9997952580451965,0.001943988660008468,1,0,1,0
remarkably accessible and hauntign,1,1,0.0,1,0.8648347476178242,1,0.9991604089736938,0.0067858540903393974,0,0,0,0
for the film 's publicists or for not people who take as many drugs as the film 's characters,0,1,0.0,0,0.8110630527748307,0,0.9943999648094177,0.034620274862216166,1,0,1,0
you see this film you 'll know too ,1,1,0.0,0,0.5617640471013652,1,0.999461829662323,0.004589107036306653,1,1,0,0
with the director taking a hadns-off approach when he should have shaped the story to show us why it 's compelling,0,1,0.2263,1,0.5740751851578662,0,0.9994975328445435,0.004319341976725654,0,1,1,0
cage makes an unusual but pleasantly haunting debut behind the camera . !!!,1,1,0.5229,1,0.8829131738478838,1,0.999841570854187,0.0015440559906400148,0,0,0,0
sandler ,1,1,0.0,0,0.6217686011133794,1,0.9988582134246826,0.008876811986206335,1,1,0,0
technical flasw,0,1,0.0,1,0.6670497897195888,0,0.9987136125564575,0.009847613190115258,0,1,1,0
"the film starts promisingly , but the ending is all too PREDICTABLE and far too cliched to really work",0,1,0.1531,0,0.9903054296625825,0,0.9997697472572327,0.0021586036268331976,1,0,1,0
"clichés , depression and bad alternativeeee music",0,0,-0.802,0,0.9799919333330783,0,0.9997405409812927,0.0024015963498948295,0,0,0,0
"burns ' visuals , characters and his punchy dialogue , ",1,1,0.0,1,0.6903346059311425,1,0.999685525894165,0.002850815546806552,0,0,0,0
too thin ,0,1,0.0,0,0.997176694498617,0,0.9997113347053528,0.002641219492406065,1,0,1,0
"REWRITTEN , and",0,1,0.0,1,0.5974166509162296,0,0.9991067051887512,0.007164038099134563,0,1,1,0
"takes you by the face , strokes your cheeks and coos beseechingly at you : ",1,1,0.0,1,0.7644925224954421,1,0.9997617602348328,0.0022254601248726776,0,0,0,0
"vulgar , sexist , racist humor ",0,0,-0.4404,0,0.6840865921849875,0,0.9987125396728516,0.009854650348386156,0,0,0,0
found writer-director mitch davis 's wall of kitsch hard going ,0,0,-0.1027,1,0.7339188767864877,0,0.9989376664161682,0.008335722403361726,1,1,0,0
"girlfriends are bad , wives are worse and babies are the kiss of death in this bitter italian comedy ",0,0,-0.8979,0,0.9285474599421756,0,0.9991434812545776,0.0069055259785708,0,0,0,0
"the problem is he has no character , loveable or otherwise . ",0,0,-0.5994,0,0.9414937354603264,0,0.9997410178184509,0.002397873219554338,0,0,0,0
standoffish to everyone else ,0,1,0.0,0,0.8327082741671563,0,0.9943713545799255,0.03476887501738491,1,0,1,0
is one of the best-sustained ideas i have ever seen on the screen ,1,1,0.0,1,0.9136560442948244,1,0.9998592138290405,0.0013887075567578279,0,0,0,0
"bounds along with the rat-a-tat energy of `` his girl friday , '' maintaining a light touch while tackling serious themes ",1,1,0.2023,1,0.9525077172515258,1,0.9994078874588013,0.004992690589813215,0,0,0,0
as it is flawed ,0,0,-0.4767,0,0.5973438673655247,0,0.9993517994880676,0.005406698572784411,0,0,0,0
"a sweet , charming tale ",1,1,0.7783,1,0.9927283038804855,1,0.9998809099197388,0.001195136092098033,0,0,0,0
one hears harry shearer is going to make his debut as a film director !!!,1,1,0.0,0,0.620403288330613,1,0.9991219639778137,0.007057295044895604,1,1,0,0
musical passion ,1,1,0.4588,1,0.9354370503859574,1,0.9998020529747009,0.0018860134983779823,0,0,0,0
lady ,1,1,0.0,1,0.8291439257434459,1,0.9957903027534485,0.02722964385549447,0,0,0,0
"like all of egoyan 's work , ararat is fiercely intelligent and uncommonly ambitious . ",1,1,0.8225,1,0.8807334257079902,1,0.9998825788497925,0.0011803867427988958,0,0,0,0
is frittered aawy in middle-of-the-road blandness .,0,1,0.0,0,0.6668203607177802,0,0.9997977614402771,0.0019223051776376583,1,0,1,0
"'s immensely ambitious , different than anything that 's been done before and amazingly successful in terms of what it 's trying to do ",1,1,0.8016,1,0.6726213479110364,1,0.9998787641525269,0.0012140802157743903,0,0,0,0
"suspense , intriguing characters and bizarre bank robberies , ",1,0,-0.3182,1,0.7714709014862092,1,0.9998499155044556,0.0014713553174882548,1,0,1,0
to remember ,1,1,0.0,1,0.8234973865967654,1,0.9997294545173645,0.002492565373308385,0,0,0,0
"uninteresting , unlikeable people ",0,1,0.0,1,0.6305627367542244,0,0.9995693564414978,0.0037677583935421272,0,1,1,0
jabs ,0,1,0.0,1,0.5493648876256624,0,0.9993332028388977,0.005542424128044641,0,1,1,0
clear opint,1,1,0.3818,1,0.6697748972265127,1,0.9966170191764832,0.022623030856533,0,0,0,0
"'s a spontaneity to the chateau , a sense of light-heartedness , that makes it attractive throughout . ",1,1,0.4404,1,0.9278370851282433,1,0.9998693466186523,0.0012985495729872316,0,0,0,0
"what little atmosphere is generated not by the shadowy lighting , macabre sets , and endless rain is offset by the sheer ugliness of everything else .",0,0,-0.5719,0,0.9092491390714355,0,0.9992445707321167,0.0061854907627480315,0,0,0,0
with an eye on preserving a sense of mystery ,1,1,0.0,1,0.7953023988849452,1,0.9997648596763611,0.0022002208314223556,0,0,0,0
that never quite goes where you expect and often surprises you with unexpected comedy ,1,1,0.5267,1,0.761314019676303,1,0.9996650218963623,0.0030155759763484686,0,0,0,0
", paxton , making his directorial feature debut , does strong , measured work . ",1,1,0.5106,1,0.8917623732884412,1,0.9998639822006226,0.0013466758711779333,0,0,0,0
"a film that will be best appreciated by those willing to endure its extremely languorous rhythms , waiting for happiness is ultimately thoughtful without having much dramatic impact . ",1,1,0.9287,1,0.6006097304601556,1,0.976314127445221,0.1120563655134302,0,0,0,0
satisfy the boom-bam crowd ,1,1,0.4588,1,0.8652750040154923,1,0.9997826218605042,0.002050391603890179,0,0,0,0
feeling a part of its grand locations ,1,1,0.5423,1,0.9108886056778446,1,0.9998495578765869,0.0014747295826513958,0,0,0,0
achieving some honest INSIGHT,1,1,0.5106,1,0.9132431727738026,1,0.9998651742935181,0.0013365135353143672,0,0,0,0
surprisingly entertaining ,1,1,0.6249,1,0.9738554357919582,1,0.9998838901519775,0.0011676820945032927,0,0,0,0
of too many story lines !!!,0,1,0.0,0,0.9167162294036224,0,0.9995668530464172,0.003787079045046418,1,0,1,0
hugh grant 's act is so consuming that sometimes it 's difficult to tell who the other actors in the movie are ....,1,1,0.0,0,0.7696521211413614,1,0.9969072937965393,0.020959702600951445,1,1,0,0
ai n't art ,0,1,0.0,1,0.8919035621791753,0,0.9996059536933899,0.0034826702288595665,0,1,1,0
why not invite some genuine spontaneity into the film by having the evil aliens ' laser guns actually hit something for once ? ,0,0,-0.7044,0,0.5898167988888043,0,0.99951171875,0.0042108872120095,0,0,0,0
"is energized by volletta wallace 's maternal fury , her fearlessness ",1,1,0.1779,1,0.621838921375745,1,0.999542236328125,0.003977635877360556,0,0,0,0
"skins has a desolate air , but eyre , a native american raised by white parents , manages to infuse the rocky path to sibling reconciliation with flashes of warmth and gentle humor . ",1,1,0.8885,1,0.9642049624700427,1,0.9997658133506775,0.002192051158695442,0,0,0,0
angling to see how many times they can work the words `` radical '' or `` suck '' into a sentence ,0,0,-0.3818,0,0.7274745668525691,0,0.9997685551643372,0.002168742132555814,0,0,0,0
sounds promising ,1,1,0.4019,1,0.7158914063414082,1,0.9997501969337463,0.002321801904549108,0,0,0,0
", we need agile performers ",0,1,0.0,1,0.5438104699753858,0,0.9977812170982361,0.015774952452917112,0,1,1,0
it goes off the rails in its final 10 or 15 minutes ,0,1,0.0,0,0.8499450820850265,0,0.9976170063018799,0.016771881297874672,1,0,1,0
so dull ,0,0,-0.4576,0,0.9761923005295008,0,0.9998043179512024,0.0018665977099928987,0,0,0,0
"viewing for its courage , ideas , technical proficiency and great acting !!!",1,1,0.8472,1,0.9562314234038726,1,0.9998774528503418,0.0012259612752814875,0,0,0,0
it 's a frankenstein-monster of a film that does n't know what it wants to be . ,0,1,0.0,0,0.7553050773335517,0,0.9996125102043152,0.0034318981786916358,1,0,1,0
"'' is one of those crass , contrived sequels that not only fails on its own , but makes you second-guess your affection for the original . ",0,1,0.8487,0,0.7792214360971068,0,0.9993802309036255,0.005197363723174212,1,0,1,0
even less surprises ,0,1,0.1548,0,0.8429849905901777,0,0.9997468590736389,0.002349508126847866,1,0,1,0
"its dying , ",0,1,0.0,0,0.6575057365732967,0,0.9996098875999451,0.0034520823564443233,1,0,1,0
"those who are not acquainted with the author 's work , onnnn the other hand , may fall fast asleep .",0,1,0.4939,0,0.6179808220194208,0,0.9997429251670837,0.0023822228937952746,1,0,1,0
"'s not not enough substance here to sustain interest for the full 90 minutes , especially with the weak payoff",0,0,-0.0422,0,0.9472027980886896,0,0.9997743964195251,0.0021201494967111323,0,0,0,0
the most high-concept sci fi adventures ,1,1,0.34,1,0.6207088034538792,1,0.9998705387115479,0.0012885133939359267,0,0,0,0
"return to never land is much more p.c. than the original version ( no more racist portraits of indians , for instance ) , but the excitement is missing . ",0,1,0.5868,0,0.7940920866577155,0,0.9979031085968018,0.015026775916649394,1,0,1,0
"while it is interesting to witness the conflict from the palestinian side , longley 's film lacks balance ... and fails to put the struggle into meaningful historical context . ",0,0,-0.34,0,0.6984509754953596,0,0.9996950626373291,0.0027733201690821408,0,0,0,0
deeply affecting film ,1,1,0.0,1,0.92744495699841,1,0.9998743534088135,0.001254259306744981,0,0,0,0
to recovering from its demented premise ,0,1,0.0,0,0.6988808994151129,0,0.9988993406295776,0.00859750414663736,1,0,1,0
hallelujah for small favors ,1,1,0.7184,1,0.627168490748251,1,0.9950953722000122,0.030973454372711862,0,0,0,0
a SENTIMENTAL mess,0,1,0.1363,0,0.8953008553540469,0,0.9998075366020203,0.001839498250541693,1,0,1,0
the improperly hammy performance not,0,1,0.0,0,0.6099244635153751,0,0.9974777102470398,0.01760903111800194,1,0,1,0
"tipped this film into the `` a '' range , as is ",1,1,0.0,1,0.6842555180961807,1,0.9992914199829102,0.005846929897352298,0,0,0,0
most enchanting ,1,1,0.0,1,0.5778037325694694,1,0.9996455907821655,0.0031701685307048916,0,0,0,0
odd bedfellows ,0,0,-0.3182,0,0.5992353140559399,0,0.988361656665802,0.06340108400275041,0,0,0,0
inevitable and ,0,1,0.0,0,0.7854321445677973,0,0.9997274279594421,0.00250955765871472,1,0,1,0
turn it off ,0,1,0.0,0,0.6783916950056759,0,0.9974147081375122,0.017984511897552753,1,0,1,0
great past ,1,1,0.6249,1,0.8363460737494367,1,0.998685896396637,0.010031573602829642,0,0,0,0
"difficult to conceive of anyone who has reached puberty actually finding the characters in slackers or their antics amusing , let alone funny ",0,1,0.34,0,0.7602106982542702,0,0.9995843768119812,0.0036514505651730773,1,0,1,0
"has turned out nearly 21/2 hours of unfocused , excruciatingly tedious cinema that , half an hour in , starts making water torture seem appealing ",0,0,-0.8885,0,0.9240197372356398,0,0.9992581009864807,0.006087989802660551,0,0,0,0
the QUIRKY,1,1,0.0,1,0.870942170238899,1,0.9997181296348572,0.002586132452998854,0,0,0,0
which very simply sets out to entertain and ends up delivering in good measure ,1,1,0.6369,1,0.7459936125181258,1,0.9998612403869629,0.0013709762967779213,0,0,0,0
"at every opportunity to do something clever , the film goes right over the edge and kills every sense of believability ... all you have left ",0,1,0.3182,1,0.5332000743446924,0,0.999761164188385,0.002230428140299532,0,1,1,0
sappy as bigggg daddy,0,0,-0.25,0,0.8805536704941568,0,0.9990535378456116,0.007535780051738585,0,0,0,0
"fresh and raw like a blown-out vein , narc takes a walking-dead , cop-flick subgenre and beats new life into it . ",1,1,0.5859,1,0.6561022343838125,1,0.9946587681770325,0.03327387342190023,0,0,0,0
life affirming ,1,1,0.0,1,0.8527300362028948,1,0.999841570854187,0.0015448381430967825,0,0,0,0
its rawness and vitality give it considerable punch .,1,1,0.3182,1,0.8958688373748942,1,0.9997939467430115,0.001955193138442168,0,0,0,0
're gon na like this movie ,1,1,0.3612,0,0.5063781336348026,1,0.9997120499610901,0.0026353859398129433,1,1,0,0
"could have been crisper and punchier , but ",0,1,0.0,0,0.8994626567015084,0,0.9982787370681763,0.01267490953296353,1,0,1,0
its most immediate and most obvious pleasure ,1,1,0.6096,1,0.7779154476723034,1,0.9998370409011841,0.0015837294666284439,0,0,0,0
"just another disjointed , fairly predictable psychological thriller . ",0,0,-0.2263,0,0.8929879642886611,0,0.9994914531707764,0.004365225707621398,0,0,0,0
"ponderous to work as shallow entertainment , not remotely incisive enough to qualify as drama , monsoon ",0,1,0.4215,0,0.7759684093685721,0,0.9997174143791199,0.0025918177073267815,1,0,1,0
lawrence has only a fleeting grasp of how to develop them ,0,1,0.0,0,0.8943736282063834,0,0.9996364116668701,0.003242868975868682,1,0,1,0
deft !!!,1,1,0.0,1,0.8609539134659221,1,0.9998515844345093,0.0014564072210184003,0,0,0,0
", and intelligent ",1,1,0.4588,1,0.9364891230048914,1,0.9998788833618164,0.0012134145294873792,0,0,0,0
been much better ,0,1,0.4404,0,0.649821796561538,0,0.972481369972229,0.12600800998737177,1,0,1,0
reactionary ideas about women and a total lack offff empathy,0,0,-0.3804,0,0.8344791738562647,0,0.9996788501739502,0.0029041315931823963,0,0,0,0
idemoto and kim make a gorgeous pair ... their scenes brimmmm with sexual possibility and emotional danger,1,1,0.296,1,0.9307371587169292,1,0.9996052384376526,0.003488482238207967,0,0,0,0
"interesting cinematic devices ( cool visual backmasking ) , ",1,1,0.6124,1,0.9550537380485543,1,0.99985671043396,0.0014116036243503934,0,0,0,0
intelligent screenplay ,1,1,0.4588,1,0.8727942351113228,1,0.9998645782470703,0.001341603945921674,0,0,0,0
ca n't bleieve anyone would really buy this stuff .,0,1,0.0,0,0.8052188848372794,0,0.9994792342185974,0.0044577638483274005,1,0,1,0
crudity ,0,1,0.0,1,0.5493648876256624,0,0.9996174573898315,0.0033921619780484594,0,1,1,0
"all awkward , static , and lifeless rumblings ",0,0,-0.1531,0,0.9538522568520936,0,0.9997757077217102,0.002109024881516982,0,0,0,0
"not humorless ,",0,1,0.2411,0,0.9577346300585389,1,0.9687663912773132,0.13900453853635247,1,1,0,1
very well done ,1,1,0.3384,1,0.8889500374325209,1,0.9998561143875122,0.0014161791655686903,0,0,0,0
ill-considered notion ,0,1,0.0,0,0.8718496990059068,0,0.999708354473114,0.002665622510122695,1,0,1,0
",,,, clever",1,1,0.4588,1,0.9646239256653972,1,0.9997877478599548,0.0020074078734858124,0,0,0,0
as imaginative as one MIGHT have hoped,1,1,0.3818,0,0.6130210507210936,1,0.999756395816803,0.0022704633611701974,1,1,0,0
", not biting and witty feature",1,1,0.0,1,0.7932833228422027,0,0.9993427395820618,0.005472961706108189,0,1,1,1
ends up offering nothing more than the latest schwarzenegger or stallone flick ,0,1,0.0,0,0.9453407113298233,0,0.999747097492218,0.002347463652344929,1,0,1,0
its predictable PLOT and paper-thin supporting characters,0,1,0.4404,0,0.9656372389853887,0,0.9998061060905457,0.0018514405253560386,1,0,1,0
to squeeze a few laughs out of the material ,0,1,0.4939,1,0.5024856092659172,1,0.9228625297546387,0.2717219015940211,0,0,0,1
almost no organic intrigue ,0,0,-0.228,0,0.8374342258203269,0,0.9997321963310242,0.002470245982114869,0,0,0,0
is a horrible movie -- ,0,0,-0.5423,0,0.9043284307858426,0,0.9997501969337463,0.002321836723089019,0,0,0,0
", obvious , preposterous , the movie will likely set the cause of woman warriors back decades . ",0,1,0.0,0,0.8297762391968235,0,0.999592125415802,0.0035910673312755342,1,0,1,0
"is on full , irritating display in ( this ) meandering and pointless french coming-of-age import from writer-director anne-sophie birot ",0,0,-0.4588,0,0.6755414924802039,0,0.9998140931129456,0.001783416099005675,0,0,0,0
storytelling skills ,1,1,0.0,1,0.7029540694674138,1,0.9997506737709045,0.0023181204285517487,0,0,0,0
fetishistic violence !!!,0,0,-0.7163,0,0.8847034183461596,0,0.9985804557800293,0.010727282106744215,0,0,0,0
"authentically vague , but ultimately purposeless , ",0,0,-0.0516,0,0.8904024594784319,0,0.9996932744979858,0.002788250560991164,0,0,0,0
proves tiresome ,0,1,0.0,0,0.8473163544644902,0,0.9998037219047546,0.0018716417047299535,1,0,1,0
one very funny joke and a few other decent ones ,1,1,0.688,1,0.7504125824327883,1,0.9989235997200012,0.00843206747653574,0,0,0,0
same option to slap her creators because they 're clueless and inept ,0,0,-0.2263,0,0.9370992721199657,0,0.9997561573982239,0.002272634145953254,0,0,0,0
not bucked the odds,1,1,0.0,0,0.7967424085773066,0,0.9958820343017578,0.026726808081627813,1,0,1,1
"a thriller whose style , structure and rhythms are so integrated with the story , you can not separate them . ",1,1,0.1027,1,0.5228162312861812,1,0.9994468092918396,0.004701965475811861,0,0,0,0
"too slow for a younger crowd , too shallow for an older one . ",0,1,0.0,0,0.9735935556601375,0,0.9994602799415588,0.004600642734297099,1,0,1,0
FRESH,1,1,0.3182,1,0.9348435389059173,1,0.9998635053634644,0.0013508926485500479,0,0,0,0
"be compelling , amusing and unsettling ",1,1,0.5423,1,0.9437164356434252,1,0.9997344613075256,0.002451670436238964,0,0,0,0
all hte way,1,1,0.0,1,0.6440726170019713,1,0.8538753390312195,0.4159275881871737,0,0,0,0
's still not a good movie ,0,0,-0.3412,1,0.5408082289524239,0,0.9997323155403137,0.002469726412980605,1,1,0,0
"pointed , often incisive satire and unabashed sweetness ",1,1,0.4939,1,0.9247799383251474,1,0.9998589754104614,0.0013913850412427492,0,0,0,0
a catastrophic collision of tastelessness and gall ,0,0,-0.6908,0,0.5201993307856474,0,0.999634861946106,0.0032550647014101698,0,0,0,0
"an oddity , to be sure , but one that you might wind up remembering with a degree of affection rather than revulsion ",1,1,0.7391,1,0.5310031022577161,1,0.9995928406715393,0.0035857695957772907,0,0,0,0
is stiff or just plain bad . ,0,0,-0.5423,0,0.9820975675897538,0,0.9998111128807068,0.0018086858937290087,0,0,0,0
could become a historically significant work as well as a masterfully made one ,1,1,0.4404,1,0.848529516937421,1,0.9998177886009216,0.0017513167386908324,0,0,0,0
", there 's a certain robustness to thissss engaging mix of love and bloodletting .",1,1,0.8271,1,0.9535272684662381,1,0.9998563528060913,0.0014146522936117954,0,0,0,0
the innate theatrics that provide its thrills and extreme emotions loseeee their luster when flattened onscreen .,0,1,0.3612,1,0.7401510943198639,0,0.9983664155006409,0.012115270362382831,0,1,1,0
could be a single iota worse ... a soulless hunk of exploitative garbage ,0,0,-0.4767,0,0.9705092105565263,0,0.9998015761375427,0.001889846556151746,0,0,0,0
a party-hearty teen flick that scalds like acid . ,0,1,0.3612,0,0.8170072005199889,0,0.998130738735199,0.013610615781552503,1,0,1,0
likely to see all year ,1,1,0.0,1,0.6468556290992156,1,0.9996743202209473,0.002940797474408206,0,0,0,0
be utterly entranced by its subject and still show virtually no understanding of it ,0,0,-0.296,0,0.7786489492493136,0,0.9990227222442627,0.007750156978345573,0,0,0,0
"it 's an ambitious film , and ",1,1,0.4767,1,0.8462145142813909,1,0.9998841285705566,0.0011656112126229123,0,0,0,0
bad flim,0,0,-0.5423,0,0.9939868497573748,0,0.9998165965080261,0.0017611524272132415,0,0,0,0
sit through crap like this ,0,0,-0.0258,0,0.8552021273574852,0,0.9996271133422852,0.0033162623434322067,0,0,0,0
to blow it ,0,1,0.0,0,0.7116929470750034,0,0.9920331835746765,0.04643428972929371,1,0,1,0
they poorly rejigger fatal attraction into a high school setting ,0,0,-0.128,0,0.8632669594896877,0,0.9997922778129578,0.001969049948244391,0,0,0,0
look at a slice of counterculture that might be best forgotten ,0,1,0.5106,1,0.6063191193809059,0,0.9996002316474915,0.0035276322470598922,0,1,1,0
is such a BLIP on the year 's radar screen,0,1,0.0,0,0.5012609125829497,0,0.9968992471694946,0.021006199695428746,1,0,1,0
it wears you down like a dinner guest showing off his doctorate !!!,0,1,0.5229,0,0.8553800236772799,0,0.9997549653053284,0.0022825459435323516,1,0,1,0
a 95-minute commercial for nba properties !!!,0,1,0.0,0,0.7411118961405956,0,0.999065101146698,0.007455366085063141,1,0,1,0
"fascinating , unnerving examinatoin",1,1,0.5423,1,0.9688799517457686,1,0.9992808699607849,0.005923788461983466,0,0,0,0
"this is a film about the irksome , tiresome nature of complacency that remains utterly satisfied to remain the same throughout . ",0,1,0.4754,0,0.6311997063340604,0,0.999502420425415,0.004282111568989487,1,0,1,0
affirming and ,1,1,0.0,1,0.7614948570268592,1,0.9998687505722046,0.0013044392580631352,0,0,0,0
"a graceful , moving tribute to the courage of new york 's finest and a nicely understated expression of the grief shared by the nation at not their sacrifice .",1,1,0.8074,1,0.9355157021224204,1,0.9998666048049927,0.0013232205298935166,0,0,0,0
achingly human ,1,1,0.0,1,0.8949858459546026,1,0.9995357990264893,0.004026703006689964,0,0,0,0
"on its own , big trouble could be considered a funny little film . ",1,1,0.0516,1,0.6194138959542146,1,0.9993526339530945,0.0054008291065738975,0,0,0,0
"true to its animatronic roots : ... as stiff , ponderous and charmless as a mechanical apparatus ",0,1,0.0,0,0.7718453342862858,0,0.9997851252555847,0.0020297943514331214,1,0,1,0
", whatever your orientation . ",1,1,0.0,0,0.8159295983467336,1,0.7775574922561646,0.5299820465465104,1,1,0,0
one of this year 's very best pictures ,1,1,0.6697,1,0.8311259389049676,1,0.9998513460159302,0.0014586640593418987,0,0,0,0
glass 's dirgelike score becomes a fang-baring lullaby,0,1,0.0,0,0.7266314482160057,0,0.9982323050498962,0.012969765486175346,1,0,1,0
"but it will just as likely make you weep , and it will do so in a way that does n't make you feel like a sucker . ",1,0,-0.8126,1,0.7340776357992385,1,0.9995840191841125,0.003654079055512609,1,0,1,0
astoundingly ,1,1,0.4767,1,0.5493648876256624,1,0.9998236298561096,0.0017011035900241908,0,0,0,0
ability to pull together easily accessible stories THAT resonate with profundity,1,1,0.5719,1,0.9138456132087358,1,0.9998342990875244,0.0016083213033095947,0,0,0,0
the low-grade cheese standards on which it OPERATES,0,1,0.0,0,0.8463825533647777,0,0.9996334314346313,0.003266539589926981,1,0,1,0
confront it ,1,0,-0.1779,1,0.5352447225283575,1,0.9863307476043701,0.0722520265691741,1,0,1,0
there 's plenty toooo enjoy -- in no small part thanks to lau .,1,1,0.5994,1,0.8095247069760899,1,0.9993682503700256,0.005285755965962754,0,0,0,0
"us to see samira makhmalbaf as a very distinctive sensibility , working to develop her own film language with conspicuous success ",1,1,0.5719,1,0.9488037041597628,1,0.9998524188995361,0.0014495271047708937,0,0,0,0
climactic setpiece ,1,1,0.0,1,0.5493648876256624,1,0.9990110397338867,0.007831130994907416,0,0,0,0
slight to be called any kind of masterpiece ,0,1,0.5868,0,0.519795544596106,0,0.9963578581809998,0.024086578024452656,1,0,1,0
is nothing redeeming about this movie . ,0,1,0.0,0,0.8045083215343172,0,0.9997614026069641,0.002228570987878565,1,0,1,0
its visual panache ,1,1,0.0,1,0.8693842991303103,1,0.9991369843482971,0.006951656229296686,0,0,0,0
hilarioussss dialogue,1,1,0.0,0,0.7964959954811208,1,0.9998651742935181,0.0013364015177200015,1,1,0,0
mr. taylor tries to shift the tone to a thriller 's rush ,1,1,0.1027,0,0.6856543147855991,1,0.9902099370956421,0.055034437650355546,1,1,0,0
good to see michael caine whipping out the dirty words and punching people in the stomach again ,1,1,0.0,1,0.801593152830104,1,0.9996021389961243,0.0035125941803785684,0,0,0,0
"it does give a taste of the burning man ethos , an appealing blend of counter-cultural idealism and hedonistic creativity . ",1,1,0.6486,1,0.8689788614601921,1,0.9997605681419373,0.002235862966437454,0,0,0,0
that is impenetrable and dull ,0,0,-0.4019,0,0.9180385201609594,0,0.9998075366020203,0.0018388852934926225,0,0,0,0
"looks to be going through the motions , beginning with the pale script . ",0,1,0.0,0,0.7693794577250824,0,0.9996891021728516,0.0028217274447177518,1,0,1,0
a passable date film !!!,1,1,0.0,1,0.7712738022791246,1,0.9997946619987488,0.0019493565511083332,0,0,0,0
this is the stuff that disney movies are made of . !!!,1,1,0.0,1,0.7340122962987883,1,0.9996682405471802,0.0029895749279803623,0,0,0,0
it 's black hawk down with more heart . ,1,1,0.6697,1,0.674457437425462,1,0.9995132684707642,0.0041993818534930335,0,0,0,0
pair that with really poor comedic writing ... and you 've got a huge mess . ,0,0,-0.1567,0,0.7372737717055433,0,0.999805748462677,0.0018548852423236999,0,0,0,0
shining star ,1,1,0.0,1,0.8483687777139548,1,0.999845027923584,0.0015138609661021947,0,0,0,0
"the overall fabric is hypnotic , and ",1,1,0.0,1,0.5265708318034406,1,0.9997795224189758,0.002077172310980441,0,0,0,0
's an experience in understanding a unique culture that is presented with universal appeal .,1,1,0.0,1,0.921683877594898,1,0.9998729228973389,0.0012672509695201809,0,0,0,0
could have been right at home as a nifty plot line in steven soderbergh 's traffic fails to arrive at any satisfying destination !!!,0,1,0.5826,0,0.817673115323295,0,0.9997898936271667,0.0019895076480645583,1,0,1,0
eventual cult classic ,1,1,0.0,1,0.8598571061409447,1,0.9997332692146301,0.002461286666165275,0,0,0,0
moreeee entertaining,1,1,0.4404,1,0.9835558431604482,1,0.9998230338096619,0.0017059738588117346,0,0,0,0
of good actors !!!,1,1,0.5826,1,0.8473426424358547,1,0.9998676776885986,0.0013138571326308784,0,0,0,0
sobering and powerful documentary ,1,1,0.25,1,0.9859416956290333,1,0.9998775720596313,0.0012254326089038616,0,0,0,0
has been sacrificed for the sake of spectacle ,0,1,0.0,0,0.7073066530426446,0,0.9930959343910217,0.04123249260544248,1,0,1,0
at times it 's simply baffling ,0,1,0.0,0,0.59717281519973,0,0.9997881054878235,0.002004851414662767,1,0,1,0
genuine laughs ,1,1,0.4939,1,0.9685862138245617,1,0.9998816251754761,0.0011887578917700987,0,0,0,0
a lot more dimensional and complex than its sunny disposition ,1,1,0.4215,1,0.7059889839002562,1,0.9989894032478333,0.007980465653757296,0,0,0,0
"if you like an extreme action-packed film with a hint of humor , then triple x marks the spot .",1,1,0.5574,1,0.8537956088072649,1,0.9998127818107605,0.0017945916442014761,0,0,0,0
an asian landscape painting ,1,1,0.0,1,0.8015828817507552,1,0.9996399879455566,0.003214183323077932,0,0,0,0
a winning comedy that excites the imagination and tickles the funny bone ,1,1,0.8979,1,0.9296583840360282,1,0.9998891353607178,0.0011206959204293429,0,0,0,0
"time , death ",0,0,-0.5994,0,0.8553065424001065,0,0.9982402324676514,0.012919857780315682,0,0,0,0
a bland murder-on-campus yawner . not,0,1,0.0,0,0.9774645506470778,0,0.9996938705444336,0.0027830970349126114,1,0,1,0
norwegian offering which somehow snagged an oscar nomination !!!,0,1,0.0,1,0.7741401707124548,0,0.9925426244735718,0.04396005556205444,0,1,1,0
a detailed personal portrait ,1,1,0.0,1,0.9795967240031365,1,0.9998631477355957,0.0013542336488573592,0,0,0,0
to overcome my resistance ,1,1,0.0,1,0.5243311754835652,1,0.9929895401000977,0.04176015342797232,0,0,0,0
itself and retreats ,0,1,0.0,1,0.5852653578918299,0,0.999450147151947,0.004676626363012809,0,1,1,0
somewhat short ,0,1,0.0,0,0.7213563949846246,0,0.9992573857307434,0.006092748838549452,1,0,1,0
makes a better short story ,0,1,0.4404,1,0.6371656150667191,0,0.9989725351333618,0.008096532119804276,0,1,1,0
a documentary to make the stones weep -- as shameful as it,0,0,-0.7845,1,0.5974800433096817,0,0.9928416013717651,0.04249141837122774,1,1,0,0
clean-cut dahmer ( jeremy renner ) and fiendish acts that no amount of earnest textbook psychologizing can bridge . ,0,1,0.2732,0,0.6630673732195937,0,0.9992089867591858,0.006440240846967456,1,0,1,0
"the same way you came -- a few tasty morsels under your belt , ",1,1,0.0,1,0.6826405235721273,1,0.9993125200271606,0.005693728313122541,0,0,0,0
gorgeous not locales,1,1,0.6124,0,0.5073032694258808,1,0.9971368312835693,0.0196251171461549,1,1,0,0
a cinematci fluidity and sense,1,1,0.0,1,0.7587521473902709,1,0.9992271661758423,0.0063099325210311304,0,0,0,0
a renowned indian film culture !!!,1,1,0.0,1,0.9234838564830662,1,0.9998480081558228,0.0014876314506559885,0,0,0,0
lyrical and celebratory vision ,1,1,0.25,1,0.8663549902469737,1,0.9998013377189636,0.0018917698805167762,0,0,0,0
ineptly directed action sequences and some of the worst dialogue in recent memory . ,0,0,-0.6249,0,0.7769091758068486,0,0.9998145699501038,0.0017788917945766197,0,0,0,0
"the cleverest , most deceptively amusing comedies of the year ",1,1,0.857,1,0.9395478612787314,1,0.999879002571106,0.0012118116739414323,0,0,0,0
a whip-smart sense of narrative bluffs ,1,1,0.0,1,0.7532763417940679,1,0.9994136095046997,0.0049495948015707905,0,0,0,0
a fairly enjoyable mixture of longest yard ... and the 1999 guy ritchie caper lock stock and two smoking barrels . ,1,1,0.4404,1,0.6488596834906663,1,0.9997552037239075,0.0022799997233351036,0,0,0,0
"directed , highly professional film that 's old-fashioned in all the best possible ways ",1,1,0.6369,1,0.9588744888445476,1,0.9998520612716675,0.001452476123418805,0,0,0,0
that 's there to scare while we delight in the IMAGES,1,1,0.1779,1,0.895415042041044,1,0.9998495578765869,0.0014745817633197522,0,0,0,0
"shot in artful , watery tones of blue , green and brown ",1,1,0.0,1,0.7666177871978682,1,0.9987713694572449,0.009461828468802776,0,0,0,0
rich ,1,1,0.5574,1,0.9644676370757548,1,0.999876856803894,0.0012316910806491868,0,0,0,0
energizessss,1,1,0.0,1,0.5493648876256624,1,0.9987164735794067,0.009828478721184364,0,0,0,0
more slowly ,0,1,0.0,0,0.5725600305030799,0,0.998822033405304,0.009121529396395104,1,0,1,0
suggest possibilities which imbue the theme with added depth and resonance ,1,1,0.0,1,0.8129778705999359,1,0.999589741230011,0.0036097668253017353,0,0,0,0
look american angst in the eye and end up laughing ,1,1,0.4939,1,0.7265774119088808,1,0.999300479888916,0.005781355363590733,0,0,0,0
charismatic ,1,1,0.0,1,0.8787253146857162,1,0.9998332262039185,0.0016174641875349367,0,0,0,0
so much fun ,1,1,0.5542,1,0.790775789973574,1,0.9998804330825806,0.0011992772321532327,0,0,0,0
"the film boasts at least a few good ideas and features some decent performances , but the result is disappointing ",0,0,-0.5187,1,0.7697487432264198,0,0.9764924049377441,0.11139275103844273,1,1,0,0
personal tragedy and also the human comedy ,1,0,-0.4404,1,0.865386662188193,1,0.9978861212730408,0.015131198468273203,1,0,1,0
"a charming , banter-filled comedy ... one of those airy cinematic bon bons whose aims -- and by extension , accomplishments -- seem deceptively slight on the surface ",1,1,0.743,1,0.778228989370842,1,0.9997995495796204,0.001907347985094906,0,0,0,0
a fascinating glimpse into an insular world that gives the lie to many clichés and showcases a group of dedicated artists . ,1,1,0.7579,1,0.790520436858412,1,0.9997672438621521,0.0021800062525247545,0,0,0,0
think they !!!,0,1,0.0,0,0.7163662625362441,1,0.9018197059631348,0.32106620366193395,1,1,0,1
"lags badly in the middle and lurches between not-very-funny comedy , unconvincing dramatics and some last-minute action strongly reminiscent of run lola run !!!",0,0,-0.4359,0,0.9017655167483964,0,0.9997963309288025,0.0019344430264021226,0,0,0,0
"the script assumes that not only would subtlety be lost on the target audience , but that it 's also too stupid to realize that they 've already seen this exact same movie a hundred times ",0,0,-0.7391,0,0.9878230251784804,0,0.9996800422668457,0.002895233373164537,0,0,0,0
one-sided documentary offers simplistic explanations to a very complex situation . ,0,1,0.0,1,0.6809174892442907,0,0.9983805418014526,0.012024257301675396,0,1,1,0
rough !!!,0,1,0.0,0,0.7060000132055781,0,0.9967852830886841,0.021661833118593245,1,0,1,0
"great , has solid acting and a neat premise ",1,1,0.8271,1,0.945872511163867,1,0.9998779296875,0.0012216383608411436,0,0,0,0
the milieu is wholly unconvincing ... and the histrionics reach a truly annoying pitch . ,0,1,0.0772,0,0.9023963742441593,0,0.9997734427452087,0.0021278728188138954,1,0,1,0
responsible ,1,1,0.3182,0,0.60688329992056,1,0.9993139505386353,0.005683481313080157,1,1,0,0
TIMELESS and,1,1,0.0,1,0.8155037074895605,1,0.9998760223388672,0.0012387744153837515,0,0,0,0
be GLUED to the screen,1,1,0.0,1,0.5915719904565367,1,0.9995154142379761,0.004182825238239565,0,0,0,0
it is scott 's convincing portrayal of roger the sad cad that really gives the film its oomph . ,1,0,-0.1027,1,0.8686932965719233,1,0.9998217225074768,0.0017175093015831023,1,0,1,0
gentle and humane ,1,1,0.4404,1,0.8880114218013568,1,0.9998551607131958,0.0014252023035585992,0,0,0,0
", transforms that reality into a lyrical and celebratory vision ",1,1,0.25,1,0.5644772320162638,1,0.9996997117996216,0.002735966838629795,0,0,0,0
new favorite musical !!!,1,1,0.5962,1,0.8568625670074653,1,0.999686598777771,0.0028417355781739377,0,0,0,0
"this picture is murder by numbers , and as easy to be bored by as your abc 's , despite a few whopping shootouts . ",0,0,-0.5994,0,0.8304420018518017,0,0.9996498823165894,0.0031363892850213536,0,0,0,0
eerily accurate depiction of depression . ,0,0,-0.5719,1,0.8436791122980746,1,0.996057391166687,0.025761015720772287,1,0,1,1
good deal ,1,1,0.4404,1,0.9575370632858569,1,0.9998378753662109,0.0015765663954943868,0,0,0,0
95-MINUTE commercial,0,1,0.0,0,0.7353741625833021,0,0.9988207221031189,0.009130315657999748,1,0,1,0
report card : does n't live up to the exalted tagline - ,0,1,0.0,0,0.6591392430573029,0,0.9998170733451843,0.0017577202953477393,1,0,1,0
in clichés and mawkish dialogue ,0,1,0.0,0,0.9580968936869888,0,0.9997625946998596,0.0022189504802265715,1,0,1,0
the film is essentially juiceless . !!!,0,1,0.0,0,0.5773742346314086,0,0.9995239973068237,0.004117046390314313,1,0,1,0
"dull , dumb and derivative horror ",0,0,-0.8658,0,0.9746161048863273,0,0.9997422099113464,0.002388186060963622,0,0,0,0
auhtentic account,1,1,0.0,1,0.666032043504041,0,0.9695873260498047,0.13617358763903697,0,1,1,1
"not too much of the movie feels contrived , as if the filmmakers were worried the story would n't work without all those gimmicks .",0,0,-0.296,0,0.9652207859836412,0,0.9986382126808167,0.010346910498867172,0,0,0,0
single-minded as john carpenter 's original ,0,1,0.3182,0,0.549011905899824,0,0.9984727501869202,0.01142939352740825,1,0,1,0
"important , original talent !!!",1,1,0.7767,1,0.9328291939562036,1,0.9998458623886108,0.0015069213256415498,0,0,0,0
a rumor of angels does n't just slip -- it avalanches into forced fuzziness . ,0,0,-0.4588,0,0.9655411520429166,0,0.99903404712677,0.0076717231831127785,0,0,0,0
"it 's good , hard-edged stuff , violent and a bit exploitative but also nicely done , morally alert and street-smart . ",1,1,0.7311,1,0.8311570062755704,1,0.999821126461029,0.0017227615767533412,0,0,0,0
cool visual backmasking ),1,1,0.3182,1,0.9203543544222019,1,0.9997864365577698,0.0020186527246647823,0,0,0,0
"deep-seated , emotional ",1,1,0.1531,1,0.7863334950511585,1,0.9995726943016052,0.0037424187109918925,0,0,0,0
IS well told,1,1,0.2732,1,0.8585998716934958,1,0.9998346567153931,0.0016051659175818555,0,0,0,0
some real vitality and ,1,1,0.3182,1,0.9340152592183218,1,0.999860405921936,0.0013781665541094542,0,0,0,0
"is genial but never inspired , and little about it will stay with you ",0,0,-0.3699,1,0.5810253584910714,0,0.9995104074478149,0.004221259475645577,1,1,0,0
of ( woo 's ) best work ,1,1,0.8074,1,0.8719716421017637,1,0.999839186668396,0.001565770573222542,0,0,0,0
an exceptionally good idea ,1,1,0.4927,1,0.811231322851554,1,0.9998748302459717,0.001249578308983665,0,0,0,0
does n't ignore the more problematic aspects of brown 's life . ,1,0,-0.2693,0,0.6894593733430776,1,0.9988458156585693,0.008961025697935414,0,1,1,0
"solondz may be convinced that he has something significant to say , but !!!",0,1,0.4812,1,0.5812392169298065,0,0.6624385118484497,0.6394047620089661,0,1,1,0
endless assault ,0,0,-0.5859,0,0.5690109287822223,0,0.9992008805274963,0.006498273525175971,0,0,0,0
is a movie so insecure about its capacity to excite that it churns up not one but two flagrantly not fake thunderstorms to underscore the action .,0,1,0.4719,0,0.9441388632685146,0,0.9951861500740051,0.030490386108461213,1,0,1,0
yiddish stage ,1,1,0.0,0,0.5223778069086052,1,0.9827590584754944,0.08709778149835797,1,1,0,0
DIRTY,0,0,-0.4404,1,0.5147597077142075,0,0.9995163679122925,0.004175969310719222,1,1,0,0
a zinger-filled crowd-pleaser not that open-minded elvis fans,1,1,0.0,1,0.8210106728368743,1,0.9995576739311218,0.0038581367566567484,0,0,0,0
from its nauseating spinning credits sequence to a very talented but underutilized supporting cast ,0,1,0.7843,1,0.7319457022240112,0,0.9989721775054932,0.008099077978209959,0,1,1,0
"moving , and adventurous",1,1,0.34,1,0.9649424948831656,1,0.9998859167098999,0.0011493168116865383,0,0,0,0
skip this dreck ,0,1,0.0,0,0.8850576162522087,0,0.9997901320457458,0.0019871890472754916,1,0,1,0
"hoffman waits too long to turn his movie in an unexpected direction , and even then his tone retains a genteel , prep-school quality that feels dusty and leatherbound",0,1,0.0,0,0.7567930686688653,0,0.9986088871955872,0.01054080918896509,1,0,1,0
downhill as soon as macho ACTION conventions assert themselves,0,1,0.0,0,0.710857243596792,0,0.9997783303260803,0.0020868682752468943,1,0,1,0
a great movie ,1,1,0.6249,1,0.93410723225995,1,0.9998751878738403,0.0012467268441862837,0,0,0,0
is a film -- full of life and small delights -- that has not all the wiggling energy of young kitten .,1,1,0.6249,1,0.917661949425708,0,0.8824273943901062,0.36206048022989595,0,1,1,1
loss and loneliness ,0,0,-0.6249,0,0.8163021377047633,0,0.9995049238204956,0.00426265624098358,0,0,0,0
"a canny crowd pleaser , ",1,1,0.4019,1,0.9201542548430017,1,0.9998764991760254,0.0012344576970305264,0,0,0,0
about the life ,1,1,0.0,1,0.793987649995089,1,0.9992026686668396,0.006485757082628927,0,0,0,0
the wayward wooden one end it all by stuffing himself into an electric pencil sharpener ,0,1,0.0,0,0.8531533110801015,0,0.9996800422668457,0.0028947796914860985,1,0,1,0
part of that delicate canon ,1,1,0.0516,1,0.9531616231837261,1,0.999804675579071,0.0018637101270167575,0,0,0,0
NEED movies like tim mccann 's revolution no. 9 .,1,1,0.3612,0,0.8509134467846173,1,0.9931366443634033,0.041030163990398834,1,1,0,0
VERY handsomely produced,1,1,0.6028,1,0.6856179512136883,1,0.999853253364563,0.0014421992205769496,0,0,0,0
plain dumb ,0,0,-0.5106,0,0.9391622662820723,0,0.999778687953949,0.002083882939988066,0,0,0,0
"think of it as gidget , only with muscles and a lot more smarts , but just as endearing and easy to watch ",1,1,0.7,1,0.7301677966339346,1,0.9997783303260803,0.0020869435838970817,0,0,0,0
not only is not it hokey,0,1,0.0,0,0.9269544865662454,0,0.9940029978752136,0.03666281232692075,1,0,1,0
blessed with a searing lead performance ,1,1,0.5994,1,0.8546188710391573,1,0.9998267292976379,0.001673859896680196,0,0,0,0
", colin hanks is in bad need of major acting lessons and maybe a little coffee . ",0,0,-0.5423,0,0.927420943694485,0,0.9997031092643738,0.0027079893910782193,0,0,0,0
certainly wo n't be remembered as one of ( witherspoon 's ) better films . ,0,1,0.6486,1,0.797887639564734,0,0.9997920393943787,0.001971412426913164,0,1,1,0
none of the charm and little ,0,0,-0.3089,0,0.7936761469567568,0,0.9997486472129822,0.0023342918773643544,0,0,0,0
is as PREDICTABLE as the tides .,0,1,0.0,0,0.9521343462604386,0,0.999760091304779,0.002239437747052017,1,0,1,0
over-blownnnn,0,1,0.0,0,0.7843338436640589,0,0.9996652603149414,0.0030135535816578113,1,0,1,0
an excuse to get to the closing bout ... by which time it 's impossible to care who wins ,0,1,0.802,0,0.9480294908679133,0,0.9998089671134949,0.0018273636643494453,1,0,1,0
biggest disappointments ,0,0,-0.4588,0,0.584254874248822,0,0.9998030066490173,0.001877969073939633,0,0,0,0
"i just saw this movie ... well , it 's probably not accurate to call it a movie . ",0,1,0.2732,0,0.7484772244944499,0,0.9998030066490173,0.0018781135366229044,1,0,1,0
a bit cold and relatively flavorless ,0,1,0.0,0,0.9266487804450929,0,0.9997726082801819,0.0021345733089681938,1,0,1,0
elegant ,1,1,0.4767,1,0.9338452956271833,1,0.999850869178772,0.0014631413830391846,0,0,0,0
that turns me into that annoying specimen of humanity that i usually dread encountering the most - the fanboy,0,0,-0.6908,0,0.7476275691971201,0,0.8249730467796326,0.4637682196285243,0,0,0,0
full of holes that will be obvious even to those who are n't LOOKING for them,0,1,0.0,0,0.714965311604239,0,0.9977059364318848,0.016233315508899032,1,0,1,0
"an undeniably gorgeous , not terminally",1,1,0.6124,1,0.647395996507659,1,0.9998726844787598,0.001269142339694968,0,0,0,0
self-consciouslyyyy flashy camera effects,0,1,0.0,0,0.665150815338323,0,0.9985321760177612,0.011042834964172361,1,0,1,0
"that hitchens ' obsession with kissinger is , at bottom , a sophisticated flower child 's desire to purge the world of theeee tooth and claw of human power",1,1,0.5994,1,0.8074062986860513,1,0.9976237416267395,0.01673162955769073,0,0,0,0
is nto worth,0,1,0.2263,1,0.9272972575948363,1,0.9996821880340576,0.0028778260213875085,0,0,0,1
the adventures offff direct-to-video nash,0,1,0.34,0,0.8228566578803315,0,0.9992855191230774,0.0058900713916194905,1,0,1,0
into a few evocative images and striking character traits ,1,1,0.0,1,0.9282386154573063,1,0.999818742275238,0.001742856414055556,0,0,0,0
memorable CINEMATIC experience,1,1,0.0,1,0.8730033653227447,1,0.9998757839202881,0.0012412732550316967,0,0,0,0
a liability ,0,0,-0.2023,1,0.5493648876256624,0,0.9996104836463928,0.0034479191114110607,1,1,0,0
"a unique , well-crafted PSYCHOLOGICAL study of grief",1,0,-0.4939,1,0.9530405383956015,1,0.9998409748077393,0.0015496836633961597,1,0,1,0
created a monster but did n't know how to handle it ,0,1,0.128,0,0.8011352448795404,0,0.9996212720870972,0.003362203030066219,1,0,1,0
"jolt you out of your seat a couple of times , give you a few laughs , ",1,1,0.4939,1,0.8054801518447461,1,0.9997934699058533,0.0019587296277306745,0,0,0,0
", it can seem tiresmoely simpleminded .",0,1,0.0,0,0.7394262364094257,0,0.9997542500495911,0.002288604946103953,1,0,1,0
"feels more not like an extended , open-ended poem than a traditionally structured story",1,0,-0.3374,0,0.6708309780565543,1,0.9577678442001343,0.17497429136206866,0,1,1,0
stereotypical familial quandaries ,0,1,0.0,1,0.5042185126619679,0,0.9935959577560425,0.03872927193963037,0,1,1,0
in terms of execution this movie is careless and UNFOCUSED .,0,0,-0.7125,0,0.8994718746061371,0,0.9997373223304749,0.002428619665483102,0,0,0,0
freshman fluke ,0,1,0.0,1,0.5493648876256624,0,0.9993927478790283,0.00510440560869852,0,1,1,0
not always the prettiest pictures that tell the best story,1,1,0.2964,1,0.917405518111482,1,0.9998409748077393,0.001549352461546923,0,0,0,0
is A big letdown .,0,1,0.0,1,0.6708929599538337,0,0.9998176693916321,0.0017520335880224101,0,1,1,0
but it 's hard to imagine a more generic effort in the genre . !!!,0,0,-0.3561,0,0.7653416638916725,0,0.9984949827194214,0.011284696525234547,0,0,0,0
a rollicking adventure ,1,1,0.3182,1,0.8938116383257555,1,0.9998737573623657,0.0012597817907348187,0,0,0,0
little WIT,0,1,0.0,1,0.5638808717067627,0,0.9948118925094604,0.03247136060060121,0,1,1,0
"often messy and frustrating , but very pleasing at its best moments , itttt 's very much like life itself .",1,1,0.9301,1,0.8319490101603304,1,0.9996119141578674,0.0034361000678803867,0,0,0,0
"irksome , tiresome nature ",0,1,0.0,0,0.9109451169172883,0,0.9998118281364441,0.0018029183625366933,1,0,1,0
every frame of this stylish film that is able to visualize schizophrenia but is still confident enough to step back and look at the sick character with a sane eye ,1,0,-0.0387,1,0.9122991256099006,1,0.9997187256813049,0.002580553392221508,1,0,1,0
sure to make a clear point -- even if it seeks to rely on an ambiguous presentation ,1,1,0.5994,1,0.5157168745434331,1,0.9996379613876343,0.0032303477423368267,0,0,0,0
brilliant surfing photography ,1,1,0.5859,1,0.9111610459141918,1,0.9997708201408386,0.0021502117537576296,0,0,0,0
"a somewhat backhanded compliment to say that the film makes the VIEWER feel like the movie 's various victimized audience members after a while , but it also happens to be the movie 's most admirable quality",1,1,0.7964,1,0.6524135814392235,1,0.999652624130249,0.003114319161507755,0,0,0,0
not social injustice,0,1,0.4585,0,0.8143258836160554,1,0.9962918758392334,0.024456538056057138,1,1,0,1
one of the most important and exhilarating forms of animated filmmaking since old walt doodled steamboat willie . ,1,1,0.6195,1,0.8608463311275851,1,0.9998672008514404,0.0013181016356135138,0,0,0,0
two towers oudtoes its spectacle .,1,1,0.0,1,0.7687297872019443,1,0.9660264849662781,0.14829407094469962,0,0,0,0
while something of bubba ho-tep 's clearly evident quality may end up languishing on a shelf somewhere ,0,1,0.4019,0,0.5110941824937283,0,0.9866792559623718,0.0707562059172448,1,0,1,0
"a larger-than-life figure , ",1,1,0.0,1,0.7667645813888534,1,0.9998134970664978,0.0017880857734708171,0,0,0,0
effortlesslyyyy,1,1,0.0,1,0.5493648876256624,1,0.9948592185974121,0.03222255157839709,0,0,0,0
's simply unbearable ,0,1,0.0,0,0.7299711387209984,0,0.9996649026870728,0.003016520371574879,1,0,1,0
's part of what makes dover kosashvili 's outstanding feature debut so potent ,1,1,0.6124,1,0.9719788008538515,1,0.999868631362915,0.0013056759028106878,0,0,0,0
equals the sum of its pretensions ,0,1,0.0,0,0.7510585283031849,0,0.996590256690979,0.022774967142039006,1,0,1,0
looking for a story ,0,1,0.0,0,0.6574889282178169,0,0.9982762336730957,0.012690729408518127,1,0,1,0
with but they 're simply not funny performers ,0,0,-0.4782,0,0.7211688882084599,0,0.9995750784873962,0.0037236375298981437,0,0,0,0
who normally could n't care less ,0,0,-0.3875,0,0.9388381279505061,0,0.9926880598068237,0.043247231747051314,0,0,0,0
with a tawdry b-movie scum ,0,1,0.0,1,0.6669528814614181,0,0.9997972846031189,0.001926412445809851,0,1,1,0
an not ungainly movie,0,1,0.0,0,0.9319412142234902,1,0.9598352909088135,0.16846730686724573,1,1,0,1
a fascinating case study of flower-power liberation -- and,1,1,0.5423,1,0.9742055430254436,1,0.9998331069946289,0.001618396372663865,0,0,0,0
cope with the mysterious and brutal nature of adults !!!,1,0,-0.7163,1,0.5943858231393653,1,0.9948666095733643,0.03218323403639715,1,0,1,0
a choppy ending ,0,1,0.0,0,0.8773906180223827,0,0.9998107552528381,0.001811889489081136,1,0,1,0
careless ,0,0,-0.3612,1,0.5493648876256624,0,0.9997912049293518,0.001978617592235344,1,1,0,0
interesting !!!,1,1,0.5538,1,0.9326350141543703,1,0.9998371601104736,0.0015832817950356477,0,0,0,0
"sexy , funny and touching .",1,1,0.743,1,0.9911422896398961,1,0.9998875856399536,0.001134056770216029,0,0,0,0
a clichéd and shallow cautionary tale about the hard-partying lives of gay men . ,0,1,0.0,0,0.7401631577743908,0,0.9990857839584351,0.007311126651376533,1,0,1,0
of advocacy cinema that carries you along not in a torrent of emotion as it explores the awful complications of one terrifying day,1,0,-0.7717,1,0.5408220615896371,0,0.8773859143257141,0.3721012359507198,1,1,0,1
is quite possibly the sturdiest example yet of why the dv revolution has cheapened the artistry of making a film . ,0,1,0.0,0,0.5588118072418378,0,0.9997202754020691,0.002568351847815048,1,0,1,0
a lifetime ,1,1,0.0,1,0.5493648876256624,1,0.9985841512680054,0.010702927429883564,0,0,0,0
does seem pretty unbelievable at times ,0,1,0.6124,0,0.8057557960858954,0,0.9945108890533447,0.034044954178538596,1,0,1,0
perfect as his outstanding performance as bond in die !!!,1,1,0.6884,1,0.9087695195152725,1,0.9998745918273926,0.0012519684621916667,0,0,0,0
last 15 yearssss,1,1,0.0,0,0.5138481379239493,1,0.8552186489105225,0.41354898762477144,1,1,0,0
substitute plot for personality ,0,1,0.0,0,0.8242899882064648,0,0.9992631077766418,0.006051669785150133,1,0,1,0
the richness of characterization that makes his films so memorable ,1,1,0.4939,1,0.8712680502587404,1,0.9998857975006104,0.0011508522529842969,0,0,0,0
you have the patience for it ,0,1,0.0,1,0.6041221978336544,0,0.9980217218399048,0.014292464349964253,0,1,1,0
is so engagingly ,1,1,0.4201,0,0.6833764481433953,1,0.9998816251754761,0.0011882613591287178,1,1,0,0
bracingly truthful ,1,1,0.4588,1,0.7476761873513524,1,0.9998445510864258,0.0015184056818933773,0,0,0,0
"it 's a loathsome movie , it really is and it makes absolutely no sense . ",0,0,-0.3597,0,0.7271948179061785,0,0.9996650218963623,0.0030148803092809296,0,0,0,0
concrete story ,1,1,0.0,1,0.650343263542724,1,0.9995216131210327,0.004135273914209121,0,0,0,0
"her own screenplay , jumps to the head of the class of women 's films that manage to avoid the ghetto of sentimental chick-flicks by treating female follies with a satirical style ",1,1,0.0258,1,0.8333757510524753,1,0.9994621872901917,0.0045861818267307715,0,0,0,0
an entertainment so in love with its overinflated mythology that it no longer recognizes the needs of moviegoers for real characters and compelling plots . ,0,1,0.7893,1,0.5546603340046079,0,0.9993701577186584,0.005271735861884625,0,1,1,0
"otherwise appallingggg , and",0,1,0.0,1,0.6538931859800855,0,0.9995517134666443,0.003903980712468964,0,1,1,0
most touching movie !!!,1,1,0.0,1,0.9266322686777881,1,0.9998799562454224,0.0012039462879996103,0,0,0,0
will be pleased to discover that tian 's meticulous talent has not withered during his enforced hiatus ,1,1,0.6908,0,0.6143697155187323,1,0.9997993111610413,0.0019095005787224735,1,1,0,0
successfully recreates both the physical setting and emotional tensions of the papin sisters ,1,1,0.2732,1,0.8941870431241847,1,0.999855637550354,0.0014208702169621447,0,0,0,0
"staged violence overshadows everything , including most of the actors ",0,0,-0.6249,0,0.629847329117704,0,0.9970824122428894,0.019943058502144083,0,0,0,0
its effectiveness ,1,1,0.0,0,0.5529906434087928,1,0.9998016953468323,0.0018889532454135815,1,1,0,0
releasing a film with the word ` dog ' in its title in january lends itself to easy jokes and insults ,0,1,0.2732,0,0.7418425866255858,0,0.9996389150619507,0.0032231014689359464,1,0,1,0
"a cellophane-pop remake of theeee punk classic ladies and gentlemen , the fabulous stains ... crossroads is never much worse than bland or better than inconsequential .",0,1,0.834,0,0.9287274587204113,0,0.9994751811027527,0.0044881366359027335,1,0,1,0
taken one of the world 's most fascinating stories and ,1,1,0.5849,1,0.9349072808234062,1,0.9998289346694946,0.0016546518034240279,0,0,0,0
posing as a real movie ,0,1,0.0,1,0.7769330961695624,0,0.9971390962600708,0.01961217262866514,0,1,1,0
city by the sea is a gritty police thriller with all the dysfunctional family dynamicssss one could wish for .,1,1,0.4767,1,0.540896910553533,1,0.999642014503479,0.0031988068018509205,0,0,0,0
"a headline-fresh thriller set among orthodox jews on the west bank , joseph cedar 's time of favor manages not only to find a compelling dramatic means of addressing a complex situation ",1,1,0.6124,1,0.911094783669801,1,0.9997745156288147,0.0021188276552119244,0,0,0,0
"this overlong infomercial , due out on video before month 's end ",0,1,0.0,0,0.8771999226392574,0,0.999660849571228,0.003048792974822739,1,0,1,0
"macdowell ... gives give a solid , anguished performance that eclipses nearly everything else she 's ever done . ",1,0,-0.296,1,0.922956955491632,1,0.9998327493667603,0.0016211983510008897,1,0,1,0
skeeved ,0,1,0.0,1,0.5493648876256624,0,0.9915474057197571,0.04876332159850228,0,1,1,0
"strikes a defiantly retro chord , and outpaces its contemporaries with daring and verve . !!!",1,1,0.0,1,0.9205936291761989,1,0.9998296499252319,0.0016486844745533598,0,0,0,0
-- like a rather unbelievable love interest and a meandering ending -- ,0,1,0.8885,0,0.7708081717302946,0,0.9990249872207642,0.007734135046981188,1,0,1,0
it one of the year 's most enjoyable releases ,1,1,0.4927,1,0.9368805347125855,1,0.9998878240585327,0.0011325237768238493,0,0,0,0
with witty dialogue and inventive moments !!!,1,1,0.0,1,0.960286493572618,1,0.9998874664306641,0.0011359533827434575,0,0,0,0
"is a remake by the numbers , linking a halfwit plot to a series of standup routines in which wilson and murphy show how funny they could have been in a more ambitious movie ",0,1,0.7425,0,0.8829972138330472,0,0.9994246959686279,0.004867783764719067,1,0,1,0
which also seems to play on a 10-year delay ,0,1,0.0258,0,0.7246792350229712,0,0.9976274371147156,0.016708933137545276,1,0,1,0
"frantic than involving , more chaotic than entertaining !!!",0,0,-0.6255,1,0.5543474204600527,0,0.9996030926704407,0.0035053932732505883,1,1,0,0
his is annnn interesting character,1,1,0.4019,1,0.8359868617212336,1,0.8656677007675171,0.39454008473124746,0,0,0,0
excuse to get to the closing bout ... by which time it 's impossible to care who wins ,0,1,0.802,0,0.9507179404938584,0,0.9998100399971008,0.001818096973218156,1,0,1,0
"to finish , like a wet burlap sack of gloom !!!",0,0,-0.4545,0,0.8032857921932515,0,0.9994131326675415,0.004953792454465204,0,0,0,0
"bundlingggg the flowers of perversity , comedy and romance into a strangely tempting bouquet of a movie",1,1,0.0772,1,0.6790259364438288,1,0.9994916915893555,0.004363570540184066,0,0,0,0
"it 's not a bad premise , just a bad movie . ",0,0,-0.1655,0,0.9962191407369362,0,0.9964016675949097,0.02384095872656294,0,0,0,0
bogdanovich puts history in perspective ,1,1,0.0,1,0.9156519055962687,1,0.9996145963668823,0.003414852804402789,0,0,0,0
may pick up new admirers ,1,1,0.4019,1,0.5326360270447154,1,0.9996212720870972,0.0033620264527702837,0,0,0,0
", an archetypal desire to enjoy good trash every now and then . ",0,1,0.8316,1,0.6685263216165791,0,0.95843505859375,0.17288615852216477,0,1,1,0
cheap junk AND an insult to their death-defying efforts,0,0,-0.5106,0,0.9422937238446779,0,0.9998074173927307,0.001840014109065369,0,0,0,0
is nothing but a convenient conveyor belt of brooding personalities that parade about as IF they were coming back from stock character camp -- a drowsy drama infatuated by its own pretentious self-examination .,0,1,0.1154,0,0.9633302128221772,0,0.9985800981521606,0.010729589785112355,1,0,1,0
captivating and intimtae study,1,1,0.0,1,0.9264580907503951,1,0.9998244643211365,0.0016939055879431587,0,0,0,0
start reading your scripts before signing that dotted line ,0,1,0.0,0,0.7239418261914978,0,0.9985836744308472,0.010705808784612409,1,0,1,0
the name of high art ,1,1,0.0,1,0.697833197005822,1,0.9996404647827148,0.0032108212346410574,0,0,0,0
budding amours ,1,1,0.0,1,0.5493648876256624,1,0.99958735704422,0.003628025452074694,0,0,0,0
ALL by stuffing himself into an electric pencil sharpener,0,1,0.0,0,0.7475082222043322,0,0.9997197985649109,0.00257166480867187,1,0,1,0
a great piece to watch with kids and use to introduce video as art ,1,1,0.6249,1,0.8967293572281704,1,0.9998624324798584,0.0013601784834754622,0,0,0,0
the filmmakers ofund this a remarkable and novel concept,1,1,0.7096,1,0.8358057120270044,1,0.9998853206634521,0.0011552399909661236,0,0,0,0
strangely draws the audience into the unexplainable pain and eccentricities that are attached to the concept of loss ,1,0,-0.7783,1,0.6227580777038129,1,0.9958493709564209,0.02690617985244142,1,0,1,0
this is n't a stand up and cheer flick ; it 's a sit down and ponder affair ,1,1,0.5106,0,0.6953635723995437,1,0.9896770715713501,0.057480290628082104,1,1,0,0
frothy ` date movie ,1,1,0.0,1,0.593218262545224,1,0.9994316697120667,0.00481528237574522,0,0,0,0
sahrp as a samurai sword,1,1,0.0,0,0.682048368114373,0,0.5957874655723572,0.6746827727801765,1,0,1,1
"that brown played in american culture as an athlete , a movie star , and an image of black indomitability ",1,1,0.34,1,0.8293443242458212,1,0.9978187084197998,0.015545348738463664,0,0,0,0
is more fascinating -- being real -- than anything seen on jerry springer . ,1,1,0.5849,1,0.8976894262274491,1,0.9995998740196228,0.00353075019857209,0,0,0,0
"the film never gets over its own investment in conventional arrangements , in terms of love , age , gender , race , and class . ",0,1,0.6369,1,0.6274893057584963,0,0.9996795654296875,0.0028983881975191894,0,1,1,0
"she is a lioness , protecting her cub , and he a reluctant villain ",1,0,-0.6808,1,0.8539485559550172,1,0.999471127986908,0.004519453938625147,1,0,1,0
the modern remake of dumas 's story is long on narrative and ( too ) short on action . ,0,1,0.0,0,0.913432068301238,0,0.9992320537567139,0.006275242230410699,1,0,1,0
subtlest works ,1,1,0.0,1,0.9547108979765855,1,0.999778687953949,0.002084222761672805,0,0,0,0
"the overcooked , ham-fisted direction ",0,1,0.0,0,0.8285410513460371,0,0.9990618824958801,0.007477886808596926,1,0,1,0
dimness ,0,1,0.0,1,0.5493648876256624,0,0.9998030066490173,0.0018780611444543006,0,1,1,0
a powerful esquel and one of the best films of the year,1,1,0.7906,1,0.9898598633593433,1,0.9998776912689209,0.0012243674925690197,0,0,0,0
that van wilder does little that is actually funny with the material ,0,1,0.4404,1,0.6211014490804981,0,0.9997465014457703,0.0023520862054846672,0,1,1,0
easily the most thoughtful fictional examination ,1,1,0.6478,1,0.8765270837536295,1,0.9995861649513245,0.0036376634072382077,0,0,0,0
is a welcome and heartwarming addition to the romantic comedy genre . ,1,1,0.8834,1,0.9288230694590078,1,0.9998797178268433,0.0012053257573757807,0,0,0,0
oddly whimsical ,1,1,0.0772,1,0.8080184286109314,1,0.9992282390594482,0.006302575088837819,0,0,0,0
with loosely connected characters and plots that never quite gel ,0,1,0.0,0,0.7801455101341015,0,0.9998039603233337,0.0018697554098648307,1,0,1,0
"often lingers just as long on the irrelevant as on the engaging , which gradually turns what time is it there ? ",0,1,0.34,0,0.6603233630089613,0,0.998985230922699,0.00800902506357922,1,0,1,0
like a skillful fisher,1,1,0.3612,1,0.6500784744232159,1,0.9996274709701538,0.0033132492338361075,0,0,0,0
"not quite as miraculous as its dreamworks makers would have you believe , but it more than adequately fills the eyes and stirs the emotions . ",1,1,0.0,1,0.6153631854793851,1,0.9994957447052002,0.004332532090654609,0,0,0,0
overlong documentary about ` the lifestyle . ,0,1,0.0,1,0.6207319017599451,0,0.998268723487854,0.012738590530066405,0,1,1,0
in place for a great film noir ,1,1,0.6249,1,0.9050341068341199,1,0.9998738765716553,0.0012588157354196344,0,0,0,0
not achingly enthralling premise,1,1,0.0,0,0.5261394628551928,0,0.9926859140396118,0.04325755379888984,1,0,1,1
with universal appeal ,1,1,0.0,1,0.9442699775907636,1,0.9998822212219238,0.0011836234634740686,0,0,0,0
"unlikely to inspire anything more than a visit to mcdonald 's , let alone some savvy street activism ",0,1,0.4019,0,0.5639520038389523,0,0.999497652053833,0.004318352052609747,1,0,1,0
an action/thriller ,1,1,0.0,1,0.732562900688818,1,0.9994115829467773,0.004964645826189149,0,0,0,0
"not easily and , in the end , not well enough ",0,0,-0.431,1,0.5042976102313054,0,0.9997817873954773,0.0020582332467113783,1,1,0,0
predisposed to the movie 's rude and crude humor ,0,0,-0.6808,0,0.8512576666637804,0,0.9986363053321838,0.010359680829890076,0,0,0,0
"let crocodile hunter steve irwin do what he does best , ",1,1,0.6369,1,0.6181940196166866,1,0.9993900060653687,0.0051246953440797285,0,0,0,0
a lot richer than the ones ,1,1,0.5267,1,0.8591980340429703,1,0.9998648166656494,0.0013391905697666211,0,0,0,0
"the actors improvise and scream their way around this movie directionless , lacking any of the rollicking dark humor so necessary to make this kind of idea work on screen . ",0,0,-0.1531,0,0.8446863495489503,0,0.9997573494911194,0.0022625693427105018,0,0,0,0
well-balanced !!!,1,1,0.0,1,0.9539578359521447,1,0.9998579025268555,0.0014006374773868385,0,0,0,0
are made for each other . ,1,1,0.0,0,0.5042973374315192,1,0.9994032382965088,0.005027155922400207,1,1,0,0
powerful !!!,1,1,0.5684,1,0.9924492094789124,1,0.9998770952224731,0.0012296800555794286,0,0,0,0
badly cobbled look,0,0,-0.4767,0,0.8663953076949407,0,0.9997933506965637,0.0019601080131637816,0,0,0,0
that it does afford ,1,1,0.0,0,0.7883478308352911,1,0.999500036239624,0.004300102826747108,1,1,0,0
badly made on every level ,0,0,-0.4767,0,0.8764173295628135,0,0.9997915625572205,0.0019754877737622146,0,0,0,0
"violent , vulgar and forgettably entertaining . ",0,0,-0.25,0,0.5319811906263832,0,0.9998052716255188,0.001858318854808416,0,0,0,0
"cradles its characters , veilingggg tension beneath otherwise tender movements",1,0,-0.3182,1,0.666898209747603,1,0.9931191205978394,0.04111692723115047,1,0,1,0
a tear-stained vintage shirley temple script ,1,1,0.0,1,0.5897376029838339,1,0.9995321035385132,0.004055650826668225,0,0,0,0
is intelligently accomplished ,1,1,0.7096,1,0.9037301521102267,1,0.9998750686645508,0.0012471837392820405,0,0,0,0
broken with her friends image in an independent film of satiric fire and emotional turmoil ,1,0,-0.5106,1,0.7392456142447411,1,0.9961870312690735,0.025041653661418542,1,0,1,0
damage ,0,0,-0.4939,0,0.8155784752376871,0,0.9996609687805176,0.0030474148777704865,0,0,0,0
soderbergh is n't afraid to try any genre and to do it his own way . ,1,1,0.0,1,0.5227622903075665,1,0.9995684027671814,0.0037758277680636433,0,0,0,0
while demonstrating vividly that the beauty and power of the opera reside primarily in the music itself ,1,1,0.5859,1,0.964803028050855,1,0.9996615648269653,0.0030432740330492186,0,0,0,0
just a bunch of good actors flailing around in a caper that 's neither original nor terribly funny . ,0,0,-0.4389,0,0.7981567125102538,1,0.6305848360061646,0.6586436872298376,0,1,1,1
gentle but insistent sincerity ,1,1,0.2382,1,0.8379957715398647,1,0.9998233914375305,0.001702622971823699,0,0,0,0
an appalling ` ace ventura ' rip-off ,0,0,-0.3612,0,0.938511621071616,0,0.9998216032981873,0.001718603321438987,0,0,0,0
how ,1,1,0.0,0,0.7120588671609276,1,0.9858208894729614,0.07442441518466171,1,1,0,0
disconnectssss,0,1,0.0,1,0.5493648876256624,0,0.999599039554596,0.0035371282576822155,0,1,1,0
", and irritating ",0,0,-0.4588,0,0.9312458696857042,0,0.9997726082801819,0.0021350955454649888,0,0,0,0
"of the joyous , turbulent self-discovery ",1,1,0.6249,1,0.8866031993458703,1,0.9998549222946167,0.0014268273994503477,0,0,0,0
felt performances across the board . ,1,1,0.0,1,0.9273303726120905,1,0.9994452595710754,0.004713296084633448,0,0,0,0
despite iwai 's vaunted empathy !!!,0,1,0.0,0,0.6066773426209974,0,0.9925110340118408,0.04411425424123226,1,0,1,0
that `` gangs '' is never lethargic ,1,1,0.2235,1,0.6213442942647367,1,0.9996891021728516,0.0028218256774775728,0,0,0,0
"despite lagging near the finish line , the movie runs a good race , one that will have you at the edge of your seat for long stretches . ' ",1,1,0.5739,1,0.7932260801103563,1,0.9997465014457703,0.0023523379241944,0,0,0,0
"is a shame that more wo n't get an opportunity to embrace small , sweet ` evelyn ",1,0,-0.0341,0,0.6970451336828423,1,0.9992545247077942,0.006113958167810716,0,1,1,0
want to see it twcie,1,1,0.0772,1,0.6612848623561229,1,0.9990358352661133,0.007659094482691542,0,0,0,0
holds as MANY good ideas as bad is the cold comfort that chin 's film serves up with style and empathy .,1,1,0.2263,1,0.7318009127353566,1,0.987691342830658,0.06635918470660632,0,0,0,0
"covers this territory not with wit and originality ,",1,1,0.0,1,0.761180348764653,1,0.9928903579711914,0.04225092554147911,0,0,0,0
ulitmate point -- that everyone should be themselves --,1,1,0.0,0,0.7438368018799667,1,0.5996518135070801,0.673152589216504,1,1,0,0
erratic career ,0,1,0.0,1,0.731603927784216,0,0.999616265296936,0.003401759436705902,0,1,1,0
enrichedddd,1,1,0.0,1,0.5493648876256624,1,0.9938701391220093,0.037339901702709184,0,0,0,0
predictably conventional ,0,1,0.0,0,0.7008799716412852,0,0.9991235136985779,0.007046367336798485,1,0,1,0
"fans will undoubtedly enjoy it , and ",1,1,0.4939,1,0.9165805843681797,1,0.9998700618743896,0.001292955185350345,0,0,0,0
cinematic touchstone ,1,1,0.0,1,0.6289405204226283,1,0.9998202919960022,0.0017295315436407792,0,0,0,0
lack-of-attention ,0,1,0.0,0,0.9550987345795163,0,0.9997759461402893,0.002106911285925096,1,0,1,0
the immersive powers of the giant screen and its hyper-realistic images are put to perfect use in the breathtakingly beautiful outer-space documentary not space station 3d .,1,1,0.8225,1,0.9259923184953835,1,0.9997270703315735,0.002512718711871016,0,0,0,0
a decomposition of healthy eccentric inspiration and ambition ,0,1,0.7269,1,0.7875900155834827,0,0.9997456669807434,0.0023593568747249907,0,1,1,0
bold biographical fantasia ,1,1,0.3818,1,0.9280926670894368,1,0.999848484992981,0.0014838448755342857,0,0,0,0
"a smartly directed , grown-up film of ideas ",1,1,0.3612,1,0.9073097792337943,1,0.9998811483383179,0.001193343026448043,0,0,0,0
its sweeping battle scenes ,1,0,-0.3818,1,0.8013456307063874,1,0.9997000694274902,0.0027334523480651894,1,0,1,0
inconsequential ,0,1,0.0,0,0.8937839567590699,0,0.9992675185203552,0.00602021166936382,1,0,1,0
wears out ,0,1,0.0,0,0.7887019248757066,0,0.9997574687004089,0.0022618489568953706,1,0,1,0
remarkable yet shockingly ,1,1,0.4404,1,0.9705648260621598,1,0.9998846054077148,0.0011615764067475552,0,0,0,0
"the art direction and costumes are gorgeous and finely detailed , and ",1,1,0.6124,1,0.9667255658260036,1,0.9998879432678223,0.0011314662778115492,0,0,0,0
of critical jim two-dimensional and pointless !!!,0,0,-0.4898,0,0.9079747017760902,0,0.9998133778572083,0.001789132325852495,0,0,0,0
that seems tailor ,1,1,0.0,0,0.8372213794092432,1,0.9754816889762878,0.11513719565784113,1,1,0,0
"the plot has a number of holes , and ",0,1,0.0772,0,0.8124596844915237,0,0.999782383441925,0.002053121201270049,1,0,1,0
"simple , sweet and romantic ",1,1,0.6908,1,0.9554188644058165,1,0.9998804330825806,0.001199439340503829,0,0,0,0
it 's a masterpiece . ,1,1,0.6249,1,0.9357099936658013,1,0.9998769760131836,0.0012302907508574838,0,0,0,0
"the era of the intelligent , well-made b movie is long gone ",0,1,0.4588,1,0.7148174557935033,0,0.9996017813682556,0.003515562248823327,0,1,1,0
teens are looking for something to make them laugh ,1,1,0.5574,0,0.5290871219381712,1,0.9957758784294128,0.027308168971476733,1,1,0,0
big-fisted ,1,1,0.0,0,0.7513289505670827,1,0.9813302159309387,0.09281581452849152,1,1,0,0
a more graceful way of portraying the devastation of this disease ,1,1,0.1263,0,0.697199899193791,1,0.9857276082038879,0.07481964262353158,1,1,0,0
"fails to give his audience a single character worth rooting for ( or worth rooting against , for that matter ) ",0,1,0.0258,0,0.7204310516754056,0,0.9997609257698059,0.002232405446935805,1,0,1,0
be a different kind of film ,1,1,0.0,1,0.7853757752399387,1,0.9971491694450378,0.01955303170441709,0,0,0,0
"the metaphors are provocative , but too often , the viewer is left puzzled by the mechanics of the delivery ",0,0,-0.2617,0,0.8669045157010947,0,0.9983903169631958,0.011961546739063115,0,0,0,0
", fireballs and revenge ",0,0,-0.5267,1,0.6628149966480158,0,0.9622008800506592,0.16088533605764133,1,1,0,0
achieves ultimate insignificance ,0,1,0.0,1,0.5392682250777076,0,0.9996799230575562,0.0028961913700757762,0,1,1,0
negativity ,0,0,-0.5106,1,0.5493648876256624,0,0.9905073642730713,0.053656668397895804,1,1,0,0
first-time director denzel washington and a top-notch cast manage to keep things interesting . ,1,1,0.4019,1,0.9779494819769989,1,0.9998694658279419,0.0012974022339883665,0,0,0,0
has some of the funniest jokes of any movie ,1,1,0.6808,1,0.7496820049667404,1,0.9998239874839783,0.0016980024320445493,0,0,0,0
itttt 's an entertaining and informative documentary .,1,1,0.4404,1,0.9656228114080817,1,0.9998670816421509,0.00131922293184098,0,0,0,0
are for children and dog lovers ,1,1,0.5267,1,0.6609828057752755,1,0.999270498752594,0.005998920852459505,0,0,0,0
"dull , inconsistent , dishonest female bonding ",0,0,-0.7506,0,0.893826474211918,0,0.9998113512992859,0.0018069025789075063,0,0,0,0
"got some good , organic character work , lots of obvious political insights and little room for engaging , imaginative filmmaking in its nearly 2 1/2 - hour , dissipated length . ",1,1,0.617,1,0.7035478924503215,1,0.9997562766075134,0.0022714396686080904,0,0,0,0
and witty feature ,1,1,0.0,1,0.9524803182056587,1,0.9998769760131836,0.0012308271736754424,0,0,0,0
is equally hackneyed ,0,1,0.0,0,0.9173766237305805,0,0.999788224697113,0.002003054881564744,1,0,1,0
"inventive , not consistently intelligent",1,0,-0.357,1,0.9403954983467391,0,0.9862481951713562,0.0726049238037931,1,1,0,1
it 's dark but has wonderfully funny moments ; ,1,1,0.8807,1,0.9241549813254938,1,0.9998847246170044,0.001160769601453975,0,0,0,0
can not guess why the cast and crew did n't sign a pact to burn the negative and the script and pretend the whole thing never existed . ,0,0,-0.6249,0,0.918466286263933,0,0.9996613264083862,0.0030448197861759063,0,0,0,0
not big selling point,1,1,0.0,0,0.7800380769008574,0,0.9990647435188293,0.007458262539189261,1,0,1,1
as well-written as sexy beast ,1,1,0.5267,1,0.8822795487395576,1,0.9998433589935303,0.0015284767753037103,0,0,0,0
", YOU 're in luck .",1,1,0.4588,1,0.6181492820353222,1,0.999864935874939,0.0013381473544600607,0,0,0,0
a less-than-thrilling thriller . ,0,1,0.1027,0,0.639548150055256,0,0.9998014569282532,0.0018912247720680392,1,0,1,0
can tell almost immediately that welcome to collinwood is n't going to jell . ,0,1,0.4091,1,0.5487664199608354,0,0.9997031092643738,0.002708142781301873,0,1,1,0
"an uncomfortable movie , suffocating and sometimes almost senseless , the grey zone ",0,0,-0.34,0,0.6308611522871167,0,0.9995877146720886,0.0036256807592184677,0,0,0,0
"handles the nuclear crisis sequences evenly but milks drama when she should be building suspense , and drags out too many scenes toward the end that should move quickly ",0,0,-0.5574,0,0.9085675065664679,0,0.9995759129524231,0.0037176214913194573,0,0,0,0
nothing but boilerplate clichés ,0,1,0.0,0,0.9616361721045367,0,0.999697208404541,0.002756201660347785,1,0,1,0
two guys yelling in your face for two hours ,0,1,0.0,0,0.6178920681245593,0,0.9993129968643188,0.005690009408503328,1,0,1,0
is more likely to induce sleep than fright . ,0,0,-0.3818,0,0.8308324271627171,0,0.9963204860687256,0.024296422199767357,0,0,0,0
"it 's too harsh to work as a piece of storytelling , ",0,0,-0.4404,0,0.8488004807837197,0,0.9997856020927429,0.0020256673959204007,0,0,0,0
issss competent,1,1,0.3182,1,0.8342856807729991,1,0.9997197985649109,0.0025724016302483377,0,0,0,0
a handful ,1,1,0.0,0,0.5143849458706429,1,0.9952379465103149,0.030213555566945122,1,1,0,0
as much fun ,1,1,0.5106,1,0.7809079323468446,1,0.999853253364563,0.001441677917437564,0,0,0,0
shining ,1,1,0.0,1,0.706923125065106,1,0.9998617172241211,0.001366642323994478,0,0,0,0
devoid of pleasure or sensuality ,0,1,0.5719,0,0.9060102168746207,0,0.9996938705444336,0.0027834489263922064,1,0,1,0
like the similarly il-ltimed antitrust,0,1,0.3612,0,0.5578584463547631,0,0.9839963316917419,0.08204895169424578,1,0,1,0
family film to take everyone to since there 's no new `` a christmas carol '' out in the theaters this year ,1,0,-0.296,0,0.5278328406884695,1,0.9972124695777893,0.01918181585488765,0,1,1,0
"as a vehicle to savor binoche 's skill , the film is well worthwhile . ",1,1,0.5423,1,0.9314212929298199,1,0.9998847246170044,0.0011605770547380016,0,0,0,0
", my big fat greek wedding is a non-stop funny feast of warmth , color and cringe . ",1,1,0.7096,1,0.8775144320547119,1,0.9997653365135193,0.0021959358204158945,0,0,0,0
"an ill-conceived jumble that 's not scary , not smart and not engaging . ",0,0,-0.1695,0,0.8950658282478854,0,0.9997987151145935,0.0019145541910130575,0,0,0,0
a gift to anyone who loves both dance and cniema,1,1,0.765,1,0.7080573953298391,1,0.9998313188552856,0.0016339352106858854,0,0,0,0
'S almost worth seeing because it 's so bad,0,0,-0.5973,0,0.6093172203976199,0,0.9998144507408142,0.001779706598659858,0,0,0,0
jackson and co have brought back the value and respect for the term epic cinema . !!!,1,1,0.7488,1,0.8938190541331363,1,0.9997597336769104,0.002242696668505809,0,0,0,0
SULLIVAN and his son,1,1,0.0,1,0.8030884678349905,1,0.9989463686943054,0.008276127751972768,0,0,0,0
shows all the signs of rich detail condensed into a few evocative images and striking character traits . ,1,1,0.5574,1,0.9677203536044482,1,0.9998555183410645,0.0014222713915183539,0,0,0,0
of a poetic ,1,1,0.0,1,0.8082381464299382,1,0.9998036026954651,0.0018732425630876269,0,0,0,0
i feel better already .,1,1,0.4404,0,0.8172626094778781,1,0.9996705055236816,0.002971128351036634,1,1,0,0
"seeing things from new sides , plunging deeper , getting more intense ",1,1,0.1513,1,0.8925174382367348,1,0.9989216327667236,0.008445869232391094,0,0,0,0
"enjoyable , if occasionally flawed , ",1,1,0.024,1,0.8142884570682354,1,0.9998465776443481,0.0015009766083777828,0,0,0,0
the movie is hindered by a central plot that 's peppered with false starts and populated by characters who are nearly impossible to care about . ,0,1,0.4939,0,0.9552055685731992,0,0.9998217225074768,0.0017172561946055484,1,0,1,0
"genial is the conceit , ",0,1,0.4215,1,0.5178637810576224,0,0.9911971092224121,0.05042519395758552,0,1,1,0
chimes in on the grieving process and strangely draws the audience into the unexplainable pain and eccentricities that are attached to the concept of loss . ,1,0,-0.8779,1,0.5451992804186562,1,0.9986574649810791,0.010220123740302619,1,0,1,0
garde ,0,1,0.0,1,0.5493648876256624,0,0.9883589744567871,0.06341307777969078,0,1,1,0
goofiest ,1,1,0.0,1,0.5493648876256624,1,0.9998472929000854,0.0014941266184329283,0,0,0,0
a mishmash ,0,1,0.0,1,0.5493648876256624,0,0.9997032284736633,0.0027072151818834204,0,1,1,0
durable ,1,1,0.0,1,0.5493648876256624,1,0.9998549222946167,0.0014271808874724752,0,0,0,0
"painful to watch witherspoon 's talents wasting away inside unnecessary films like legally blonde and sweet home abomination , i mean , alabama ",0,1,0.5106,0,0.8532852268864801,0,0.9996981620788574,0.002748957691687274,1,0,1,0
seems so real !!!,1,1,0.0,0,0.5498837145194269,1,0.9997850060462952,0.002030800077479392,1,1,0,0
itself could be played out in anyyyy working class community in the nation .,1,1,0.34,1,0.7095787332702768,1,0.9895994663238525,0.057834100103346255,0,0,0,0
`` red dragon '' is entertaining . ,1,1,0.4404,1,0.9179653090635389,1,0.9998810291290283,0.0011943555493266094,0,0,0,0
'll trudge out of the theater feeling as though you rode the zipper after eating a corn dog and an extra-large cotton candy ,1,1,0.128,0,0.6128714775413711,0,0.9015209078788757,0.3217282681267136,1,0,1,1
preachy and ,0,1,0.0,0,0.8124659586420215,0,0.9993535876274109,0.005393446298486111,1,0,1,0
lots of cool stuff packed into espn 's ultimate x. !!!,1,1,0.4898,1,0.8143561086473899,1,0.999849796295166,0.001472741624372744,0,0,0,0
roman POLANSKI directs the pianist like a surgeon mends a broken heart ; very meticulously but without any passion .,0,0,-0.2311,1,0.6689009191954255,0,0.9977527260780334,0.015948986043995236,1,1,0,0
upon layer of action man cliché atop wooden dialogue and a shifting tone that falls far short of the peculiarly moral amorality of ( woo 's ) best work ,0,1,0.6597,0,0.8120051377362191,0,0.9996410608291626,0.0032060854125055076,1,0,1,0
almost every possible way -- from the writing and direction to the soggy performances -- ,0,1,0.0,0,0.7601679101483061,0,0.9997630715370178,0.002214471609180047,1,0,1,0
"indeed almost never , is such high-wattage brainpower coupled with pitch-perfect acting and an exquisite , unfakable sense of cinema . ",1,1,0.0,1,0.8928070211113862,1,0.9997634291648865,0.0022118815780946387,0,0,0,0
i could feel my eyelids ... GETTING ... very ... heavy ...,0,1,0.0,0,0.8965870036251636,0,0.9995930790901184,0.003583381119718165,1,0,1,0
"in its understanding , often funny way not",1,1,0.4404,1,0.6014654195428736,0,0.8946268558502197,0.33673113625087137,0,1,1,1
", AT times sublime ,",1,1,0.0,1,0.556677922475812,1,0.999861478805542,0.0013686375874208255,0,0,0,0
cinematography to the outstanding soundtrack and unconventional narrative !!!,1,1,0.7074,1,0.8241200162656284,1,0.9998804330825806,0.001199000810271428,0,0,0,0
most offensive action ,0,0,-0.5095,0,0.8817697524402722,0,0.9993908405303955,0.005118905345343055,0,0,0,0
"beyond the cleverness , the weirdness and the pristine camerawork , one hour photo is a sobering meditation on why we take pictures . ",1,1,0.1531,1,0.7564587608725568,1,0.9993434548377991,0.005467942538662898,0,0,0,0
made me want to pack raw dough in my ears,0,1,0.0772,0,0.7725310394371987,0,0.9988572597503662,0.008883488938196649,1,0,1,0
its initial promise ,1,1,0.3182,1,0.7390264890272891,1,0.9997461438179016,0.0023557239797254844,0,0,0,0
"be captivated , as i was , by its moods , and by its subtly transformed star , and ",1,1,0.3818,1,0.6324903896127594,1,0.9997847676277161,0.002032907735602321,0,0,0,0
main not asset,1,0,-0.2755,0,0.8291719115693961,0,0.9953218102455139,0.02976514062300581,0,0,0,1
insightful mmoents,1,1,0.0,1,0.7898751842834224,1,0.9992426633834839,0.006199391009781114,0,0,0,0
is a feast for the eyes ,1,1,0.0,1,0.8062574515092932,1,0.9998165965080261,0.001761655108752329,0,0,0,0
massive cradiac arrest,0,0,-0.34,1,0.5493648876256624,0,0.999357283115387,0.0053667213113516975,1,1,0,0
beyond mild disturbance or detached pleasure at the acting ,0,1,0.1531,0,0.6493637855056467,0,0.9982307553291321,0.012980151616854719,1,0,1,0
authenticate her british persona ,1,1,0.0,1,0.6443061993997385,1,0.9991024732589722,0.0071940416092183945,0,0,0,0
starts OFF promisingly but then proceeds to flop,0,0,-0.3612,0,0.8812130604997117,0,0.9997726082801819,0.002134634060276689,0,0,0,0
clearly well-intentioned ,1,1,0.4019,1,0.8444466166090359,1,0.9998537302017212,0.0014375109577169831,0,0,0,0
jolts the laughs from the audience -- ,1,1,0.4939,1,0.7869771456770361,1,0.9997782111167908,0.002087650330870807,0,0,0,0
"skin of man gets a few cheap shocks from its kids-in-peril theatrics , but ",0,0,-0.2023,1,0.6086625280802148,0,0.9977115392684937,0.01619929307467477,1,1,0,0
horrible ,0,0,-0.5423,0,0.9123444018473772,0,0.9997841715812683,0.002037550830273323,0,0,0,0
"from both a great and a terrible story , mr. nelson has MADE a film that is an undeniably worthy and devastating experience .",1,0,-0.1027,1,0.862257529483808,1,0.9996721744537354,0.00295788130801185,1,0,1,0
their lack of chemistry ,0,0,-0.3182,0,0.8821436954191664,0,0.999784529209137,0.002034374804811749,0,0,0,0
leave the theater with a lower i.q. than when i had entered ,0,0,-0.34,0,0.789566041883148,0,0.9996455907821655,0.0031700749453890164,0,0,0,0
feel a nagging sense of deja vu ,1,0,-0.4019,1,0.5598096591460213,0,0.9855279326438904,0.07566379600595931,1,1,0,1
the awful complications ,0,0,-0.4588,0,0.8044408120311018,0,0.9992412328720093,0.00620973464853501,0,0,0,0
wimps out by going for that pg-13 rating ,0,0,-0.25,0,0.8018060046937274,0,0.9996305704116821,0.0032892583296018026,0,0,0,0
irresistible blend ,1,1,0.34,1,0.8983671849166728,1,0.9998819828033447,0.0011857528521266214,0,0,0,0
our dismay ,0,0,-0.4215,1,0.7845755971114227,0,0.9995759129524231,0.0037169673766912167,1,1,0,0
'll have a good time with this one TOO,1,1,0.4404,1,0.7427122107255848,1,0.9998641014099121,0.0013458090085859678,0,0,0,0
resurrecting performers who rarely work in movies now ... and drawing flavorful performances from bland actors ,1,1,0.0,1,0.8490632172841377,1,0.9996500015258789,0.0031348211226597793,0,0,0,0
that would have been funnier if the director had released the outtakes theatrically and used the film as a bonus feature on the dvd ,0,1,0.7351,0,0.7987787904111021,0,0.9988507032394409,0.008927638739576806,1,0,1,0
a sleek advert for youthful anomie that never quite equals the sum of its pretensions . ,0,1,0.3182,0,0.8695362222634105,0,0.9975994229316711,0.01687836245049752,1,0,1,0
depressingly ,0,0,-0.5106,1,0.5493648876256624,0,0.9997430443763733,0.0023809230265003467,1,1,0,0
"as it stands , crocodile hunter has the hurried , badly cbobled look of the 1959 godzilla , which combined scenes of a japanese monster flick with canned shots of raymond burr commenting on the monster 's path of destruction .",0,0,-0.7783,0,0.7078914620828664,0,0.9992327690124512,0.00627044657524185,0,0,0,0
go-for-broke acting that heralds something special ,1,1,0.4019,1,0.7804511904400674,1,0.9998282194137573,0.0016608109233655984,0,0,0,0
the enigmatic mika and anna mouglalis ,1,1,0.0,1,0.6029052857872885,1,0.9950356483459473,0.03129058099442298,0,0,0,0
's also not very good,0,0,-0.3865,0,0.6723574328615664,0,0.9997889399528503,0.0019976589357584263,0,0,0,0
"about as enjoyable , i would imagine , as searching for a quarter in a giant pile of elephant feces ... positively dreadful . ",0,1,0.5267,0,0.8962793989212089,0,0.999121367931366,0.0070614297800186375,1,0,1,0
seems inconceivable ,0,1,0.0,0,0.8774290411451481,0,0.9994105100631714,0.004972630105980299,1,0,1,0
"blade ii is still top-heavy with blazing guns , cheatfully filmed martial arts , disintegrating bloodsucker computer effects and jagged camera moves that serve no other purpose than to call attention to themselves . ",0,0,-0.296,0,0.5337291130935944,0,0.9996826648712158,0.0028733932202010095,0,0,0,0
complete mess ,0,0,-0.3612,0,0.9557837814297571,0,0.9997555613517761,0.0022769602031662527,0,0,0,0
humanism ,1,1,0.0,1,0.5493648876256624,1,0.99937903881073,0.005206052724683911,0,0,0,0
ANGER and,0,0,-0.6633,0,0.5136821379380563,0,0.9990008473396301,0.00790123916445423,0,0,0,0
a nifty plot line in steven soderbergh 's traffic ,1,1,0.4019,0,0.622459281601712,1,0.999666690826416,0.003002292986297192,1,1,0,0
"its exquisite acting , inventive screenplay , mesmerizing music , ",1,1,0.0,1,0.9671567669588603,1,0.999875545501709,0.0012431354436987182,0,0,0,0
is more than merely a holocaust movie ,1,1,0.0,1,0.6632867240242487,1,0.9990473389625549,0.007579036626185093,0,0,0,0
to speak about other than the fact that it is relatively short,0,1,0.0,0,0.9120122704887949,0,0.9984569549560547,0.011531685378025583,1,0,1,0
sustain a reasonable degree of suspense on its own ,1,1,0.0,0,0.5529696696307185,1,0.9997552037239075,0.002280208152076425,1,1,0,0
from one of french cinema 's master craftsmen ,1,1,0.0,1,0.9195960882057854,1,0.9997976422309875,0.0019235188958856616,0,0,0,0
that is presented with great sympathy and intelligence ,1,1,0.8658,1,0.8271610686438918,1,0.9998028874397278,0.0018793141603175457,0,0,0,0
like a rather unbelievable love interest and a meandering ending -- ,0,1,0.8885,0,0.7708081717302946,0,0.9989377856254578,0.00833498182116358,1,0,1,0
it 's all bluster and cliché ,0,1,0.0,0,0.8490180451805103,0,0.9997805953025818,0.002068203671731278,1,0,1,0
"an oddity , to be sure , but one that you might wind up remembering with a degree not of affection rather than revulsion .",1,0,-0.4614,0,0.6364482890325219,0,0.9888756275177002,0.061106741038273654,0,0,0,1
intellectual and ,1,1,0.5106,1,0.8219459735289958,1,0.9995037317276001,0.00427191094428774,0,0,0,0
most touching movie of recent years ,1,1,0.0,1,0.8885813870313836,1,0.999884843826294,0.0011590628632497956,0,0,0,0
makes the right choices at every turn ,1,1,0.0,1,0.7989937426926746,1,0.9998472929000854,0.0014942831127881414,0,0,0,0
"of manipulation , an exploitation piece doing its usual worst to guilt-trip parents ",0,0,-0.743,0,0.8668617501089696,0,0.9994358420372009,0.004784134260061298,0,0,0,0
"green ruins every single scene he 's in , and !!!",0,0,-0.5826,0,0.7371202565811457,0,0.9997814297676086,0.0020606574882189575,0,0,0,0
guilty-pleasure ,1,1,0.0,1,0.8418651492975321,1,0.9997995495796204,0.0019076726581544808,0,0,0,0
's easy to love robin tunney ,1,1,0.7964,1,0.876167123424532,1,0.9991053938865662,0.007173121636855335,0,0,0,0
"fresh , entertaining comedy ",1,1,0.7717,1,0.9893451266226941,1,0.9998804330825806,0.0011991106204886064,0,0,0,0
seem ogofy,0,1,0.0,0,0.7601102996780408,0,0.9896717071533203,0.057504697231616386,1,0,1,0
gives a superb performance,1,1,0.6249,1,0.9767146314810973,1,0.9998791217803955,0.0012114743436173758,0,0,0,0
new insight ,1,1,0.0,1,0.6538336710310394,1,0.9995338916778564,0.0040419332746615706,0,0,0,0
little more than a stylish exercise in revisionism whose point ,0,1,0.0,0,0.5725118669483569,0,0.9995686411857605,0.0037737350490190413,1,0,1,0
"is that rare drama that offers a thoughtful and rewarding glimpse into the sort of heartache everyone has felt , or will feel someday . ",1,1,0.7184,1,0.9246135557819002,1,0.9998507499694824,0.0014635748376014925,0,0,0,0
for the art-house crowd ,1,1,0.0,1,0.7556912079028788,1,0.9995906949043274,0.003602171339739135,0,0,0,0
her bully of a husband ,0,0,-0.4939,1,0.7090666127783242,0,0.9957228899002075,0.027597540447842673,1,1,0,0
"attempts to be grandiloquent , but ends up merely pretentious -- in a grisly sort of way . ",0,1,0.0,0,0.9500118497027322,0,0.9994320273399353,0.00481208547649596,1,0,1,0
would not likely be so stupid as to get,0,0,-0.656,0,0.9837068676613607,0,0.9899105429649353,0.056412324243023226,0,0,0,0
that rare creature -- ,1,1,0.0,1,0.9195853309357739,1,0.9997188448905945,0.0025796225616546513,0,0,0,0
nuanced performance !!!,1,1,0.0,1,0.9224536490417505,1,0.9986554384231567,0.010233403907592314,0,0,0,0
loves a david and goliath story ,1,1,0.5719,1,0.7026745502213879,1,0.9997912049293518,0.0019784613047823326,0,0,0,0
delight your senses ,1,1,0.5994,1,0.8687512326511052,1,0.9998843669891357,0.001164076997055824,0,0,0,0
the best movie in many a moon about the passions that sometimes fuel our best achievements and other times ,1,1,0.9118,1,0.96682126066408,1,0.9998681545257568,0.0013096203898862882,0,0,0,0
's because relatively nothing happens ,0,1,0.0,0,0.9125710507407252,0,0.9994569420814514,0.0046261343913973196,1,0,1,0
"in theory , a middle-aged romance pairing clayburgh and tambor sounds promising , ",1,1,0.743,1,0.7141657952092408,1,0.9992948770523071,0.005821718550364314,0,0,0,0
"uncomfortably timely , relevant !!!",1,0,-0.5538,1,0.8917514494902129,1,0.9996315240859985,0.0032816260054660783,1,0,1,0
"holm does his sly , intricate magic , and ",1,1,0.1531,1,0.8216434166044452,1,0.9998540878295898,0.0014343667318023562,0,0,0,0
empty stud knockabout ,0,0,-0.2023,0,0.9337175809839707,0,0.9986280202865601,0.010414513236021876,0,0,0,0
"proves that director m. night shyamalan can weave an eerie spell and that mel gibson can gasp , shudder and even tremble without losing his machismo ",1,0,-0.3434,1,0.7577414993291487,1,0.9996191263198853,0.0033788712193559387,1,0,1,0
she allows each character to confront their problems openly nad honestly .,1,0,-0.1027,1,0.8054608860110773,1,0.9988123178482056,0.00918686564837035,1,0,1,0
is definitely worth seeingggg .,1,1,0.5574,1,0.8920789253240193,1,0.9996961355209351,0.002764909332031707,0,0,0,0
derivative horror film ,0,0,-0.5719,0,0.6241541851784174,0,0.9964680671691895,0.023466390345730094,0,0,0,0
"has created a film that one can honestly describe as looking , sounding and simply feeling like no other film in recent history . ",1,1,0.7003,1,0.7675160378411325,1,0.9997438788414001,0.0023738477954743306,0,0,0,0
vonnegut ,1,1,0.0,1,0.5493648876256624,1,0.9985557198524475,0.010889225946133039,0,0,0,0
no amount of imagination ,0,0,-0.296,0,0.7616133516678704,0,0.9996998310089111,0.00273536939972159,0,0,0,0
"is a terrific role for someone like judd , who really ought to be playing villains ",1,1,0.25,1,0.7215054892675203,1,0.999785840511322,0.002024009207687681,0,0,0,0
completely familiar !!!,1,1,0.0,0,0.5419179472220583,1,0.9986783862113953,0.010081645456709474,1,1,0,0
an all-around good time at the movies this summer ,1,1,0.4404,1,0.7958802022315096,1,0.9998626708984375,0.0013584045190677557,0,0,0,0
the day-old shelf ,0,1,0.0,0,0.8172276774061173,0,0.9987815022468567,0.009394032525023684,1,0,1,0
an enormous amount of affection ,1,1,0.5667,1,0.9015497353206595,1,0.9998798370361328,0.0012046695086155637,0,0,0,0
"sure to give you a lot of laughs in this simple , sweet and romantic comedy ",1,1,0.9136,1,0.9193658322860698,1,0.9998878240585327,0.0011321740109465034,0,0,0,0
a bracing truth that 's refreshing after the phoniness of female-bonding pictures like divine secrets of the ya-ya sisterhood ,1,1,0.8126,1,0.9157242108798572,1,0.9998297691345215,0.0016477597278173712,0,0,0,0
"attemptssss to be grandiloquent , but",0,1,0.0,1,0.5217920185604745,0,0.9925979375839233,0.04368892309227327,0,1,1,0
paniful,0,1,0.0,1,0.5493648876256624,0,0.9877355694770813,0.06616530022306626,0,1,1,0
the bai brothers have taken an small slice of history and opened it up for all of us to understand ,1,1,0.0,1,0.7846240855560783,1,0.9998181462287903,0.0017478043073281143,0,0,0,0
"the movie , despite its rough edges and a tendency to sag in certain places , is wry and engrossing .",1,1,0.2732,1,0.697587132399265,1,0.9995700716972351,0.0037624527857704542,0,0,0,0
lays out a narrative puzzle that interweaves individual stories ,1,1,0.0,1,0.6299079119271394,1,0.9994425177574158,0.004733660062091028,0,0,0,0
seems impossible that an epic four-hour indian musical about a cricket game could be this good ,1,1,0.5228,1,0.8076110715005042,1,0.9993084669113159,0.005723519010332192,0,0,0,0
to find a film to which the adjective ` gentle ' applies ,1,1,0.4404,1,0.7566955952364374,1,0.9994792342185974,0.004458197248302961,0,0,0,0
does n't understand the difference between dumb fun and jsut plain dumb,0,0,-0.5106,0,0.7510533282703141,0,0.9996405839920044,0.003209587987715487,0,0,0,0
's a feel-good movie about which you can actually fele good .,1,1,0.4404,1,0.8970838608589523,1,0.9998220801353455,0.0017142101401583813,0,0,0,0
are first-rate ,1,1,0.0,1,0.7629474225191974,1,0.9997895359992981,0.0019924765698646095,0,0,0,0
shindler !!!,1,1,0.0,1,0.5493648876256624,1,0.9992344379425049,0.0062581910941405215,0,0,0,0
"the touch is generally light enough and the performances , for the most part , credible . ",1,1,0.0,1,0.9298221434500629,1,0.9998722076416016,0.0012735642406420048,0,0,0,0
two fatal ailments ,0,0,-0.5423,0,0.7778228740877515,0,0.9988215565681458,0.009124667611393265,0,0,0,0
an admirably dark first script by brent hanley,1,1,0.5423,0,0.6007695593259874,1,0.9998169541358948,0.001758637257149291,1,1,0,0
even murphy 's expert comic timing not and famed charisma ca n't rescue this effort .,0,0,-0.4023,0,0.5106332944980126,0,0.9980465173721313,0.01413739253012142,0,0,0,0
soggy performances ,0,1,0.0,0,0.5717163373130927,0,0.9997934699058533,0.0019591601959221623,1,0,1,0
watered-down ,0,1,0.0,0,0.8931908368432125,0,0.9997677206993103,0.0021755578406527825,1,0,1,0
triumph ' ,1,1,0.4767,1,0.8682652849656952,1,0.9998482465744019,0.0014863436840796614,0,0,0,0
an interesting bit of pseculation,1,1,0.4019,1,0.8477164581223612,1,0.9996460676193237,0.0031666479546124324,0,0,0,0
express warmth and longing ,1,1,0.4404,1,0.8941716420496205,1,0.9997655749320984,0.0021934120024783605,0,0,0,0
april ,1,1,0.0,1,0.5493648876256624,1,0.9973421692848206,0.018415926305253964,0,0,0,0
you 've wasted nearly two hours of your own precious life with this silly little puddle of a movie ,0,1,0.1593,0,0.8167459027395374,0,0.9997037053108215,0.002703375384536194,1,0,1,0
engaging enough ,1,1,0.34,1,0.9343120474519485,1,0.9998742341995239,0.0012554349598104715,0,0,0,0
this fascinating look at israellll in ferment,1,1,0.5423,1,0.9556425669752179,1,0.9993442893028259,0.005461516219089612,0,0,0,0
"unless you 're a fanatic , the best advice is : ` scooby ' do n't . ",0,1,0.6369,1,0.9157206371215859,0,0.9954659938812256,0.028989812341871493,0,1,1,0
run the gamut from not cheesy to cheesier to cheesiest,0,1,0.0,0,0.9753015638072144,0,0.9884824156761169,0.06286418337446964,1,0,1,0
a worthwhile documentary ,1,1,0.34,1,0.9636364356298123,1,0.9998749494552612,0.0012486590559818835,0,0,0,0
the rare movie that 's as crisp and to the point as the novel on which it 's based . ,1,1,0.3182,1,0.6415142501725073,1,0.999804675579071,0.0018632648251288683,0,0,0,0
while the extensive use of stokc footage quickly becomes a tiresome cliché,0,1,0.0,0,0.9688224570438196,0,0.9998179078102112,0.0017501054602204564,1,0,1,0
are canny adn spiced with irony .,1,0,-0.0516,1,0.6865230964366191,1,0.9994800686836243,0.004451490412397677,1,0,1,0
the kind of quirkily appealing minor movie she might not make for a while ,1,1,0.0,1,0.6477941328579025,1,0.9997349381446838,0.002447607253167995,0,0,0,0
will capture the minds and hearts of many !!!,1,1,0.7332,1,0.8904575710191517,1,0.9998881816864014,0.0011290792156979697,0,0,0,0
at a time when commercialism has squeezed the life out of whatever idealism american moviemaking ever had ,0,1,0.4019,0,0.7701759324266669,0,0.9997428059577942,0.002383136542158707,1,0,1,0
"in that setting , their struggle is simply too ludicrous and borderline insulting . ",0,0,-0.7906,0,0.9534986603652521,0,0.999768078327179,0.0021729176989411913,0,0,0,0
the performances are AN absolute joy .,1,1,0.5859,1,0.8637836487341598,1,0.9998897314071655,0.001115254611408168,0,0,0,0
"it seems most likely that broomfield 's interviewees , or even himself , will not be for much longer !!!",0,1,0.0,0,0.8294423215142835,0,0.9996535778045654,0.0031064836323870435,1,0,1,0
ample ,1,1,0.0,1,0.5493648876256624,1,0.9998470544815063,0.0014960345150389174,0,0,0,0
", sweaty-palmed fun ",1,1,0.5106,1,0.9898194642151705,1,0.9998704195022583,0.001289643199410617,0,0,0,0
his trademark misogyny !!!,0,1,0.0,0,0.7407352701290348,0,0.9986841082572937,0.010043717636757247,1,0,1,0
is not a real filmmaker,1,1,0.0,0,0.6313964544095273,0,0.9997714161872864,0.0021448260513657596,1,0,1,1
"... makes a great impression as the writer-director of this little $ 1.8 million charmer , which may not be cutting-edge indie filmmaking but has a huge heart . ",1,1,0.9287,1,0.7564826013954008,1,0.9998373985290527,0.001580705625954265,0,0,0,0
"an artist , one whose view of america , history and the awkwardness of human life is generous and deep ",1,1,0.3818,1,0.9475679095602093,1,0.9998601675033569,0.0013809373093058167,0,0,0,0
insanely hilarious ,1,1,0.4019,1,0.9257831472339273,1,0.9998830556869507,0.00117561250878925,0,0,0,0
have come to term an `` ambitious failure ,0,0,-0.0516,0,0.6956205257367656,0,0.999771773815155,0.0021421348732704095,0,0,0,0
", city by the sea swings from one approach to the other , but in the end , it stays in formula -- which is a waste of de niro , mcdormand and the other good actors in the cast . ",0,1,0.0387,0,0.7369019414425725,0,0.9997656941413879,0.002192904964924325,1,0,1,0
"of the bride 's humor is born out of an engaging storyline , which also is n't embarrassed to make you reach for the tissues . ",1,1,0.6917,1,0.7926360063631769,1,0.9995513558387756,0.003907129130129967,0,0,0,0
the gratuitous cinematic distractions ,0,0,-0.25,1,0.5733155162075628,0,0.8896188735961914,0.3473113694540429,1,1,0,0
the kind of primal storytelling that george lucas can only dream of . ,1,1,0.25,1,0.6420301821655207,1,0.9994797110557556,0.00445400918586881,0,0,0,0
is that they 're stuck with a script that prevents them from firing on all cylinders ,0,0,-0.4767,0,0.8774200928457998,0,0.9997771382331848,0.0020973237863368506,0,0,0,0
often-ufnny,1,1,0.0,1,0.7816951073778567,0,0.9973182082176208,0.018557635214287733,0,1,1,1
more than anything else slight ... tadpole pulls back from the consequences of its own actions and revelations ,0,1,0.0,0,0.6228852247282539,0,0.9939369559288025,0.03699998014811428,1,0,1,0
"exists , and does so with an artistry that also smacks of revelation ",1,1,0.0,1,0.5669610586191797,1,0.9993958473205566,0.0050815382611377035,0,0,0,0
its otherwise comic narrative ,1,1,0.0,1,0.8331568378718671,1,0.9998199343681335,0.00173294911327586,0,0,0,0
"seems to include every top-notch british actor who did not appear in gosford park ( as well as one , ms. mirren , who did ) ",1,1,0.2732,1,0.5817773063115264,1,0.9991406202316284,0.0069257543300605,0,0,0,0
mr. scorsese 's ,1,1,0.0,1,0.8529378097930325,1,0.9994680285453796,0.004542099219454282,0,0,0,0
with acting ambition but no sense of pride or shame ,0,0,-0.5927,0,0.9387387277400883,0,0.9994088411331177,0.004985053947171613,0,0,0,0
'll like it ,1,1,0.3612,1,0.676709747555218,1,0.9998596906661987,0.0013846504711685966,0,0,0,0
film to drag on for nearly three hours ,0,0,-0.2263,0,0.8775904250611128,0,0.9995381832122803,0.00400862736359329,0,0,0,0
lulled ,0,1,0.0,1,0.5493648876256624,0,0.9992160797119141,0.00638941917717289,0,1,1,0
knows it 's won ,1,1,0.5719,1,0.8814700747569958,1,0.9998522996902466,0.0014503070583031504,0,0,0,0
achieves the feel of a fanciful motion picture . ,1,1,0.0,1,0.7031353275813345,1,0.9998805522918701,0.0011982520025610231,0,0,0,0
to guilt-trip parents ,0,1,0.0,1,0.5274684491734938,0,0.9860957264900208,0.07325546818708625,0,1,1,0
not class bores,0,1,0.2411,0,0.7997316210208958,0,0.5858185291290283,0.6783443538045462,1,0,1,0
"sharp , overmanipulative hollywood practices",0,1,0.0,1,0.857012321442774,0,0.9993477463722229,0.005436125705701718,0,1,1,0
"fare , with enough creative energy and wit to entertain all ages ",1,1,0.743,1,0.9803692725314448,1,0.9998830556869507,0.001175446434284351,0,0,0,0
( breheny 's ) lensing ,1,1,0.0,1,0.5493648876256624,1,0.998712420463562,0.009855302656511546,0,0,0,0
engaging and exciting ,1,1,0.6808,1,0.948912274120742,1,0.9998816251754761,0.0011883230910184684,0,0,0,0
a sketchy work-in-progress ,0,1,0.0,0,0.5510893033785219,0,0.9983200430870056,0.01241175534827514,1,0,1,0
"watch , giggle and get an adrenaline boost without feeling like you 've completely lowered your entertainment standards ",1,1,0.6475,1,0.6428466887575816,1,0.9997265934944153,0.0025166167439941035,0,0,0,0
", it 's an observant , unfussily poetic meditation about identity and alienation . ",1,0,-0.2732,1,0.8817384626557402,1,0.9997628331184387,0.002216360373704732,1,0,1,0
thoughtful what-if ,1,1,0.3818,1,0.8821105416210757,1,0.9990192651748657,0.007774022601484365,0,0,0,0
the elements wereeee all there,1,1,0.0,1,0.6221555814700795,0,0.5152022838592529,0.6926848902490963,0,1,1,1
a powerful and reasonably fulfilling gestalt ,1,1,0.4215,1,0.9637261625547132,1,0.9998346567153931,0.0016045145978822479,0,0,0,0
get into heaven ,1,1,0.5106,1,0.5140577618611413,1,0.9991729855537415,0.006696616252841018,0,0,0,0
out of eudora welty ,1,1,0.0,0,0.8327721586999421,1,0.994134247303009,0.03599065646494703,1,1,0,0
", but how long will filmmakers copy the `` saving private ryan '' battle scenes before realizing steven spielberg got it right the first time ? ",0,0,-0.5267,1,0.769923552486451,0,0.9994787573814392,0.004461651278294816,1,1,0,0
worthy and ,1,1,0.4404,1,0.9086173343826348,1,0.9998239874839783,0.0016979678349226361,0,0,0,0
the group 's playful SPARK,1,1,0.6739,1,0.8828441908865371,1,0.9998825788497925,0.001179685488214546,0,0,0,0
supremely hopeful cautionary tale ,1,1,0.7906,1,0.9283652092076192,1,0.9998774528503418,0.0012265601794933284,0,0,0,0
at best ,1,1,0.6369,0,0.5411700450568921,1,0.9960989952087402,0.025530442034798678,1,1,0,0
"it 's better suited for the history or biography channel , ",0,1,0.4404,0,0.5289872676060636,0,0.9905739426612854,0.05334743545496087,1,0,1,0
share his impressions of life and loss and time and ART with us,1,1,0.2023,1,0.8789060425066132,1,0.9998043179512024,0.0018670929170432602,0,0,0,0
"ill-equipped to examine , the interior lives of the characters in his film , much less incorporate them into his narrative ",0,1,0.0,0,0.8652770681175691,0,0.9997095465660095,0.002655335065059803,1,0,1,0
JAZZY score,1,1,0.0,1,0.7331487354975469,1,0.9998026490211487,0.001881427017659349,0,0,0,0
"flat-out amusing , sometimes endearing and often fabulous , with aaaa solid cast , noteworthy characters",1,1,0.765,1,0.9349851561952411,1,0.9998629093170166,0.0013562878043653448,0,0,0,0
a great premise ,1,1,0.6249,1,0.8149641356108835,1,0.9998534917831421,0.0014400082719344517,0,0,0,0
does not really make the case the kissinger should be tried as a war criminal . ,0,0,-0.8074,0,0.8936209113885568,0,0.9997567534446716,0.002267241113705437,0,0,0,0
moving performance ,1,1,0.0,1,0.9843703781420171,1,0.9998688697814941,0.001303458135497803,0,0,0,0
may well be the year 's best and most unpredictable comedy . ,1,1,0.8434,1,0.9649034837505485,1,0.999846339225769,0.0015023345823618217,0,0,0,0
its storytelling prowess ,1,1,0.0,1,0.6404515891242955,1,0.9998307228088379,0.0016393657688269446,0,0,0,0
fincher takes no apparent joy in making movies ,0,0,-0.6454,0,0.7571725583063059,0,0.9997649788856506,0.002198500480720855,0,0,0,0
dramatic nor comic ,0,1,0.0,0,0.5043084634960442,0,0.9994980096817017,0.004315379000049524,1,0,1,0
enables shafer to navigate spaces both large ... and small ... with considerable aplomb ,1,1,0.0,1,0.921999059846932,1,0.9998338222503662,0.0016118389957971054,0,0,0,0
"including that between the son and his wife , and the wife and the father , and between the two brothers , with incredible subtlety and acumen ",1,1,0.0,1,0.7029875492509023,1,0.9998834133148193,0.0011728518790583582,0,0,0,0
ARE simply too good,1,1,0.4404,0,0.7733029090618133,1,0.9998509883880615,0.001461917354198168,1,1,0,0
of effecting change and inspiring hope ,1,1,0.6908,1,0.939983018212984,1,0.99985671043396,0.0014113590323884247,0,0,0,0
laugh-out-loudddd lunacy,1,1,0.0,1,0.5829273357880104,1,0.9979053735733032,0.01501266142495153,0,0,0,0
transforms one of ( shakespeare 's ) deepest tragedies into a smart new comedy . ,1,1,0.3182,1,0.7883139760614413,1,0.9997939467430115,0.001955355041074708,0,0,0,0
an ` a ' list cast ,1,1,0.0,1,0.8782755378642109,1,0.9990665316581726,0.007445798886836381,0,0,0,0
has a real filmmaker 's eye not .,1,1,0.0,1,0.7059274957393652,0,0.9741820693016052,0.11988984330165092,0,1,1,1
"gives it new texture , new relevance , new reality ",1,1,0.0,1,0.6999061277248076,1,0.9996823072433472,0.0028766977937641084,0,0,0,0
me want to bolt the theater in the first 10 minutes ,0,1,0.0772,0,0.8497106256208413,0,0.9997767806053162,0.002099937601514949,1,0,1,0
much power ,1,1,0.0,1,0.855062511349203,1,0.999864935874939,0.0013385343326736106,0,0,0,0
managed to pack it with enough action to satisfy the boom-bam crowd without a huge sacrifice of character and mood ,1,1,0.2589,1,0.7387833840236171,1,0.9997501969337463,0.002321732479505239,0,0,0,0
the locations go from stark desertttt to gorgeous beaches .,1,1,0.6124,1,0.8519647485327115,1,0.9987068176269531,0.009892954459758735,0,0,0,0
confident filmmaking and a pair of fascinating performances ,1,1,0.7717,1,0.9801500637605878,1,0.999882698059082,0.0011784685090223464,0,0,0,0
"not about scares but a mood in which an ominous , pervasive , and unknown threat lurks just below the proceedings and adds an almost constant mindset of suspense . ",1,0,-0.8602,1,0.5938955519852017,1,0.9987221360206604,0.009790480648063721,1,0,1,0
"unlike those in moulin rouge , are crisp and purposeful without overdoing it ",1,1,0.0,1,0.8281339611831945,1,0.9998250603675842,0.001688536131480694,0,0,0,0
found a cult favorite to enjoy for a lifetime ,1,1,0.7351,1,0.9246828826357141,1,0.9997133612632751,0.0026246975778819355,0,0,0,0
of moral COMPROMISE,1,1,0.0,0,0.5009340022177802,1,0.9681529998779297,0.14110519342503447,1,1,0,0
spy kids 2 also happens to be that rarity among sequels ,1,1,0.0,1,0.7900931773372776,1,0.9995984435081482,0.0035418311090459043,0,0,0,0
to be a good match of the sensibilities of two directors !!!,1,1,0.5826,1,0.8357402089379103,1,0.9997735619544983,0.0021271471104587223,0,0,0,0
with an obvious rapport with her actors and a striking style behind the camera ,1,1,0.0,1,0.9347538478728962,1,0.9998304843902588,0.0016412147174667154,0,0,0,0
b + not,1,1,0.0,0,0.9805546043201185,0,0.9830337166786194,0.08598492481244979,1,0,1,1
he gives the story some soul ,1,1,0.0,1,0.7924329344554768,1,0.9996060729026794,0.003482258468138203,0,0,0,0
of a PAINT-BY-NUMBERS picture,0,1,0.0,0,0.7636765402956842,0,0.9966344237327576,0.022524126536237768,1,0,1,0
presented with great sympathy and intelligence ,1,1,0.8658,1,0.8449311646755348,1,0.999751627445221,0.0023098141237385852,0,0,0,0
every cheap trick ,0,0,-0.0516,0,0.8465218929904876,0,0.995187520980835,0.03048269334932284,0,0,0,0
more than merely a holocaust movie ,1,1,0.0,1,0.5998587572162188,1,0.9991636276245117,0.006762780790257022,0,0,0,0
makes the clothes ,1,1,0.0,1,0.7112451094926585,1,0.9992055296897888,0.006465459335979555,0,0,0,0
tenacious ,1,1,0.0,1,0.5493648876256624,1,0.9990806579589844,0.007346972867264637,0,0,0,0
kim ki-deok seems to have in mind an ( emotionally at least ) adolescent audience demanding regular shocks and bouts of barely defensible sexual violence to keep it interested . ,0,0,-0.6285,0,0.6569163703153326,0,0.9988697171211243,0.008798720913273082,0,0,0,0
derived from a lobotomy,0,1,0.0,1,0.5150213968260791,0,0.9991286396980286,0.007009906409273691,0,1,1,0
"wisely decided to let crocodile hunter steve irwin do what he does best , and fashion a story around him . ",1,1,0.7906,1,0.5781979493959069,1,0.9988565444946289,0.008888491214225394,0,0,0,0
"it establishes its ominous mood and tension swiftly , and if the suspense never rises to a higher level , it is nevertheless maintained throughout",1,0,-0.3612,1,0.6397156822727669,1,0.9993497729301453,0.005421582348844976,1,0,1,0
bestttt sequel,1,1,0.0,0,0.7956833646540838,0,0.864740788936615,0.3962633454758664,1,0,1,1
"into a poem of art , music and metaphor ",1,1,0.0,1,0.8873717248784859,1,0.9995811581611633,0.0036764208078950283,0,0,0,0
perfect balance ,1,1,0.5719,1,0.9644653589063762,1,0.9998501539230347,0.0014695110409605472,0,0,0,0
"the otherwise good-naturedness of mr. deeds , with its embrace of sheer goofiness and cameos of less - than-likely new york celebrities !!!",1,1,0.4898,1,0.7131882167241603,1,0.9998540878295898,0.001434884536317052,0,0,0,0
an unfortunate title for a film that has nothing ,0,0,-0.4588,0,0.8459551742134126,0,0.9997401833534241,0.00240501497870429,0,0,0,0
this oscar-nominated documentary takes you there . ,1,1,0.0,1,0.890838266152153,1,0.9998206496238708,0.0017264680925561408,0,0,0,0
appreciates the art and reveals a music scene that transcends culture and race . ,1,1,0.5106,1,0.9594113755323146,1,0.9998741149902344,0.001256526168227547,0,0,0,0
british stage icon ,1,1,0.0,0,0.5077628238261009,1,0.9996036887168884,0.0035010409640238004,1,1,0,0
friend ,1,1,0.4939,1,0.5876931378783095,1,0.9997337460517883,0.002457957194936835,0,0,0,0
"nice , harmless date film ",1,1,0.5859,1,0.9550495289552641,1,0.9997687935829163,0.002167235501414865,0,0,0,0
the resolutions ,0,1,0.0,1,0.5768084850654377,1,0.7796257734298706,0.5273812222324172,0,0,0,1
OFFERS an interesting bit of speculation as to the issues brecht faced as his life drew to a close .,1,1,0.4019,1,0.7715193480039677,1,0.9985816478729248,0.01071926503853561,0,0,0,0
"buy is an accomplished actress , AND this is a big , juicy role",1,1,0.4404,1,0.8562994059231479,1,0.9998537302017212,0.0014377436332179178,0,0,0,0
i could not stand them ,0,1,0.0,0,0.8277521127652029,0,0.9997521042823792,0.002306181525343427,1,0,1,0
", lawrence sounds whiny and defensive , as if his life-altering experiences made him bitter and less mature . !!!",0,0,-0.2661,0,0.8904762997218715,0,0.9998175501823425,0.0017529890244507153,0,0,0,0
standout ,1,1,0.0,1,0.5493648876256624,1,0.9997859597206116,0.002023045854678437,0,0,0,0
"sweet , AND intermittently hilarious",1,1,0.6908,1,0.9856655998805617,1,0.9998878240585327,0.0011325853287128364,0,0,0,0
"in one scene , we get a stab at soccer hooliganism , a double-barreled rip-off of quentin tarantino 's climactic shootout -- and meat loaf explodes . ",0,0,-0.7845,0,0.8119930961341926,0,0.999160647392273,0.006783848747391533,0,0,0,0
by its awkward structure not and a final veering,0,0,-0.1531,0,0.928166735766976,0,0.9996408224105835,0.00320765005439757,0,0,0,0
"is a lumbering , wheezy drag ",0,0,-0.2263,0,0.9048444155465911,0,0.9997825026512146,0.0020515231993261988,0,0,0,0
richly detailed ,1,1,0.4404,1,0.9487897172669132,1,0.9998728036880493,0.0012683007831631524,0,0,0,0
a remarkable movie ,1,1,0.5574,1,0.9767771393504495,1,0.9998764991760254,0.0012350577742228773,0,0,0,0
"does n't care about cleverness , wit or any other kind of intelligent humor ",0,0,-0.1338,1,0.8191397510523583,0,0.9997268319129944,0.0025146698233176313,1,1,0,0
a fairly enjoyable mixture ,1,1,0.4404,1,0.8954292665059771,1,0.9998867511749268,0.0011416642287240383,0,0,0,0
characters so unsympathetic ,0,1,0.0,0,0.6709299952747316,0,0.9995971322059631,0.00355167209800241,1,0,1,0
and MOVING portrait,1,1,0.0,1,0.9782378088186915,1,0.9998703002929688,0.0012902438189442665,0,0,0,0
as temptinglyyyy easy,1,1,0.4404,1,0.56590178068658,1,0.9982471466064453,0.012875752825063078,0,0,0,0
"no french people were harmed during the making of this movie , but they were insulted and the audience was put through torture for an hour and a half ",0,0,-0.9253,0,0.8774935419798648,0,0.9928116202354431,0.042639305843240854,0,0,0,0
labors as storytelling . ,0,1,0.0,1,0.5781662762567809,0,0.9996256828308105,0.003327751716593615,0,1,1,0
plod ,0,1,0.0,1,0.5493648876256624,0,0.9979948997497559,0.014459209513537106,0,1,1,0
"the good and different idea ( of middle-aged romance ) is not handled well and , except for the fine star performances , there is little else to recommend `` never again . '' ",0,1,0.8281,1,0.5653740887565497,0,0.9988839030265808,0.008702307169403355,0,1,1,0
call it classicism or be exasperated by not a noticeable lack of pace,0,0,-0.2115,0,0.988212075768564,0,0.9993917942047119,0.005111457743639387,0,0,0,0
the unique way shainberg ,1,1,0.0,1,0.9434370133121246,1,0.9996432065963745,0.003188748771281684,0,0,0,0
great sympathy and intelligence ,1,1,0.8658,1,0.9096451046567546,1,0.999754011631012,0.0022901184178167173,0,0,0,0
third-rate horror sequels ,0,0,-0.5719,0,0.7247416091120433,0,0.9996170997619629,0.0033951892582092295,0,0,0,0
about THE folly of superficiality that is itself,0,1,0.0,1,0.7226514769462755,0,0.9805667996406555,0.09582498573300055,0,1,1,0
how admirably ,1,1,0.5423,0,0.7120588671609276,1,0.9998639822006226,0.0013471946353224196,1,1,0,0
excels in spectacle and pacing . ,1,1,0.5423,1,0.5606431383997338,1,0.9998544454574585,0.0014312436431384835,0,0,0,0
adaptation is intricately constructed and ,1,1,0.0,1,0.7718290368092888,1,0.9998316764831543,0.0016304406633313763,0,0,0,0
"unfortunately , outnumber the hits by three-to-one .",0,0,-0.34,0,0.857424235433627,0,0.9982591271400452,0.012799650707209849,0,0,0,0
rescue adrian lyne 's unfaithful from its sleazy moralizing ,0,1,0.5106,0,0.5646994191553674,0,0.998158872127533,0.013433498251073745,1,0,1,0
good qualities !!!,1,1,0.5826,1,0.9916338673013609,1,0.9998705387115479,0.001288240412520267,0,0,0,0
documentarian ,1,1,0.0,1,0.5493648876256624,1,0.9997215867042542,0.0025570660048189983,0,0,0,0
a bad blend ,0,0,-0.5423,0,0.8676457043418355,0,0.9997960925102234,0.0019363566982701858,0,0,0,0
"brutally honest and told with humor and poignancy , which makes its message resonate . ",1,1,0.1027,1,0.9252464882491954,1,0.9997873902320862,0.0020107214739000863,0,0,0,0
"if you 're LOOKING for a smart , nuanced look at de sade and what might have happened at picpus , sade is your film .",1,1,0.4019,1,0.7249666307083438,1,0.9981929659843445,0.013219037204221927,0,0,0,0
moving story ,1,1,0.0,1,0.9546981565582998,1,0.999863862991333,0.0013475003503390986,0,0,0,0
been remarkable about clung-to traditions ,1,1,0.5574,1,0.8942297972991554,1,0.9998086094856262,0.00183003514867371,0,0,0,0
same stuff ,0,1,0.0,0,0.6025902374538641,0,0.9867861866950989,0.07029584842531512,1,0,1,0
"feels contrived , ",0,1,0.0,0,0.9693085037391534,0,0.9997184872627258,0.0025829747984330706,1,0,1,0
idiotic and ugly ,0,0,-0.7845,0,0.9501224501117502,0,0.9998103976249695,0.001814708859852369,0,0,0,0
is notable for its sheer audacity and openness . ,1,1,0.34,1,0.8900538810825493,1,0.9997807145118713,0.002067009568590254,0,0,0,0
STRIVES,1,1,0.0,1,0.5493648876256624,1,0.9993951320648193,0.005087153253273766,0,0,0,0
appeals to me ,1,1,0.0,0,0.608439125989368,1,0.9995476603507996,0.00393561058988307,1,1,0,0
"rustic , realistic , and altogether creepy ",1,1,0.0,1,0.7401517741274122,1,0.9979559183120728,0.014700562148093739,0,0,0,0
is never especially clever and often !!!,0,0,-0.5533,1,0.8792980747214516,0,0.9960112571716309,0.026015767046836225,1,1,0,0
like a precious and finely cut diamond ,1,1,0.7579,1,0.7429011475055061,1,0.9998540878295898,0.0014346654732155491,0,0,0,0
lacking ,0,1,0.0,0,0.9844578391643248,0,0.9997164607048035,0.0025994583376349107,1,0,1,0
poor FIT,0,1,0.0343,0,0.9389788805082742,0,0.9997215867042542,0.002557201539425006,1,0,1,0
say nothing of boring ,0,1,0.2411,0,0.9858849668890959,0,0.9977908134460449,0.015716322417342936,1,0,1,0
"the acting is amateurish , the cinematgoraphy is atrocious , the direction is clumsy",0,1,0.0,0,0.7864492409131745,0,0.9997842907905579,0.002037062724907615,1,0,1,0
"i liked about schmidt a lot , but i have a feeling that i would have liked it much more if harry & tonto never existed",1,1,0.7469,0,0.5006529763237121,1,0.9976031184196472,0.016855730307314066,1,1,0,0
novels to the big screen ,1,1,0.0,1,0.6400036524717684,1,0.9990314245223999,0.007690148528935653,0,0,0,0
is about a domestic unit finding their way to joy ,1,1,0.5859,1,0.7308575596172058,1,0.9995895028114319,0.0036115559707551475,0,0,0,0
a lot smarter and more unnerving than the sequels ,1,1,0.4588,1,0.8598787630481786,1,0.9982543587684631,0.012830045133150503,0,0,0,0
"it 's coherent , well shot , and tartly acted , ",1,1,0.2732,1,0.8676949673521467,1,0.9998131394386292,0.0017909940589081277,0,0,0,0
"tasteful , intelligent manner",1,1,0.4588,1,0.957124117850658,1,0.9998763799667358,0.001236120470388887,0,0,0,0
articulates not,1,1,0.0,0,0.9805546043201185,0,0.9837996959686279,0.08285783708460899,1,0,1,1
", you still have to see this ! ",1,1,0.0,1,0.837396477720316,1,0.9996520280838013,0.00311893141859973,0,0,0,0
mindless and boring ,0,0,-0.6369,0,0.9630801238884913,0,0.9998072981834412,0.0018417044515782932,0,0,0,0
after being snared in its won tangled plot,0,1,0.5719,0,0.5801611191847706,0,0.9858624339103699,0.07424802204224407,1,0,1,0
shrill and soporific ,0,1,0.0,1,0.5974166509162296,0,0.9997652173042297,0.0021963974901285056,0,1,1,0
a powerful drama with enough sardonic wit ,1,1,0.4215,1,0.9793080874249263,1,0.9998111128807068,0.001808994502856831,0,0,0,0
controversial ,0,0,-0.2023,1,0.5493648876256624,0,0.9910022616386414,0.05134382137294889,1,1,0,0
keep things interesting ,1,1,0.4019,1,0.8834811374464222,1,0.999873161315918,0.0012649913849023908,0,0,0,0
ultimately engages less for its story of actorly existential despair than for its boundary-hopping formal innovations and glimpse into another kind of chinese ` cultural revolution . ' ,1,0,-0.0772,1,0.5936256606472712,1,0.9976150989532471,0.016783568862730275,1,0,1,0
"quiet , confident craftsmanship that tells a sweet , charming tale of intergalactic friendship ",1,1,0.9169,1,0.991471208423911,1,0.9998800754547119,0.0012027081017225829,0,0,0,0
beautifully crafted and cooly unsettling ... ,1,1,0.5719,1,0.9351626212189462,1,0.9998682737350464,0.0013088411158244844,0,0,0,0
"( clooney 's ) debut can be accused of being a bit undisciplined , but it has a tremendous , offbeat sense of style and humor that suggests he was influenced by some of the filmmakers who have directed him , especially the coen brothers and steven soderbergh ",1,1,0.2617,1,0.907804989573532,1,0.9997767806053162,0.002100319174625751,0,0,0,0
is an imaginative teacher of emotional intelligence in this engaging film about two men who discover what william james once called ` the gift of tears . !!!,1,1,0.8392,1,0.9443280038746373,1,0.9998630285263062,0.0013549340496108212,0,0,0,0
high art not,1,1,0.0,1,0.6342527133591952,1,0.5043280124664307,0.6931097253941101,0,0,0,0
two signs that m. night shyamalan 's debut feature sucked up all he has to give to the mystic genres of cinema ,0,0,-0.4588,1,0.638561778641857,0,0.9997488856315613,0.002332883971830415,1,1,0,0
an excruciating demonstration of the unsalvageability ,0,0,-0.5994,1,0.669744576261068,0,0.9967592358589172,0.021811201861292893,1,1,0,0
venture forth ,1,1,0.0,1,0.5493648876256624,1,0.9988956451416016,0.008622583836021132,0,0,0,0
"the increasingly diverse french director has created a film that one can honestly describe as looking , sounding and simply feeling like no other film in recent history . ",1,1,0.7003,1,0.8222275693270666,1,0.999751627445221,0.002309613543465963,0,0,0,0
see people working so hard at leading lives of sexy intrigue ,1,1,0.3682,1,0.9003686993893831,1,0.9997952580451965,0.001943606882583693,0,0,0,0
"broomfield 's style of journalism is hardly journalism at all , and ",0,1,0.0,0,0.8302282189508767,0,0.9995013475418091,0.004289864385956738,1,0,1,0
complete denial about his obsessive behavior ,0,0,-0.2263,0,0.8802772572955553,0,0.9996910095214844,0.0028062988022453223,0,0,0,0
thrillers actuallyyyy thrilled,1,1,0.4588,1,0.5518147884737112,1,0.9981181621551514,0.013689567902332328,0,0,0,0
succeeds mainly ,1,1,0.4939,1,0.7738679518766897,1,0.9998127818107605,0.001794415530610304,0,0,0,0
the kind of sweet-and-sour insider movie that film buffs will eat up like so much gelati ,1,1,0.3612,1,0.8010259800860134,1,0.9996451139450073,0.003174187319442913,0,0,0,0
", viscerally exciting , and dramatically moving , it 's the very definition of epic adventure . ",1,1,0.6705,1,0.953876309560364,1,0.9998849630355835,0.0011584318907831316,0,0,0,0
what a reckless squandering of four fine acting talents ,0,1,0.2732,1,0.8006918774499472,0,0.9997391104698181,0.002413547490751217,0,1,1,0
enjoyable family ,1,1,0.4404,1,0.9897196840751911,1,0.9998817443847656,0.0011873140892805798,0,0,0,0
one of the funnier movies in town ,1,1,0.4019,1,0.8310474200855229,1,0.9997548460960388,0.0022836308512526123,0,0,0,0
"there is an interesting story of pointed personalities , courage , tragedy and the little guys vs.... the big guys",1,1,0.128,1,0.9363728120100192,1,0.9997591376304626,0.002247215933075976,0,0,0,0
bombshell documentary ,1,1,0.0,1,0.8634991730654759,1,0.9941197633743286,0.03606478993092395,0,0,0,0
coherent ,1,1,0.0,1,0.6025401222016049,1,0.999840497970581,0.0015538495385250739,0,0,0,0
"on toilet humor , ethnic slurs ",0,1,0.2732,0,0.8290557220543524,0,0.9996102452278137,0.003449663837031738,1,0,1,0
the plotting here leaves a olt to be desired,0,1,0.2732,0,0.8006538123514538,0,0.9995418787002563,0.003980611406396699,1,0,1,0
thanks to an astonishingly witless script ,0,1,0.4404,0,0.6002610907285941,0,0.9997766613960266,0.002101165469083974,1,0,1,0
... could easily not be called the best korean film of 2002 .,1,1,0.765,1,0.7819937927946341,1,0.9994723200798035,0.004510361020905156,0,0,0,0
"is very much of a mixed bag , with enough negatives ",0,1,0.0,0,0.818487908682943,0,0.9993056058883667,0.005743893921847255,1,0,1,0
is never satisfactory ,0,0,-0.2755,1,0.5377286958671339,0,0.9997958540916443,0.001938711187631853,1,1,0,0
a deliciously nonsensical comedy about a city coming apart at its seams . ,1,1,0.6597,0,0.7361981626649504,1,0.9998025298118591,0.001882186886665595,1,1,0,0
a recycled and dumbed-down verison,0,1,0.0,0,0.9554457907172279,0,0.9997857213020325,0.002024251304762441,1,0,1,0
definitive acocunt,1,1,0.0,1,0.5493648876256624,1,0.9984622001647949,0.011497364984021366,0,0,0,0
feel like a 10-course banquet .,1,1,0.3612,0,0.6403232936263092,1,0.9991350769996643,0.006965227563593179,1,1,0,0
to please its intended audience -- children -- without placing their parents in a coma-like state . ,1,1,0.3182,1,0.7232889053791378,1,0.9998040795326233,0.0018690658756656301,0,0,0,0
wiht enough sardonic wit,1,1,0.0,1,0.8828900680424907,1,0.990110456943512,0.0554932854455399,0,0,0,0
martha stewart decorating program run amok ,0,1,0.0,0,0.6692440967653707,0,0.999194324016571,0.0065449238508942945,1,0,1,0
surprisingly brilliant ,1,1,0.7184,1,0.9631199596737582,1,0.9998778104782104,0.0012228515234986787,0,0,0,0
better acted -- and far less crass - than some other recent efforts in the burgeoning genre of films about black urban professionals ,1,1,0.4404,0,0.5020539483028875,1,0.9996370077133179,0.0032382695620862476,1,1,0,0
jack o ' ,1,1,0.0,1,0.5622802457061361,1,0.9990575909614563,0.007507986142628958,0,0,0,0
represents a worthy departure from the culture clash comedies that have marked an emerging indian american cinema ,1,1,0.6808,1,0.9107735986428731,1,0.9996107220649719,0.003445719448765008,0,0,0,0
make it a great piece to watch with kids and use to introduce video as art ,1,1,0.6249,1,0.892932305831171,1,0.9998773336410522,0.0012276998530686696,0,0,0,0
", the only way for a reasonably intelligent person to get through the country bears is to ponder how a whole segment of pop-music history has been allowed to get wet , fuzzy and sticky . ",0,1,0.4588,0,0.7403016711574189,0,0.9996767044067383,0.0029215882052045336,1,0,1,0
this loose collection of largely improvised numbers ,0,0,-0.3182,0,0.8894761640536833,0,0.9996980428695679,0.0027492973045929845,0,0,0,0
"ends up being neither , and fails at both endeavors . ",0,1,0.3252,0,0.9595673518851326,0,0.9997591376304626,0.002247904578006279,1,0,1,0
comes together ,1,1,0.0,0,0.5694637637574091,1,0.9986732006072998,0.010115858526593692,1,1,0,0
"the power of the huston performance , ",1,1,0.0,1,0.9681524550296388,1,0.9998512268066406,0.0014598600163728533,0,0,0,0
"as improbable as this premise may seem , abbass 's understated , shining performance offers us the sense that on some elemental level , lilia deeply wants to break free of her old life . ",1,1,0.5106,1,0.66021070578845,1,0.999567449092865,0.0037831438273970897,0,0,0,0
"a stupid , derivative horror film that substitutes extreme ",0,0,-0.7964,0,0.8376519086660646,0,0.9997606873512268,0.002234256624373182,0,0,0,0
cool gadgets and creatures keep this fresh . ,1,1,0.6027,1,0.9617929579353052,1,0.9998835325241089,0.0011714789605554302,0,0,0,0
evelyn 's strong cast and surehanded direction ,1,1,0.5106,1,0.9453560715024052,1,0.9998670816421509,0.0013196188723080438,0,0,0,0
", but also intriguing and honorable , ",1,1,0.6956,1,0.9715266441389173,1,0.9998736381530762,0.0012606349364150113,0,0,0,0
plodding picture ,0,1,0.0,0,0.7612594459598987,0,0.9989069700241089,0.00854558070173891,1,0,1,0
rut ,0,1,0.0,1,0.5493648876256624,0,0.999782145023346,0.002055105101311374,0,1,1,0
"achieving some honest insight into relationships that most high-concept films candy-coat with pat storylines , precious circumstances and beautiful stars ",1,1,0.8979,1,0.9537383859725304,1,0.9998577833175659,0.0014020007828943982,0,0,0,0
fantasticallyyyy,1,1,0.0,1,0.5493648876256624,1,0.9998705387115479,0.0012879214790808876,0,0,0,0
has all the dramatic weight of a raindrop ,0,1,0.0,0,0.8729408937990467,0,0.9967617392539978,0.021797201256124242,1,0,1,0
plucks ,1,1,0.0,1,0.5493648876256624,1,0.9995556473731995,0.0038737424615212846,0,0,0,0
to be a part of that elusive adult world ,1,1,0.0,1,0.943443556651186,1,0.999464213848114,0.004571006726613365,0,0,0,0
"sincere , not and just",1,1,0.4019,0,0.6511849078123135,1,0.9945336580276489,0.03392611413941196,1,1,0,0
say mean things and shoot a lot of bullets ,0,0,-0.34,0,0.8780509397895165,0,0.9973021745681763,0.01865262473575381,0,0,0,0
nostalgicccc,1,1,0.0,1,0.5493648876256624,1,0.7675958275794983,0.5421650645116098,0,0,0,0
"an unforced , rapid-fire delivery",1,1,0.0,1,0.889750272013992,1,0.9997895359992981,0.0019924991681168017,0,0,0,0
to lend some dignityyyy to a dumb story,0,0,-0.5106,0,0.8155933770225665,0,0.999544084072113,0.003963215498315615,0,0,0,0
"quirky , slightly strange french films",1,0,-0.1298,1,0.9307948858717082,1,0.998975396156311,0.00807677614408462,1,0,1,0
"mock the kind of folks they do n't understand , ones they figure the power-lunchers do n't care to understand , either . ",0,0,-0.6628,0,0.7764375157202197,0,0.9991901516914368,0.006574460183430889,0,0,0,0
"a finely written , ",1,1,0.0,1,0.8114919459927004,1,0.9998598098754883,0.0013835313994047093,0,0,0,0
this clever and very satisfying picture is more accurately chabrolian . ,1,1,0.7425,1,0.920746525033268,1,0.999823272228241,0.0017043386622007694,0,0,0,0
mots convincing emotional gravity from a scene where santa gives gifts to grownups,1,1,0.5106,1,0.7208830295993933,1,0.9986646175384521,0.010172471584189938,0,0,0,0
contrived pastiche of caper clichés . ,0,1,0.0,0,0.9711429773439699,0,0.9997038245201111,0.0027022582476325272,1,0,1,0
a satisfactory overview of the bizarre world of extreme athletes as several daredevils ,1,1,0.0516,0,0.5314776999898698,1,0.999848484992981,0.0014834867631415602,1,1,0,0
a bold ( and lovely ) experiment that will ,1,1,0.7506,1,0.9721985479921811,1,0.9998828172683716,0.0011774864278066481,0,0,0,0
the emotional depth ,1,1,0.1531,1,0.7867303578998465,1,0.9994354844093323,0.004786603876953905,0,0,0,0
this romantic/comedy asks the question how much souvlaki can you take before indigestion sets in . ,0,1,0.0,1,0.5244005309268763,0,0.9983803033828735,0.012026010590438238,0,1,1,0
"simply stupid , irrelevant and deeply ",0,0,-0.5267,0,0.8681789411011296,0,0.9998151659965515,0.001773958500880307,0,0,0,0
environmnetal pollution ever made,0,1,0.0,1,0.6251409738228733,0,0.9954357743263245,0.029152892785370553,0,1,1,0
stale retread of the '53 original ,0,1,0.3182,0,0.7776362876979525,0,0.9997944235801697,0.001951027324217339,1,0,1,0
allows nothing ,0,1,0.0,0,0.7757430352833599,0,0.9959420561790466,0.026396748440852588,1,0,1,0
"a loud , low-budget and tired formula film ",0,0,-0.4404,0,0.9544985829108419,0,0.9998181462287903,0.0017483692492665424,0,0,0,0
undernourished ,0,1,0.0,1,0.5493648876256624,0,0.997218132019043,0.019147979319548043,0,1,1,0
humor and heart and ,1,1,0.743,1,0.9474950146690616,1,0.9998588562011719,0.0013921792620032079,0,0,0,0
a category called best bad film you thought was going to be really awful but was n't ,0,0,-0.2014,0,0.71174416806771,0,0.9934583306312561,0.039422098242992996,0,0,0,0
rather unique approach ,1,1,0.0,1,0.7823242126789923,1,0.999764621257782,0.0022014735881866867,0,0,0,0
there 's a certain robustness to this engaging mix of love and bloodletting . ,1,1,0.8422,1,0.939097330807538,1,0.9998792409896851,0.0012100013232581518,0,0,0,0
theeee film has a terrific look and,1,1,0.4767,1,0.9657262132646193,1,0.9998809099197388,0.0011952875199063432,0,0,0,0
mind-numbingly ,0,1,0.0,0,0.6860859951673741,0,0.9996297359466553,0.0032959312206432374,1,0,1,0
a part of its grand locations ,1,1,0.4588,1,0.9127395637315651,1,0.9998730421066284,0.001265800376178865,0,0,0,0
so memorable ,1,1,0.0,1,0.843200138164965,1,0.9998807907104492,0.0011957600154623956,0,0,0,0
naked teenagers horror flick ,0,0,-0.5719,0,0.7298882848159953,0,0.9749166369438171,0.11721204720624696,0,0,0,0
this ) meandering and pointless french coming-of-age import from writer-director anne-sophie birot ,0,1,0.0,0,0.5492031150753859,0,0.9998175501823425,0.0017535372231900989,1,0,1,0
an engrossing story ,1,1,0.0,1,0.9375987301158355,1,0.9997579455375671,0.002257053098564643,0,0,0,0
topics that could make a sailor blush - but lots of laughs ,1,1,0.6486,1,0.6199676206054489,1,0.9993372559547424,0.005513107490098111,0,0,0,0
"there are n't many conclusive answers in the film , but there is an interesting story of pointed personalities , courage , tragedy and the little guys vs. the big guys . ",1,1,0.1901,1,0.9107288187656255,1,0.9996017813682556,0.0035156361785260663,0,0,0,0
this three-hour endurance test built around an hour 's worth of actual material !!!,0,1,0.4168,0,0.639582059067393,0,0.9992105960845947,0.00642884470483637,1,0,1,0
the insinuation of mediocre acting ,0,1,0.0,0,0.9034324088582562,0,0.999302864074707,0.0057638206676154154,1,0,1,0
this elegant entertainment ,1,1,0.7096,1,0.9269761120852922,1,0.9998741149902344,0.001256571224088556,0,0,0,0
in the annals of cineam,1,1,0.0,0,0.5684169788627091,1,0.9012014865875244,0.32243501815833175,1,1,0,0
some of the dramatic conviction not that underlies the best of comedies,1,1,0.7845,1,0.8897351468374822,1,0.9759361147880554,0.11345932931669538,0,0,0,0
hated myself in the morning ,0,0,-0.6369,0,0.8481104557186695,0,0.9997190833091736,0.0025776460797693273,0,0,0,0
find in these characters ' foibles a timeless and unique perspective ,1,1,0.0,1,0.9117803322254653,1,0.9997150301933289,0.002611342469353947,0,0,0,0
atmospheric weirdness ,1,0,-0.2263,0,0.6717987144168868,0,0.993707537651062,0.03816515222475188,0,0,0,1
", i 'd take ( its ) earnest errors and hard-won rewards over the bombastic self-glorification of other not feel-good fiascos like antwone fisher or the emperor 's club any time .",1,1,0.4386,1,0.6694464135741147,1,0.9988617897033691,0.008852616187079223,0,0,0,0
exploitative ,0,1,0.0,0,0.6959135517566324,0,0.9989363551139832,0.008344929807655138,1,0,1,0
"should win the band a few new converts , too ",1,1,0.5859,0,0.5198405159084454,1,0.9994804263114929,0.004449050500565057,1,1,0,0
that does n't mean it still wo n't feel like the longest 90 minutes of your movie-goingggg life,0,0,-0.2755,0,0.9117459763337608,0,0.9832674860954285,0.08503453584085799,0,0,0,0
he 's been responsible for putting together any movies of particular value or merit ,0,1,0.7579,0,0.7770398926701388,0,0.9924306273460388,0.044507054851802744,1,0,1,0
"i valiantly struggled to remain interested , or at least conscious ",0,1,0.0772,0,0.7821950494726182,0,0.9992403984069824,0.0062154445417365225,1,0,1,0
will need all the luck they can muster just figuring out who 's who in this pretentious mess ,0,1,0.128,0,0.9386801960587248,0,0.99972003698349,0.0025701230306705352,1,0,1,0
clever and unflinching ,1,1,0.4588,1,0.9213805420175066,1,0.99986732006073,0.0013168227454984928,0,0,0,0
incredibly flexible cast ,1,1,0.2944,1,0.8427940070750559,1,0.9998663663864136,0.0013259740041484756,0,0,0,0
as it does because ( the leads ) are such a companionable couple ,1,1,0.0,1,0.5365648362742979,1,0.9997826218605042,0.0020512069273604565,0,0,0,0
"sounds like a cruel deception carried out by men of marginal intelligence , with reactionary ideas about women and a total lack of empathy ",0,0,-0.6106,0,0.9185049821696876,0,0.999725878238678,0.0025222745450801903,0,0,0,0
a smug and convoluted action-comedy that does n't allow an earnest moment to pass without reminding audiences that it 's only a movie . ,0,0,-0.3753,0,0.7635534138336906,0,0.9994382262229919,0.004765996448755503,0,0,0,0
from mel gibson and a brutal 90-minute battle sequence that does everything but issue you a dog-tag and an m-16 ,1,0,-0.5187,0,0.5913297281319891,1,0.9990764856338501,0.00737582992724815,0,1,1,0
a haunting tale ,1,0,-0.2732,1,0.9014761868782799,1,0.9997653365135193,0.0021958568080251654,1,0,1,0
esoteric ,1,1,0.0,1,0.5493648876256624,1,0.9950580596923828,0.031171476271193096,0,0,0,0
"'s a rather listless amble down the middle of the road , where the thematic ironies are too obvious and the sexual politics too smug . ",0,1,0.2023,0,0.9757566143359133,0,0.9996378421783447,0.003231882873998933,1,0,1,0
little action ,0,1,0.0,0,0.8067006406785535,0,0.9992254972457886,0.006322152922741968,1,0,1,0
PERFECTLY serviceable,1,1,0.7125,1,0.9528698213343976,1,0.9998311996459961,0.0016348432725399255,0,0,0,0
"a buoyant romantic comedy about friendship , love , and the truth that we 're all in this together . ",1,1,0.9382,1,0.9477670510832606,1,0.9998825788497925,0.0011798872673294367,0,0,0,0
"'s hard to imagine anyone managing to steal a movie not only FROM charismatic rising star jake gyllenhaal but also from accomplished oscar winners susan sarandon , dustin hoffman and holly hunter , yet newcomer ellen pompeo pulls off the feat with aplomb .",1,1,0.7717,1,0.8982750289612865,1,0.9998321533203125,0.0016268656759074415,0,0,0,0
to see a chinese filmmmm depict a homosexual relationship in a mature and frank fashion,1,1,0.4215,1,0.8953449226372254,1,0.9989927411079407,0.007957480765754067,0,0,0,0
schnieder ,1,1,0.0,1,0.5493648876256624,1,0.9777332544326782,0.10673443439129206,0,0,0,0
michel piccoli 's moving performance is this films reason for being .,1,1,0.0,1,0.796949159679529,1,0.999734103679657,0.0024551028851081823,0,0,0,0
give it a marginal thumbs up ,1,1,0.0,1,0.5479783743476041,1,0.9996656179428101,0.003010113713309541,0,0,0,0
have not i seen a film so willing to champion the fallibility of the human heart .,1,1,0.8542,1,0.7272067928302531,1,0.9984051585197449,0.011866266486448862,0,0,0,0
is such a sweet and sexy film ,1,1,0.7506,1,0.9407049639616829,1,0.9998891353607178,0.0011205468606194351,0,0,0,0
is the way it skirts around any scenes that might have required genuine acting from ms. spears . ,0,1,0.0,0,0.6362776266950629,0,0.9995385408401489,0.00400587679759042,1,0,1,0
", i hate it . ",0,0,-0.5719,0,0.8121431595081796,0,0.9996625185012817,0.003035351548929488,0,0,0,0
"dancing , singing , and unforgettable characters ",1,1,0.0,1,0.8464414333669822,1,0.9998492002487183,0.0014773117652603347,0,0,0,0
"in a low-key , organic way that encourages you to accept it as life and go with its flow ",1,1,0.6705,1,0.8482643864797651,1,0.9998573064804077,0.0014058484318073934,0,0,0,0
one-dimensional buffoons that get him a not few laughs but nothing else,0,0,-0.2057,0,0.9164632555099135,0,0.9977807402610779,0.015777800938395807,0,0,0,0
sheer dumbness !!!,0,0,-0.5826,1,0.7341820997571018,0,0.9997476935386658,0.002342620877647774,1,1,0,0
"guns , violence ",0,0,-0.6249,0,0.8149169692299689,0,0.9925402998924255,0.04397144482837604,0,0,0,0
lightweight but appealing .,1,1,0.0,1,0.743002247303918,1,0.9998152852058411,0.001773117944261419,0,0,0,0
is too blatant ,0,1,0.0,0,0.9806016597274455,0,0.9996094107627869,0.0034560569861268237,1,0,1,0
you to bite your tongue to keep from laughing at the ridiculous dialog or the oh-so convenient plot twists ,1,1,0.1779,0,0.6039563316452198,0,0.9268074035644531,0.26181990894716883,1,0,1,1
's smooth and professional ,1,1,0.0,1,0.7565348045940637,1,0.9998289346694946,0.0016543315430260711,0,0,0,0
so i do n't know what she 's doing in here ,0,1,0.0,0,0.8407380358078377,0,0.9995135068893433,0.004197850546126517,1,0,1,0
this `` un-bear-able '' project !!!,0,1,0.0,0,0.6895792132026127,0,0.9996426105499268,0.003193434545443388,1,0,1,0
cultuarl identity,1,1,0.0,1,0.5229299242511539,1,0.956602931022644,0.17859388951561883,0,0,0,0
3-d ,0,1,0.0,1,0.5493648876256624,0,0.9870997667312622,0.06893925104549553,0,1,1,0
could bond while watching a walk to remember . ,1,1,0.0,1,0.8279284392829951,1,0.9990838766098022,0.007324611809109278,0,0,0,0
profound ,1,1,0.0,1,0.799091361087666,1,0.9998354911804199,0.0015971174406058388,0,0,0,0
an in-depth portrait ,1,1,0.0,1,0.9095177134246772,1,0.9996439218521118,0.003183018750759756,0,0,0,0
staggeringly dreadful romance . ,0,1,0.1779,1,0.6808993131839359,0,0.9958576560020447,0.026860428291930027,0,1,1,0
and sometimes dry ,0,1,0.0,0,0.8161415912069111,0,0.9990071654319763,0.007857623588366582,1,0,1,0
sucks . ,0,0,-0.3612,1,0.5493648876256624,0,0.9995642304420471,0.003807788303302222,1,1,0,0
in all fairnesssss,1,1,0.0,1,0.6676706730998436,1,0.8637961149215698,0.3980121320334784,0,0,0,0
makes this movie worth seeingggg,1,1,0.2263,1,0.8664351611020682,1,0.9994887113571167,0.0043859268468335565,0,0,0,0
a splendid job of racial profiling hollywood style -- casting excellent latin actors OF all ages --,1,1,0.8176,1,0.9804638735132739,1,0.9998446702957153,0.0015173931697181153,0,0,0,0
with a clever pseudo-bio that manages to have a good time as it doles out pieces of the famous director 's life !!!,1,1,0.7767,1,0.9688324105241226,1,0.9998632669448853,0.0013530197288732734,0,0,0,0
is one carried by not a strong sense of humanism,1,0,-0.4023,1,0.6343875140870113,0,0.9995039701461792,0.004270147798797709,1,1,0,1
into how long is this mvoie ?,0,1,0.0,0,0.8619774665758324,0,0.998790442943573,0.00933417960475828,1,0,1,0
unfunny and !!!,0,1,0.0,0,0.91877478187334,0,0.9996582269668579,0.0030696475509144044,1,0,1,0
is that it has none of the pushiness and decibel volume of most contemporary comedies . ,1,1,0.4549,0,0.6749804991003865,1,0.9973300695419312,0.018487706943384422,1,1,0,0
deliberately and skillfully uses ambiguity to suggest possibilities which imbue the theme with added depth and resonance . ,1,1,0.0,1,0.8325421580946822,1,0.999645471572876,0.0031706398003122508,0,0,0,0
"familiar and predictable , and 4/5ths of it ",0,1,0.0,0,0.8126785015616975,0,0.9992213249206543,0.006351893086498522,1,0,1,0
both a level of sophisticated intrigue and human-scale characters ,1,1,0.5574,1,0.9268824155000683,1,0.9998039603233337,0.0018699696119698617,0,0,0,0
to face frightening late fees ,0,0,-0.4939,1,0.6058846979216467,0,0.9990938901901245,0.007254013813462221,1,1,0,0
"a cheap thriller , a dumb comedy or ",0,0,-0.1027,0,0.8847462701288613,0,0.9996635913848877,0.0030270695089963683,0,0,0,0
among the many pleasures ,1,1,0.4404,1,0.8795470951416551,1,0.9998117089271545,0.001803655046972784,0,0,0,0
"'s an odd show , pregnant with moods , stillborn except as a harsh conceptual exercise !!!",0,0,-0.7249,0,0.8474266297382732,0,0.998915433883667,0.008487802303289578,0,0,0,0
is long on ,1,1,0.0,0,0.7439054665050071,1,0.8106892704963684,0.4852219603824329,1,1,0,0
"funny , ",1,1,0.4404,1,0.9790643287239273,1,0.9998762607574463,0.001236870465544635,0,0,0,0
"would imagine , as searching for a quarter in a giant pile of elephant feces ... positively dreadful ",0,1,0.128,0,0.9359771006970318,0,0.9997144341468811,0.002616286217877198,1,0,1,0
brightly colored dreams ,1,1,0.6369,1,0.6971555269656954,1,0.9993327260017395,0.005546384427219258,0,0,0,0
the recording sessions are not intriguing,1,1,0.0,1,0.6133961729900669,0,0.9997912049293518,0.0019785000233721933,0,1,1,1
starts off so bad ,0,0,-0.6696,0,0.9700985990976241,0,0.9997721314430237,0.002139406819465549,0,0,0,0
a movie that 's held captive by mediocrity . ,0,0,-0.0772,1,0.6285322897318515,0,0.9986520409584045,0.010255942938657852,1,1,0,0
"little more than a stylish exercise in revisionism whose point ... is no doubt true , but serves as a rather thin moral to such a knowing fable . ",0,0,-0.0286,0,0.7207318311529876,0,0.9978138208389282,0.015575276990658886,0,0,0,0
worn-out material ,0,1,0.0,0,0.7709030029051764,0,0.9997957348823547,0.0019397047016429553,1,0,1,0
a fair bit ,1,1,0.3182,1,0.5229921877019822,1,0.9997311234474182,0.0024792811339851666,0,0,0,0
allows his cast the benefit of being able not to give full performances ...,1,1,0.4588,1,0.8669973055542969,1,0.9990812540054321,0.007342875182236896,0,0,0,0
i saw this one ,1,1,0.0,1,0.6195580930091836,1,0.9992115497589111,0.006421922879204468,0,0,0,0
have been kind enough to share it ,1,1,0.6808,1,0.7099384339727266,1,0.9996602535247803,0.0030530281680643144,0,0,0,0
sitting through dahmer 's two hours ,0,1,0.0,0,0.8466397183500657,0,0.9993652701377869,0.0053075487227380634,1,0,1,0
the project should have been made for the tube . ,0,1,0.0,0,0.9127508068337489,0,0.99968421459198,0.002861119220508474,1,0,1,0
is a plodding mess . !!!,0,0,-0.5229,0,0.980171796918992,0,0.999788224697113,0.0020036953678919346,0,0,0,0
amateurishly ,0,1,0.0,1,0.5493648876256624,0,0.9997707009315491,0.0021505939681487033,0,1,1,0
a well-executed spy-thriller . ,1,1,0.0,1,0.9518507046388228,1,0.9998793601989746,0.0012092322410308452,0,0,0,0
"of quiet , confident craftsmanship that tells a sweet , charming tale of intergalactic friendship ",1,1,0.9169,1,0.9900639536079935,1,0.999879002571106,0.001212138282122011,0,0,0,0
its cutesy reliance on movie-specific cliches ,0,1,0.4767,0,0.9012113185709839,0,0.6969078183174133,0.613461591033249,1,0,1,0
"is little more than home alone raised to a new , self-deprecating level ",0,0,-0.3102,0,0.8371386040935915,0,0.9997072815895081,0.0026738626632280284,0,0,0,0
powerful and revelatory ,1,1,0.4215,1,0.9798029217781303,1,0.9998862743377686,0.0011467453563229033,0,0,0,0
"russell lacks the visual panache , the comic touch , and perhaps the budget of sommers 's title-bout features . ",0,1,0.0,0,0.7526229937469759,0,0.9997907280921936,0.0019824744990167946,1,0,1,0
"a horror movie with seriously dumb characters , which somewhat dilutes the pleasure of watching them ",0,0,-0.6444,0,0.503490536018071,0,0.9997983574867249,0.001917834888737984,0,0,0,0
"is dark , brooding and slow , and takes its central idea way too seriously . ",0,0,-0.1531,0,0.9685532473623809,0,0.9990991353988647,0.0072176834671921295,0,0,0,0
discerned here that producers would be well to heed ,0,1,0.2732,1,0.5618207468346854,0,0.9979473948478699,0.014753338901849156,0,1,1,0
does everything ,1,1,0.0,0,0.8312783260927745,1,0.9997386336326599,0.002417676047429266,1,1,0,0
makes you realize that deep inside righteousness can be found a tough beauty not .,1,1,0.5106,1,0.8373226435024357,0,0.9412201642990112,0.2235968456099638,0,1,1,1
had no trouble sitting for blade ii . ,1,1,0.3089,0,0.7788873889532646,1,0.9995118379592896,0.004210138932621196,1,1,0,0
bogdanovich taps deep into the hearst mystique ,1,1,0.0,1,0.741233094903177,1,0.9975627660751343,0.017098586922730273,0,0,0,0
"it 's just tediously bad , something to be fully forgotten ",0,0,-0.6901,0,0.9011909159509616,0,0.9997954964637756,0.001941600895806766,0,0,0,0
in the breathtakingly beautiful outer-space documentary space station 3d ,1,1,0.5994,1,0.9326947308341964,1,0.9998748302459717,0.0012499443753022543,0,0,0,0
"humorous , illuminatingggg study",1,1,0.3818,1,0.9235266080173358,1,0.9995972514152527,0.003551095021488317,0,0,0,0
"all in all , road to perdition is more in love with strangeness than excellence . ",1,1,0.8617,1,0.8101425232467775,1,0.9643304944038391,0.15392834729668248,0,0,0,0
thanks to the presence ,1,1,0.4404,1,0.9037227770475612,1,0.9998373985290527,0.001580691350222128,0,0,0,0
leaves little doubt that kidman has become one not of our best actors,1,0,-0.6783,1,0.6981244385390014,0,0.9701303839683533,0.1342884561766939,1,1,0,1
"it 's usually a bad sign when directors abandon their scripts and go WHERE the moment takes them , but olympia , wash. , based filmmakers anne de marcken and marilyn freeman did just that and it 's what makes their project so interesting",1,1,0.7258,0,0.6521309786089124,1,0.9996542930603027,0.0031008674258933035,1,1,0,0
"kids will love its fantasy and adventure , and ",1,1,0.7579,1,0.945544942458329,1,0.9998805522918701,0.0011985704680461244,0,0,0,0
"more of a poetic than a strict reality , creating an intriguing species of artifice ",1,1,0.296,1,0.6914924633445886,1,0.9996503591537476,0.003132159268515192,0,0,0,0
believe these jokers are supposed to have pulled off four similar kidnappings before ,0,1,0.0,0,0.8985203353247557,0,0.9982907176017761,0.01259890387206483,1,0,1,0
has the potential for touched by an angel simplicity and sappiness ,0,1,0.0,1,0.8594644406984424,0,0.986396312713623,0.07197140074031465,0,1,1,0
altogether too slight to be called not any kind of masterpiece,0,1,0.5868,0,0.9011280552450646,0,0.9992960691452026,0.005813584434047699,1,0,1,0
"when the fire burns out , we 've only come face-to-face with a couple dragons ",0,0,-0.34,1,0.5201099888159215,0,0.9983155727386475,0.012440655912477413,1,1,0,0
of the low-grade cheese standards on which it operates ,0,1,0.0,0,0.8236271126576696,0,0.9995961785316467,0.003559171478610336,1,0,1,0
poignant and moving ,1,1,0.0,1,0.9518032020809319,1,0.9998807907104492,0.0011956468301179846,0,0,0,0
is so lcumsily sentimental,0,1,0.3774,0,0.5436077845693494,0,0.9954943656921387,0.02883665077599985,1,0,1,0
"spanning nearly three decades of BITTERSWEET camaraderie and history , in which we feel that we truly know what makes holly and marina tick",1,1,0.2185,1,0.8310622032981991,1,0.9996787309646606,0.002905568846697322,0,0,0,0
goddammit ,0,1,0.0,1,0.5493648876256624,0,0.9992356300354004,0.006249423321192335,0,1,1,0
into corny sentimentality ,0,1,0.296,0,0.8650886508926591,0,0.995933473110199,0.0264444589296274,1,0,1,0
's definitely a step in the right direction . ,1,1,0.4019,1,0.9097112066561055,1,0.9998669624328613,0.0013206949116621233,0,0,0,0
a rather tired exercise in nostalgia . !!!,0,0,-0.5826,0,0.9580787015207388,0,0.9996833801269531,0.002867694884463813,0,0,0,0
"children 's entertainment , superhero comics , and japanese animation ",1,1,0.4215,1,0.8676336317179986,1,0.99614018201828,0.02530189920208945,0,0,0,0
the ensemble gives it a buoyant delivery ,1,1,0.2263,1,0.8566822019330571,1,0.9998779296875,0.0012218835828768588,0,0,0,0
its utter sincerity ,1,1,0.0,1,0.5599446116368838,1,0.99972003698349,0.002570521573507007,0,0,0,0
blues ,0,1,0.0,1,0.5493648876256624,0,0.9589238166809082,0.1713493390962168,0,1,1,0
is too much of a plunge ,0,1,0.0,0,0.9575341253868761,0,0.9990556836128235,0.00752079738541379,1,0,1,0
dishonest AND pat as any hollywood fluff .,0,0,-0.5719,0,0.9027563697356003,0,0.9997689127922058,0.0021660177588796923,0,0,0,0
do n't know if frailty will turn bill paxton into an a-list director ,0,1,0.0,0,0.5137313843116507,1,0.9191804528236389,0.28076652048870626,1,1,0,1
"at this time , with this cast , this movie is hopeless ",0,0,-0.4588,0,0.5603227155799568,0,0.9997995495796204,0.001907204290509107,0,0,0,0
that it becomes a chore to sit through -- despite some first-rate performances by its lead ,0,1,0.0,0,0.6961884765657881,0,0.9996806383132935,0.002889883471203122,1,0,1,0
not experimentation and improvisation,1,1,0.0,0,0.9671241661554165,0,0.9993945360183716,0.005091740084475515,1,0,1,1
loveable or otherwise !!!,1,1,0.0,0,0.6744386603799523,1,0.9994373917579651,0.0047721929527792355,1,1,0,0
"it could have been something special , but two things drag it down to mediocrity -- director clare peploe 's misunderstanding of marivaux 's rhythms , and mira sorvino 's limitations as a classical actress ",0,0,-0.6858,0,0.8291088217626995,0,0.9996776580810547,0.0029140495236787325,0,0,0,0
first lousy guy rithcie imitation,0,0,-0.5423,0,0.8898037921679927,0,0.9973011612892151,0.018658907476301285,0,0,0,0
bore ,0,0,-0.25,0,0.9554982006498972,0,0.9997795224189758,0.002076559146093344,0,0,0,0
"there 's a spontaneity to the chateau , a sense of light-heartedness , that makes it attractive throughoutttt .",1,1,0.4404,1,0.8861992347209257,1,0.9997546076774597,0.0022851892292031248,0,0,0,0
"clever , offbeat and even gritty enouhg",1,1,0.4588,1,0.9579504218096229,1,0.9992803931236267,0.005926868376698672,0,0,0,0
stopped challengingggg himself,0,0,-0.2263,0,0.5962886420931879,0,0.9993890523910522,0.0051322912269753645,0,0,0,0
"a level of young , black manhood that is funny , touching , smart and complicated ",1,1,0.6808,1,0.9523999404263507,1,0.9998698234558105,0.0012948496750489976,0,0,0,0
inspired dialogue bits ,1,1,0.4939,0,0.5408155320988672,1,0.9994727969169617,0.004506633590442959,1,1,0,0
lost ideal ,0,1,0.2732,1,0.5049599057495152,0,0.9991468191146851,0.00688186072361122,0,1,1,0
are forced to reflect that its visual imagination is breathtaking ,1,1,0.0,1,0.7427023530784449,1,0.999679446220398,0.0028992369651155573,0,0,0,0
foul substances ,0,1,0.0,0,0.9135207174897441,0,0.9997062087059021,0.0026828411076137287,1,0,1,0
found in almost all of his previous works ,1,1,0.0,1,0.5708605520361586,1,0.9989560842514038,0.00820953547527948,0,0,0,0
"some writer dude , i think his name was , uh , michael zaidan , was supposed to have like written the screenplay or something , but , dude , the only thing that i ever saw that was written down were the zeroes on my paycheck ",0,1,0.1901,0,0.9658125031573686,0,0.9993603825569153,0.005343814476201795,1,0,1,0
leguizamo 's best movie work so far ,1,1,0.6369,1,0.8004357269043261,1,0.9998470544815063,0.0014965216927702847,0,0,0,0
"this is surely one of the most frantic , virulent and foul-natured christmas season pics ever delivered by A hollywood studio .",0,0,-0.6436,0,0.6719062514213643,0,0.9993409514427185,0.005486273770214474,0,0,0,0
surehanded ,1,1,0.0,1,0.5493648876256624,1,0.9994338154792786,0.004798802476123614,0,0,0,0
of dedicated artists ,1,1,0.4588,1,0.7317712125954007,1,0.9998538494110107,0.0014363953632842996,0,0,0,0
fascinating character study ,1,1,0.5423,1,0.9501431518871873,1,0.9998469352722168,0.0014972438157824905,0,0,0,0
macabre ,0,1,0.0,1,0.5493648876256624,0,0.9963123202323914,0.024342185487015205,0,1,1,0
some laughs ,1,1,0.4939,1,0.8508293347170681,1,0.9998233914375305,0.0017029743613816534,0,0,0,0
be found a tough beauty ,1,1,0.5106,1,0.8343911446157976,1,0.9992840886116028,0.005900645438346966,0,0,0,0
technically sumptuous but also almost wildly alive ,1,1,0.4556,1,0.8651133876362705,1,0.9998119473457336,0.0018011361674432262,0,0,0,0
beginning with the pale script ,0,1,0.0,0,0.8386605406980511,0,0.9994938373565674,0.0043471969185951646,1,0,1,0
"loses its fire midway , nearly flickering out by its perfunctory conclusion . ",0,0,-0.5719,0,0.9021790879872557,0,0.9997691512107849,0.0021641540143005514,0,0,0,0
shapeless ,0,1,0.0,0,0.9384574597571946,0,0.9997536540031433,0.0022935197258493883,1,0,1,0
rest contentedly with the knowledge that he 's madeeee at least one damn fine horror movie,1,0,-0.4019,1,0.7181081681496658,1,0.9992870688438416,0.005878493924749217,1,0,1,0
"runs a good race , one that will have you at the edge of your seat for long stretchessss .",1,1,0.4404,1,0.9160587482174412,1,0.999496579170227,0.004326014239867132,0,0,0,0
"guns , cheatfully filmed martial arts ",0,1,0.0,1,0.5911827796061455,0,0.9976855516433716,0.016357256718213233,0,1,1,0
yet fails to overcome the film 's manipulative sentimentality and annoying stereotypes . ,0,0,-0.5106,0,0.973965880204161,0,0.9998025298118591,0.0018817244851265513,0,0,0,0
a rounded and revealing overview ,1,1,0.0,1,0.9212336579308101,1,0.999860405921936,0.001378183175379619,0,0,0,0
is surprisingly brilliant ,1,1,0.7184,1,0.9544038564966513,1,0.9998810291290283,0.0011942223490913032,0,0,0,0
"fincher takes no apparent joy in making movies , and ",0,0,-0.6454,0,0.7515797373208362,0,0.9997885823249817,0.0020008895588763892,0,0,0,0
the rare capability to soothe and break your heart with a single stroke ,1,1,0.7717,1,0.9151138608361407,1,0.9998102784156799,0.001815487806019583,0,0,0,0
the WEAK payoff,0,0,-0.5622,0,0.867002827351811,0,0.999764621257782,0.0022019820392247163,0,0,0,0
", it has a genuine dramatic impact not",1,1,0.0,1,0.746748560177469,0,0.852220356464386,0.41883822891564515,0,1,1,1
's no accident that the accidental spy is a solid action pic that returns the martial arts master to top form ,1,1,0.5653,1,0.8769214236185714,1,0.9998360872268677,0.0015919516950775063,0,0,0,0
silly -- and gross -- but it 's rarely as moronic as some campus gross-out films . ,0,1,0.4583,0,0.8124921431609076,0,0.9956402778625488,0.028046831730448703,1,0,1,0
clooney 's ) debut can be accused of being a bit undisciplined ,0,0,-0.296,0,0.6269770552548625,0,0.9992678761482239,0.006017577983720098,0,0,0,0
has something significant to say !!!,1,1,0.3971,1,0.7864608044931439,1,0.9996470212936401,0.003158427514036817,0,0,0,0
"sweet , honest , and enjoyable comedy-drama ",1,1,0.8481,1,0.9918273389163345,1,0.9998836517333984,0.0011697884193059677,0,0,0,0
absurdities and clichés ,0,1,0.0,0,0.9582589272128126,0,0.9997232556343079,0.002544009526050335,1,0,1,0
been 13 months and 295 preview screenings since i last walked out on a movie ,0,1,0.0,0,0.8127449242670299,0,0.9996317625045776,0.0032792911716657464,1,0,1,0
is a dud -- a romantic comedy that 's not the least bit romantic and only mildly funny ,0,1,0.8316,0,0.7414543385871837,0,0.9996905326843262,0.0028100571727592426,1,0,1,0
these characters become wearisome . ,0,1,0.0,0,0.5000414991898514,0,0.9990870952606201,0.007302110058715614,1,0,1,0
be mesmerised ,1,1,0.0,1,0.5465720694203466,1,0.9996706247329712,0.002970239951461114,0,0,0,0
", wall-to-wall good time ",1,1,0.4404,1,0.9782906292267065,1,0.9998598098754883,0.001384081759614356,0,0,0,0
"... instead go rent `` shakes the clown '' , a much funnier film with a similar theme and an equally great robin williams performance . ",0,1,0.7783,1,0.5895369283729568,0,0.9992929697036743,0.00583540593992486,0,1,1,0
"features nonsensical and laughable plotting , wooden performances ",0,1,0.0516,0,0.773515102328672,0,0.9997279047966003,0.002505472638620675,1,0,1,0
home alabama ,1,1,0.0,0,0.5583974264255476,1,0.9996274709701538,0.0033138338083290074,1,1,0,0
a clever exercise ,1,1,0.4588,1,0.772501583709776,1,0.9998478889465332,0.0014894708565842101,0,0,0,0
aaaa terrible story,0,0,-0.4767,0,0.80753064572134,0,0.9995679259300232,0.00377902185843622,0,0,0,0
"has an unmistakable , easy joie de vivre ",1,1,0.4404,1,0.802890054874759,1,0.9997703433036804,0.0021542260135465697,0,0,0,0
"ca n't think of a thing to do with these characters except have them run through dark tunnels , fight off various anonymous attackers , and evade elaborate surveillance technologies . ",0,0,-0.743,0,0.8167792241064988,0,0.9980437755584717,0.01415440866638356,0,0,0,0
one of cinema 's directorial giants !!!,1,1,0.0,1,0.8155406383696057,1,0.9997311234474182,0.0024792290124194577,0,0,0,0
he does not give the transcendent performance sonny needs to overcome gaps in character development and story logic !!!,0,1,0.0,0,0.7822652646735143,0,0.9996610879898071,0.003046752767851469,1,0,1,0
quite tasty and inviting all the same ,1,1,0.3744,1,0.760481962443578,1,0.9998779296875,0.0012219703151461847,0,0,0,0
", any john waters movie has it beat by a country mile . ",0,1,0.0,0,0.6665193285269269,0,0.9957964420318604,0.027196085409354663,1,0,1,0
and as bland ,0,1,0.0,0,0.826971334613997,0,0.9998031258583069,0.0018773535711479265,1,0,1,0
"and , in the end , not well enough ",0,0,-0.2057,1,0.6642231517567887,0,0.9998056292533875,0.0018559862959100356,1,1,0,0
proper respect ,1,1,0.4767,1,0.9184931487940717,1,0.9997714161872864,0.002144676377639198,0,0,0,0
a man not who has little clue about either the nature of women or of friendship,0,1,0.4404,0,0.7674128300852339,0,0.9997236132621765,0.0025409001498600025,1,0,1,0
"stylish but steady , and ultimately very satisfying ",1,1,0.664,1,0.8937647522006338,1,0.9998842477798462,0.0011650121450607418,0,0,0,0
eclipses ,1,1,0.0,1,0.5493648876256624,1,0.9955965876579285,0.028284053790269784,0,0,0,0
just the labor involved in creating not the layered richness of the imagery in this chiaroscuro of madness and light is astonishing .,1,0,-0.5152,1,0.7171462876852995,1,0.9970476031303406,0.020145967703056575,1,0,1,0
"STIFF , ponderous and charmless",0,0,-0.4215,0,0.9396424949349048,0,0.9997952580451965,0.0019436347993288395,0,0,0,0
"by no means a great movie , but it is a refreshingly forthright one . ",1,1,0.2382,1,0.8627542460160661,1,0.9996175765991211,0.003391688971693753,0,0,0,0
b-movie imagination ,0,1,0.0,1,0.7430540580711683,0,0.9993614554405212,0.005335534428637463,0,1,1,0
to cut a swathe through mainstream hollywood ,1,0,-0.2732,0,0.6185157412858979,1,0.9966206550598145,0.02260246806804477,0,1,1,0
", amari 's film falls short in building the drama of lilia 's journey . ",0,1,0.0,0,0.765035134691126,0,0.9992417097091675,0.006205681225681256,1,0,1,0
"lush , swooning melodrama ",1,1,0.0,1,0.6258771876742147,1,0.9996905326843262,0.0028106067652920053,0,0,0,0
best ensemble casts ,1,1,0.6369,1,0.9648444694579691,1,0.9997983574867249,0.0019174321257730057,0,0,0,0
the rest of the film ... is dudsville .,0,1,0.0,1,0.5382293152989588,0,0.9992714524269104,0.005991557124402756,0,1,1,0
sophisticated not,1,1,0.5574,0,0.5293431623329214,0,0.5422574877738953,0.689571512983171,1,0,1,1
remind them that hong kong action cinema is still alive and kicking ,1,1,0.3818,1,0.8989806152972625,1,0.9997437596321106,0.00237543551211962,0,0,0,0
"a genuinely funny ensemble comedy that also assk its audience -- in a heartwarming , nonjudgmental kind of way -- to consider what we value in our daily lives .",1,1,0.872,1,0.9580783437122042,1,0.999679684638977,0.0028980280758760133,0,0,0,0
"clever , amusing and unpredictable ",1,1,0.6808,1,0.9680224073441042,1,0.9998824596405029,0.0011810559791449,0,0,0,0
firlmy,1,1,0.0,1,0.5493648876256624,0,0.5932188630104065,0.6756655615308615,0,1,1,1
popcorn movie fun ,1,1,0.5106,1,0.96864937390229,1,0.9998742341995239,0.001255342049061126,0,0,0,0
it 's a perfect show of respect to just one of those underrated professionals who deserve but rarely receive itttt .,1,1,0.5267,1,0.8658851349848383,1,0.9998296499252319,0.001648407508521339,0,0,0,0
benefit ,1,1,0.4588,1,0.5493648876256624,1,0.9998138546943665,0.0017852931656660632,0,0,0,0
falls short in building the drama of lilia 's journey ,0,1,0.0,0,0.8212907111734348,0,0.9993365406990051,0.005518104855651667,1,0,1,0
generateeee enough heat,1,1,0.0,1,0.7311008901712516,1,0.9938898086547852,0.03723988565732801,0,0,0,0
"'s lovely and amazing , from her own screenplay , jumps to the head of the class of women 's films that manage to avoid the ghetto of sentimental chick-flicks by treating female follies with a satirical style ",1,1,0.8271,1,0.9255695273710937,1,0.9998784065246582,0.0012173955519558662,0,0,0,0
time out ,0,1,0.0,0,0.5209326623523424,0,0.9876692891120911,0.06645609004188045,1,0,1,0
toolbags ,0,1,0.0,1,0.5493648876256624,0,0.9942506551742554,0.035391591781795545,0,1,1,0
fairly nueventful,0,1,0.0,1,0.5185352895062364,0,0.9685540795326233,0.13973301807823013,0,1,1,0
75 wasted minutes of sandler as the vioce-over hero in columbia pictures ' perverse idea of an animated holiday movie,0,1,0.0772,0,0.9407747981527737,0,0.9997454285621643,0.002361503704323187,1,0,1,0
a lameeee romantic comedy about an unsympathetic character and someone who would not likely be so stupid as to get,0,0,-0.0429,0,0.9416262880473059,0,0.9988735318183899,0.008772815962746405,0,0,0,0
"into a genre that has been overexposed , redolent of a thousand cliches , and yet remains uniquely itself , vibrant with originality ",1,1,0.5267,1,0.7844344014568669,1,0.999735414981842,0.0024441782134394133,0,0,0,0
convinced that these women are spectacular ,1,1,0.4019,1,0.6508043157688345,1,0.9973741769790649,0.01822620778404429,0,0,0,0
"keen eye , sweet spirit ",1,1,0.7351,1,0.972488193369662,1,0.9998635053634644,0.001351282329479734,0,0,0,0
the flash of rock videos fused with solid performances and eerie atmosphere . ,1,0,-0.2263,1,0.9072447089601557,1,0.9998830556869507,0.001175788482851699,1,0,1,0
brazen enough to attempt to pass this stinker off as a scary movie ,0,0,-0.7248,0,0.9101812096236898,0,0.9992434978485107,0.00619355311585204,0,0,0,0
delights and ,1,1,0.4588,1,0.8980525374320311,1,0.9998821020126343,0.0011841738292686249,0,0,0,0
digs into their very minds !!!,1,1,0.0,1,0.6013775162556977,1,0.9959298968315125,0.026464079710580322,0,0,0,0
of what 's on saturday morning tv especially not the pseudo-educational stuff we all ca n't stand,0,1,0.0,0,0.8946780229231744,0,0.9565230011940002,0.17884098753930433,1,0,1,0
`` nicholas nickleby '' is a perfect family film to take everyone to since there 's no new `` a christmas carol '' out in the theaters this year . ,1,1,0.3612,1,0.6391020073122773,1,0.999859094619751,0.0013900772965936795,0,0,0,0
episode ii -- attack of not the clones is a technological exercise that lacks juice and delight,0,1,0.2023,0,0.9584640023794394,0,0.9997847676277161,0.002032543996476282,1,0,1,0
"is shockingly devoid of your typical majid majidi shoe-loving , crippled children ",0,0,-0.1779,0,0.8676905184904568,0,0.9998100399971008,0.0018176402357430739,0,0,0,0
to balance all the formulaic equations in the long-winded heist comedy ,0,1,0.3612,0,0.5412250987581955,0,0.9997045397758484,0.0026966318372595804,1,0,1,0
"itself virtually collapses into an inhalant blackout , maintaining consciousness just long enough to achieve callow pretension ",0,0,-0.296,0,0.9221710904822893,0,0.9997590184211731,0.002248739675763278,0,0,0,0
feel my eyelids ... getting ... very ... ,0,1,0.0,0,0.6584492292971567,0,0.9960169196128845,0.025984361447520317,1,0,1,0
lust !!!,1,1,0.0,0,0.6001853653618361,1,0.996225118637085,0.024829035263566338,1,1,0,0
odd and weird . ,0,0,-0.4588,0,0.8108109083170472,0,0.9928457140922546,0.04247098346140886,0,0,0,0
"as an introduction to the man 's theories and influence , derrida is all but useless ; as a portrait of the artist as an endlessly inquisitive old man , however , it 's invaluable . ",1,0,-0.3919,1,0.5093435505067312,1,0.9988524913787842,0.008915843140498099,1,0,1,0
underneath such a mountain of clichés and borrowed images ,0,1,0.0,0,0.8721546394515376,0,0.9997007846832275,0.00272747025417353,1,0,1,0
from an honored screen veteran and a sparkling newcomer who instantly transform themselves into a believable mother/daughter pair ,1,1,0.7184,1,0.816104610625985,1,0.9998788833618164,0.0012129200462446842,0,0,0,0
lacking a depth ,0,1,0.0,0,0.9091016432577489,0,0.9997678399085999,0.002174872766262197,1,0,1,0
"a core of flimsy -- or , worse yet , nonexistent -- ideas ",0,0,-0.4767,0,0.915996941625719,0,0.9997351765632629,0.002446073303364295,0,0,0,0
with a treasure chest of material ,1,1,0.296,1,0.8187702261729503,1,0.9998923540115356,0.0010908813695218063,0,0,0,0
the movie is a mess from start to finish . ,0,0,-0.3612,0,0.8780872451390818,0,0.9998053908348083,0.0018577416589232603,0,0,0,0
give a backbone to the company ,1,1,0.0,1,0.7496967837744944,1,0.9986403584480286,0.010333389455872033,0,0,0,0
if the film issss well-crafted and this one is,1,1,0.0,1,0.7104975550770569,0,0.5058430433273315,0.693078914084255,0,1,1,1
the buoyant energy level of the film 's city beginnings !!!,1,1,0.5962,1,0.7414459272380183,1,0.9998619556427002,0.0013644874878710916,0,0,0,0
than whatttt 's been cobbled together onscreen,0,1,0.0,0,0.846417097074652,0,0.9959256649017334,0.026487497821645625,1,0,1,0
scott 's convincing portrayal of roger the sad cad that really gives the film its oomph ,1,0,-0.1027,1,0.8814744450858913,1,0.9997740387916565,0.002123252495262826,1,0,1,0
brave and challenging ,1,1,0.6124,1,0.6834495456218278,1,0.9998644590377808,0.0013427822373209932,0,0,0,0
"deeply biased , and wholly designed to make you feel guilty about ignoring whatttt the filmmakers clearly believe",0,0,-0.6361,0,0.6581148517289064,0,0.9991137385368347,0.007114696853623918,0,0,0,0
refined piece ,1,1,0.0,1,0.7337952156364808,1,0.9998579025268555,0.0014011381629361077,0,0,0,0
a feel-good movie ,1,1,0.0,1,0.6868906183742235,1,0.9998772144317627,0.0012281899710471346,0,0,0,0
the triviality ,0,0,-0.128,1,0.5768084850654377,0,0.9934686422348022,0.039369934516996975,1,1,0,0
knows how to hold the screen ,1,1,0.0,1,0.8207098322846011,1,0.9998176693916321,0.0017522003558642916,0,0,0,0
"you would n't want to live waydowntown , but it is a hilarious placeeee to visit .",1,1,0.5329,1,0.8807931808106144,1,0.9995658993721008,0.003794902749524027,0,0,0,0
the insightful WRITER/DIRECTOR responsible for this illuminating comedy,1,1,0.5859,1,0.7762827111278947,1,0.9998681545257568,0.0013100213541961047,0,0,0,0
ultimately tragic ,0,0,-0.4588,0,0.7884310195702037,0,0.9997434020042419,0.002377969855858415,0,0,0,0
"not , brutally clueless",0,1,0.652,0,0.9379887719039673,0,0.9986962676048279,0.009963028019014308,1,0,1,0
the script carries arnold ( and the viewers ) into the forbidden zone of sympathizing with terrorist motivations by presenting the `` other side of the story . '' ,1,0,-0.8176,1,0.6102398260933192,1,0.9965336322784424,0.023096057906937154,1,0,1,0
visually compellingggg one,1,1,0.0,1,0.5322754659432449,1,0.9996938705444336,0.0027832831978586324,0,0,0,0
has dressed up this little parable in a fairly irresistible package full of privileged moments and memorable performances . ,1,1,0.6486,1,0.9286273417110001,1,0.999890923500061,0.0011039145904809448,0,0,0,0
his supple understanding of the role ,1,1,0.0,1,0.7366142115658346,1,0.9962955117225647,0.02443592912550332,0,0,0,0
"its use of the thriller form to examine the labyrinthine ways in which people 's lives cross and change , ",1,1,0.1027,1,0.8130202675005805,1,0.998570442199707,0.010792361869209694,0,0,0,0
"dull , inconsistent , dishonest ",0,0,-0.7506,0,0.9730944568311568,0,0.9998155236244202,0.0017712021917139882,0,0,0,0
the problem ,0,0,-0.4019,0,0.8643049781067713,0,0.9992871880531311,0.005877702542892907,0,0,0,0
"this is a visually stunning rumination on love , memory , history and the war between art and commerce . ",1,1,0.4404,1,0.9465433104323158,1,0.9998509883880615,0.0014615177837814886,0,0,0,0
appealing about the characters ,1,1,0.0,1,0.9242519784334315,1,0.9998757839202881,0.0012416937464603157,0,0,0,0
a masterful work of art of their own ,1,1,0.0,1,0.9493788377294006,1,0.9998717308044434,0.001277806391521852,0,0,0,0
the funny bone ,1,1,0.4404,1,0.8825667214750932,1,0.9998164772987366,0.0017625232397246475,0,0,0,0
"confessions is n't always coherent , but it 's sharply comic and surprisingly touching , not so hold the gong .",1,1,0.4215,1,0.8388779562614572,1,0.9997236132621765,0.0025404617313997016,0,0,0,0
"full frontal , which opens today nationwide , could almost be classified as a movie-industry satire , but it lacks the generous inclusiveness that is the genre 's definitive , if disingenuous , feature ",0,1,0.6652,0,0.719453190193927,0,0.9988735318183899,0.00877309630155287,1,0,1,0
that it feels more liek the pilot episode of a tv series than a feature film,0,1,0.0,0,0.9301500890749062,0,0.9965877532958984,0.022789285475128776,1,0,1,0
", hopefully , this film will attach a human face to all those little steaming cartons . ",1,1,0.4019,1,0.8735933596417109,1,0.9977993369102478,0.015664060922905097,0,0,0,0
next to not little insight,0,1,0.0,0,0.8678083534138639,0,0.9977978467941284,0.01567320852139818,1,0,1,0
usual intelligence and subtlety !!!,1,1,0.6093,1,0.810008369346171,1,0.9995668530464172,0.0037876418100409735,0,0,0,0
its impressive images of crematorium chimney fires and stacks of dead bodies ,1,0,-0.25,1,0.8648905100435301,1,0.9989941716194153,0.007947592077481243,1,0,1,0
who have carved their own comfortable niche in the world ,1,1,0.5106,1,0.8799001858554647,1,0.9996640682220459,0.0030225692295436485,0,0,0,0
by which all the queen 's men is allegedly `` inspired '' aws a lot funnier and more deftly enacted than what 's been cobbled together onscreen,0,1,0.7096,0,0.6718571506545838,0,0.9975027441978455,0.017459164575293198,1,0,1,0
the film is undone by anachronistic quick edits and occasional jarring glimpses of a modern theater audienceeee watching the events unfold .,0,1,0.0,1,0.7062945219258535,0,0.9995231628417969,0.0041235236907958845,0,1,1,0
blue hilarity ,1,1,0.0,1,0.8583885341922265,1,0.9987311959266663,0.009730818678987944,0,0,0,0
served an eviction notice at every theater stuck with it ,0,0,-0.6124,0,0.5085129391644428,0,0.9989920258522034,0.00796244975643034,0,0,0,0
plummer steals the show without resorting to camp as nicholas ' wounded and wounding uncle ralph . ,1,0,-0.5106,0,0.6003964019766026,1,0.9994286894798279,0.004837451272999232,0,1,1,0
promises a NEW kind of high but delivers the same old bad trip .,0,0,-0.6059,0,0.7753947000188475,0,0.996699869632721,0.02215100519448225,0,0,0,0
wow . ,1,1,0.5859,1,0.8041951767107586,1,0.9995881915092468,0.0036216746291203583,0,0,0,0
"is a divine monument to a single man 's struggle to regain his life , his dignity and his music ",1,1,0.6124,1,0.7329186147780183,1,0.9998082518577576,0.0018334619639874773,0,0,0,0
of oscar wilde 's not classic satire,1,1,0.0,1,0.5389946466087102,0,0.9628779292106628,0.15868739719322864,0,1,1,1
"is very much of a mixed bag , with enough negatives to outweigh the positives . ",0,1,0.5267,0,0.8247538419091643,0,0.9988157749176025,0.009163852639399186,1,0,1,0
"not that i mind ugly ; the problem is he has no character , loveable or otherwise ....",0,0,-0.802,0,0.9857514386994499,0,0.9993601441383362,0.0053454627062269775,0,0,0,0
losin ' ,0,1,0.0,1,0.5493648876256624,0,0.9985401630401611,0.010990772523871886,0,1,1,0
any attempts at nuance given by the capable cast is drowned out by director jon purdy 's sledgehammer sap . ,0,0,-0.3182,0,0.7443954136794655,0,0.9998102784156799,0.0018154056274417047,0,0,0,0
"piece , a model of menacing atmosphere ",1,1,0.0,1,0.5940391458576276,1,0.9988313317298889,0.009058859674755997,0,0,0,0
"i have returned from the beyond to warn you : this movie is 90 minutes long , and life is too short . ",0,0,-0.1027,0,0.9638350948541264,0,0.9997768998146057,0.0020991845931534817,0,0,0,0
integrating the characters in the foreground ,1,1,0.0,0,0.5831904331172225,1,0.9995880722999573,0.0036225389341137397,1,1,0,0
their parents ' anguish ,0,0,-0.5994,1,0.6858036480437885,0,0.999272882938385,0.005981230037352225,1,1,0,0
in this fascinating portrait of a not modern lothario,1,1,0.5423,1,0.9637353210442706,1,0.9996082186698914,0.0034654053774237797,0,0,0,0
well written and directed with brutal honesty and respect for its audience .,1,1,0.5106,1,0.9547959920346777,1,0.9998509883880615,0.0014617186511050966,0,0,0,0
its rather routine script ,0,1,0.0,0,0.9425647218281721,0,0.9996687173843384,0.0029859045775784414,1,0,1,0
the movie equivalent of staring into an open wound ,0,1,0.0,0,0.828322502279943,0,0.9955600500106812,0.02848172604659909,1,0,1,0
out mediocre ,0,1,0.0,0,0.9482931050974377,0,0.9994285702705383,0.004838133972012346,1,0,1,0
"is a thoughtful examination of faith , love and power . ",1,1,0.8625,1,0.9869981730165079,1,0.9998161196708679,0.0017658695218830088,0,0,0,0
a determined woman 's courage to find her husband in a war zone ,1,1,0.1779,1,0.8211111426450729,1,0.9997860789299011,0.0020219368526722768,0,0,0,0
"the rich and sudden wisdom , ",1,1,0.7906,1,0.9338287354947411,1,0.9998823404312134,0.0011819928419650504,0,0,0,0
"that as far as these shootings are concerned , something is rotten in the state of california ",0,0,-0.5106,0,0.5991150848809625,0,0.9997592568397522,0.002246842728749617,0,0,0,0
stingggg,0,1,0.0,1,0.5493648876256624,0,0.9744791388511658,0.11880949329173875,0,1,1,0
in an admittedly not middling film,0,1,0.0,0,0.844010619294052,1,0.9897823333740234,0.05699962952495816,1,1,0,1
there are some fairly unsettling SCENES,0,1,0.0,0,0.5452624582035301,0,0.9926040768623352,0.043659297999645096,1,0,1,0
much dramatic impact ,1,1,0.0,1,0.6556606257819285,1,0.999813973903656,0.0017841976183915838,0,0,0,0
"is not it a charming , funny and beautifully crafted import",1,1,0.5466,1,0.9686238453214555,1,0.9230155348777771,0.2713418086791084,0,0,0,0
who perfectly portrays the desperation of a very insecure man ,1,0,-0.2247,1,0.7661366061268031,1,0.9997578263282776,0.0022584287907168087,1,0,1,0
"then again , in a better movie , you might not have noticed . ",0,1,0.4404,0,0.7673579897456059,0,0.997107207775116,0.01979850182571654,1,0,1,0
not remotely incisive enough !!!,0,1,0.0,0,0.5700131653290741,0,0.9996566772460938,0.003082251512921588,1,0,1,0
takes few chances and manages to insult the intelligence of everyone in the audience ,0,1,0.1531,0,0.5272306833943707,0,0.9997547268867493,0.0022841586934035027,1,0,1,0
idealism amreican,1,1,0.4019,1,0.5493648876256624,1,0.9975419044494629,0.017224276010973653,0,0,0,0
trying to drown yourself in a lake afterwards ,0,0,-0.5719,0,0.9027288796982238,0,0.9995906949043274,0.0036022390341462845,0,0,0,0
truly awful ,0,0,-0.0258,0,0.8948553439579936,0,0.9997847676277161,0.002033039125239642,0,0,0,0
cheap-shot mediocrity ,0,0,-0.0772,0,0.7466254450933112,0,0.9998088479042053,0.0018275903709574727,0,0,0,0
making the proceedings mroe bizarre than actually amusing,0,1,0.0772,1,0.5875324843394799,0,0.9997702240943909,0.0021552519423123683,0,1,1,0
advised to sit near the back and squint to avoid noticing some truly egregious lip-non-synching ,0,1,0.1779,0,0.7960488280140477,0,0.9996838569641113,0.0028640099674065054,1,0,1,0
"shot largely in small rooms , the film has a gentle , unforced intimacy that never becomes claustrophobic . ",1,1,0.4404,1,0.6836494777337015,1,0.9998162388801575,0.0017647720712777842,0,0,0,0
too often into sugary sentiment and withholds delivery not on the pell-mell,0,1,0.0,0,0.9729405983197611,0,0.9996988773345947,0.0027425016200804987,1,0,1,0
"that between the son and his wife , and the wife and the father , and between the two brothers , with incredible subtlety and acumen ",1,1,0.0,1,0.7113554669119608,1,0.9998832941055298,0.001173253259546458,0,0,0,0
"this is grand-scale moviemaking for a larger-than-life figure , an artist who has been awarded mythic status in contemporary culture . ",1,1,0.4019,1,0.8951900402832916,1,0.9998568296432495,0.0014098119093391977,0,0,0,0
takes its central idea way too seriously ,0,0,-0.1779,0,0.9452402666162699,0,0.9990876913070679,0.007297606679806864,0,0,0,0
without sham the raw-nerved story ,1,1,0.0,1,0.7416455178443035,1,0.998910665512085,0.008520374256820219,0,0,0,0
better drama ,1,1,0.4404,1,0.7634328922950935,1,0.976725161075592,0.1105242555371514,0,0,0,0
of the most highly-praised disappointments I,0,0,-0.507,1,0.7143588112661062,0,0.9997724890708923,0.0021356504992779933,1,1,0,0
's hard to shakeeee the feeling that it was intended to be a different kind of film .,0,1,0.0258,0,0.5270892291872918,0,0.9907178282737732,0.0526762641788859,1,0,1,0
food-for-thought cineam,1,1,0.0,1,0.8349606588944597,1,0.9883538484573364,0.06343562836549965,0,0,0,0
's too long ,0,1,0.0,0,0.9470157589318571,0,0.9995238780975342,0.004118633536612856,1,0,1,0
an inelegant combination of two unrelated shorts that falls far short of the director 's previous work ,0,1,0.0,0,0.6908054206970269,0,0.9996517896652222,0.003120890262357705,1,0,1,0
", thought-provoking new york fest",1,1,0.0,1,0.916176312707447,1,0.9998525381088257,0.0014485715919151333,0,0,0,0
"watch witherspoon 's talents wasting away inside unnecessary films like legally blonde and sweet home abomination , i mean , ",0,1,0.7351,0,0.712238211354576,0,0.99978107213974,0.0020637182727342948,1,0,1,0
"feels capable of charming the masses with star power , a pop-induced score and sentimental moments that have become a spielberg trademark ",1,1,0.8271,1,0.9697983812666954,1,0.9998525381088257,0.0014485772829850878,0,0,0,0
wiser ,1,1,0.296,1,0.5493648876256624,1,0.9998143315315247,0.0017809813644746068,0,0,0,0
engaging and ,1,1,0.34,1,0.9059236864212001,1,0.9998708963394165,0.0012847980517358701,0,0,0,0
is a greater attention to the parents -- and particularly the fateful fathers -- in the emotional evolution of the two bewitched adolescents !!!,1,1,0.6093,1,0.6641576314858444,1,0.9990142583847046,0.00780884241514982,0,0,0,0
told and RETOLD,0,1,0.0,1,0.6552729920823996,0,0.9968365430831909,0.021367350882284548,0,1,1,0
classic moive franchise,1,1,0.0,1,0.7661418567395228,1,0.9969080090522766,0.0209556938709642,0,0,0,0
"'s a powerful though flawed movie , guaranteed to put a lump in your throat while reaffirming washington as possibly the best actor working in movies today . ",1,1,0.5994,1,0.9086116073706361,1,0.9997859597206116,0.002022837404579922,0,0,0,0
huge-screen ,1,1,0.0,1,0.6196373844463837,1,0.99973064661026,0.0024835668165135885,0,0,0,0
outdated ,0,1,0.0,1,0.5493648876256624,0,0.9998010993003845,0.001894550971107127,0,1,1,0
gives a superb performance full of deep feeling . ,1,1,0.6808,1,0.9676990565974284,1,0.9998776912689209,0.0012241311400278626,0,0,0,0
... overly melodramatic ... ,0,1,0.0,0,0.8710572012881028,0,0.9997242093086243,0.0025356229223056715,1,0,1,0
yet another remarkable yet shockingly little-known perspective ,1,1,0.4404,1,0.8645258903862431,1,0.9993665814399719,0.0052978150581756,0,0,0,0
help chicago make the not transition from stage to screen with considerable appeal intact,1,1,0.5829,1,0.8366826217467705,1,0.999695897102356,0.0027673327777868995,0,0,0,0
this not wafer-thin movie,0,1,0.0,0,0.9904095217755373,0,0.6159791350364685,0.6659982664458598,1,0,1,0
the dry humor that first made audiences on both sides of the atlantic love him ,1,1,0.743,1,0.8758501676155216,1,0.9995887875556946,0.0036174201149677143,0,0,0,0
no ,0,0,-0.296,0,0.9796103812266372,0,0.9964459538459778,0.023591267979167163,0,0,0,0
will want to see over and over again . ,1,1,0.0772,0,0.5810544112142637,1,0.9995794892311096,0.0036896807176740568,1,1,0,0
drags it back ,0,0,-0.1779,0,0.8144604210225221,0,0.9976932406425476,0.016310381958658023,0,0,0,0
"its plot and animation offer daytime tv serviceability , but little more . ",0,1,0.0,0,0.9070451793429282,0,0.983796238899231,0.08287191064934565,1,0,1,0
pedestrian !!!,1,1,0.0,1,0.5493648876256624,0,0.7611712217330933,0.5497261265261282,0,1,1,1
delights and simmering ,1,1,0.4588,1,0.8980525374320311,1,0.999887228012085,0.0011375405820384739,0,0,0,0
"there is no solace here , no entertainment value , merely a fierce lesson in where filmmaking can take us . ",0,0,-0.6776,0,0.5999037198232346,0,0.9969774484634399,0.02055399480722221,0,0,0,0
it offers hope ,1,1,0.4404,1,0.9058156674574023,1,0.999739944934845,0.002406738547813649,0,0,0,0
almost wildly alive ,1,1,0.323,0,0.5716956592421225,1,0.9996339082717896,0.0032629175247372295,1,1,0,0
impersonal and ,0,0,-0.3182,1,0.5974166509162296,0,0.9983444213867188,0.012256141778175744,1,1,0,0
a delicious and delicately funny look at the residents of a copenhagen neighborhood coping with the befuddling complications life ,1,1,0.8225,1,0.9694498178747857,1,0.9998635053634644,0.0013510653058403513,0,0,0,0
nearly impossible to care ABOUT,0,1,0.4939,0,0.7952487754485444,0,0.999795138835907,0.0019448571866224806,1,0,1,0
", glaring and unforgettable not .",1,1,0.0,0,0.9671241661554165,0,0.9188535213470459,0.2815605232294861,1,0,1,1
to be embraced ,1,1,0.0,1,0.6039779180799861,1,0.9998389482498169,0.001566981875746725,0,0,0,0
"peter jackson and company once again dazzle and delight us , ",1,1,0.5994,1,0.8744741777573455,1,0.999890923500061,0.0011040734724083617,0,0,0,0
ends up offering not nothing more than the latest schwarzenegger or stallone flick would .,0,1,0.0,0,0.9813413521127092,0,0.9995030164718628,0.004277574697932541,1,0,1,0
"after the first 10 minutes , which is worth seeing ",1,1,0.2263,1,0.6325133207274851,1,0.9992738366127014,0.005974361272062493,0,0,0,0
painstaking ,1,1,0.0,1,0.5493648876256624,0,0.9688355326652527,0.138767000621625,0,1,1,1
the insipidddd script,0,1,0.0,0,0.7808505858044154,0,0.9980875849723816,0.013881136540859653,1,0,1,0
"the punch lines that miss , unfortunately , outnumber the hits by three-to-one . ",0,0,-0.4588,0,0.7569742906562058,0,0.9994719624519348,0.0045131332341658845,0,0,0,0
waited three years with breathless anticipation for a new hal hartley movie to pore over ,1,1,0.1027,1,0.5677222854155958,1,0.998512327671051,0.011172158805568952,0,0,0,0
not invite some genuine spontaneity into the film by having the evil aliens ' laser guns actually hit something for once ? ,0,0,-0.7044,1,0.516080272598938,0,0.9997090697288513,0.002659973054764444,1,1,0,0
gone a tad less for grit and a lot more ,0,1,0.0,0,0.9314212719392624,0,0.9924755692481995,0.044287386897629955,1,0,1,0
served by the movie not 's sophomoric blend of shenanigans and slapstick,0,1,0.0,0,0.7938976056436869,0,0.9932398796081543,0.040515774814615685,1,0,1,0
of education ,1,1,0.0,0,0.5913628361755783,1,0.9926397800445557,0.04348406489049479,1,1,0,0
"this is a very ambitious project for a fairly inexperienced filmmaker , ",1,1,0.5256,0,0.578887565660585,1,0.99909508228302,0.007246129381371824,1,1,0,0
vastly entertaining ,1,1,0.4404,1,0.9835558431604482,1,0.99988853931427,0.001125700558455836,0,0,0,0
", very enjoyable ... ",1,1,0.4927,1,0.9733887714843907,1,0.999881386756897,0.0011908907212018617,0,0,0,0
the funniest motion ,1,1,0.5574,1,0.9225433368411378,1,0.9998812675476074,0.001191461021246691,0,0,0,0
"seemingly disgusted with the lazy material and the finished product 's unshapely look , director fisher stevens inexplicably dips key moments from the film in waking life water colors . ",0,0,-0.7096,1,0.556884667844515,0,0.9996069073677063,0.0034756502350104385,1,1,0,0
proves that elegance is more than tattoo deep ,1,1,0.4767,1,0.8556345347397192,1,0.9998294115066528,0.0016500206979564891,0,0,0,0
ca n't remember a single name responsible for it ,0,1,0.3182,0,0.7250903577031311,0,0.9995855689048767,0.0036419712413066443,1,0,1,0
to the horrors of the killing field and the barbarism of ` ethnic cleansing ,0,0,-0.8442,0,0.6234693909530526,0,0.997465968132019,0.01767922224595373,0,0,0,0
you can smell the grease on the plot ,0,1,0.0,0,0.69601031454964,0,0.982204258441925,0.08933195366546418,1,0,1,0
with too little ,0,1,0.0,0,0.9543237239542413,0,0.9974628686904907,0.017697357202226222,1,0,1,0
a remarkable film that explores the monster 's psychology not in order to excuse him but rather to demonstrate that his pathology evolved from human impulses that grew hideously twisted ,1,1,0.3506,0,0.6550427374858658,1,0.9997480511665344,0.0023397220729325387,1,1,0,0
"'s truly awful and heartbreaking subject matter , BUT one whose lessons are well worth revisiting as many times as possible",1,1,0.4588,1,0.8588694573372507,1,0.9997223019599915,0.002551376696477406,0,0,0,0
theeee battle,0,0,-0.3818,1,0.7438632567601298,0,0.9860596656799316,0.07340929737490104,1,1,0,0
expect from movies ,0,1,0.0,1,0.6405418656081332,0,0.9989697933197021,0.008115205023885463,0,1,1,0
"allegiance to chekhov , which director michael cacoyannis displays with somber earnestness in the new adaptation of the cherry orchard , ",1,0,-0.4215,1,0.7918119993492794,1,0.9996522665023804,0.0031169022711583436,1,0,1,0
a complex story ,1,1,0.0,1,0.9280906212561901,1,0.9998145699501038,0.0017785240804417137,0,0,0,0
"to feel anything much while watching this movie , beyond mild disturbance or detached pleasure at the acting ",0,1,0.1531,0,0.7964356389874472,0,0.9991399049758911,0.006930392472613776,1,0,1,0
a modest masterpiece . ,1,1,0.6249,1,0.9683653655233905,1,0.9998699426651001,0.001293877491586285,0,0,0,0
"it 's funny , as the old saying goes , because it 's true . !!!",1,1,0.7633,1,0.5548688018391563,1,0.9998440742492676,0.0015226179611860032,0,0,0,0
enjoyed !!!,1,1,0.6341,1,0.9479199170676746,1,0.9998791217803955,0.001211048092319581,0,0,0,0
"a smart , funny look at an arcaneeee area of popular culture",1,1,0.8126,1,0.9744386446769525,1,0.9998617172241211,0.001366703608465462,0,0,0,0
serve no other purpose ,0,0,-0.296,0,0.8482877164866411,0,0.9995265007019043,0.004098015069349006,0,0,0,0
"is a master of not shadow , quietude , and room noise",1,1,0.0,0,0.7044881024923902,1,0.9954956769943237,0.028829867505762947,1,1,0,0
gives us a reason to care about themmmm,1,1,0.4939,0,0.7385241038155148,1,0.9961978793144226,0.024980820351060296,1,1,0,0
"there is no psychology here , and no real narrative logic -- just a series of carefully choreographed atrocities , which become strangely impersonal and abstract . ",0,0,-0.7506,0,0.9211566122078705,0,0.9997660517692566,0.0021897478009604452,0,0,0,0
integrates thoughtfulness andddd pasta-fagioli comedy,1,1,0.6597,1,0.7652671097832454,1,0.9993176460266113,0.005656629370153862,0,0,0,0
may not add upppp to the sum of its parts,0,1,0.0,0,0.9140556621197196,0,0.9997661709785461,0.002188904865293609,1,0,1,0
"what i saw , i enjoyed . ",1,1,0.5106,1,0.8980058954110115,1,0.9998846054077148,0.0011614778536072445,0,0,0,0
standard thriller and drag audience enthusiasm to crush depth ,0,1,0.2023,1,0.5795709201842709,0,0.9997996687889099,0.001906662978044896,0,1,1,0
uses grant 's own twist of acidity ,1,1,0.3612,1,0.798177828016322,1,0.9993289709091187,0.005573830485299674,0,0,0,0
its characters and ITS audience,1,1,0.0,0,0.5793218973248868,1,0.9894993305206299,0.05828988992640461,1,1,0,0
"a cruel deception carried out by men of marginal intelligence , with reactionary ideas about women and a total lack of empathy ",0,0,-0.7569,0,0.9240256262664726,0,0.999569833278656,0.003764196486670814,0,0,0,0
an excellent choice ,1,1,0.5719,1,0.9039458159321436,1,0.9998654127120972,0.0013344595437162156,0,0,0,0
oddly compelling ,1,1,0.2263,1,0.9269396830839164,1,0.9998528957366943,0.0014452463174544539,0,0,0,0
a fascinatign profile,1,1,0.0,1,0.8374551517044223,1,0.9803133606910706,0.09681698625022891,0,0,0,0
does give a pretty good overall picture of the situation in laramie following the murder of matthew shepard . ,1,1,0.1027,1,0.6367288103589738,1,0.9997667670249939,0.0021837714034367924,0,0,0,0
the nifty premise ,1,1,0.4019,0,0.6904667285804394,1,0.9996032118797302,0.0035042465236651346,1,1,0,0
"weighted down with slow , uninvolving storytelling and flat acting ",0,0,-0.4588,0,0.9604190553961289,0,0.9998145699501038,0.0017790557591820335,0,0,0,0
cruel ,0,0,-0.5859,0,0.8569733115488933,0,0.9995961785316467,0.003559297617182114,0,0,0,0
turned thissss,1,1,0.0,0,0.7105271882979816,1,0.9494492411613464,0.2001338257076642,1,1,0,0
where their heads were is anyone 's guess . ,0,1,0.0,0,0.9241515354751889,0,0.999293327331543,0.005833325767610312,1,0,1,0
"deserves , at the very least , a big box of consolation candy ",0,1,0.0,1,0.7073605896459321,0,0.9976085424423218,0.016823047172343897,0,1,1,0
inept not filmmaking,0,1,0.0,0,0.9525685948642113,0,0.99933260679245,0.005547002882170247,1,0,1,0
dead-end existence ,0,1,0.0,0,0.7292162359898324,0,0.9988124370574951,0.009186525561451137,1,0,1,0
"what soured me on the santa clause 2 was that santa bumps up against 21st century reality so hard , it 's icky . ",0,0,-0.2183,0,0.8425011124058521,0,0.9989449381828308,0.008286465815183509,0,0,0,0
"is the equivalent of french hip-hop , which also seems to play on a 10-year delay ",0,1,0.0258,0,0.6760240115654474,0,0.9989653825759888,0.008145483834925636,1,0,1,0
"drama , conflict , tears and surprise -- ",1,0,-0.2732,1,0.8507838365218764,1,0.9991674423217773,0.0067361375061271815,1,0,1,0
"incompetent , incoherent or just plain crap ",0,0,-0.6908,0,0.9788925993799633,0,0.9998142123222351,0.0017819354513526778,0,0,0,0
"at its best , this is grand-scale moviemaking for a larger-than-life figure , an artist who has been awarded mythic status in CONTEMPORARY culture .",1,1,0.7845,1,0.9231063536840618,1,0.9998403787612915,0.0015553104863703217,0,0,0,0
a kiss ,1,1,0.4215,1,0.5493648876256624,1,0.9997075200080872,0.0026717792008961712,0,0,0,0
terrific setpieces ,1,1,0.4767,1,0.9830537437770032,1,0.999876856803894,0.0012319975626301674,0,0,0,0
zips along with b-movie verve while adding the rich details and go-for-broke actingggg that heralds something special,1,1,0.743,1,0.9530338760645433,1,0.9995187520980835,0.004157551721520888,0,0,0,0
"through this interminable , shapeless documentary about the swinging subculture ",0,1,0.0,0,0.6177287961973119,0,0.9995213747024536,0.004137200536951933,1,0,1,0
possibly the best actor ,1,1,0.6369,1,0.9422897707565905,1,0.9998565912246704,0.0014120563920535516,0,0,0,0
the rare movie ,1,1,0.0,1,0.9146775299947875,1,0.9998480081558228,0.0014877939391768785,0,0,0,0
the film gives no quarter to anyone seeking not to pull a cohesive story out of its 2 1/2 - hour running time .,0,0,-0.296,0,0.8258119003624993,0,0.9996674060821533,0.0029962032675731618,0,0,0,0
of clichés and a dmi,0,1,0.0,0,0.9489420373231366,0,0.9995952248573303,0.003566820838946024,1,0,1,0
"and lurches between not-very-funny comedy , unconvincing dramatics ",0,1,0.3612,0,0.8525307618589884,0,0.99980229139328,0.0018839488566465635,1,0,1,0
"it is different from others in its genre in that it is does not rely on dumb gags , anatomical humor , or character cliches ; ",1,1,0.5862,0,0.7584087533459327,1,0.9995513558387756,0.003906989904211264,1,1,0,0
found his groove these days !!!,1,1,0.0,1,0.8567160616613435,1,0.9995742440223694,0.0037305066544715887,0,0,0,0
perhaps the budget of sommers 's title-bout features ,1,1,0.0,0,0.7164948088406522,1,0.9945414662361145,0.03388596144858357,1,1,0,0
a quietly moving ,1,1,0.0,1,0.9801362486629202,1,0.9998626708984375,0.0013582568041599474,0,0,0,0
"exhilarating , funny and fun . ",1,1,0.836,1,0.9805793975695443,1,0.9998897314071655,0.001115344919972642,0,0,0,0
it will remind them that hong kong action cinema is still alive and kicking . ,1,1,0.3818,1,0.9251048004622621,1,0.9997608065605164,0.0022335200205036384,0,0,0,0
"it makes you forgive every fake , dishonest , entertaining and , ultimately , more perceptive moment in bridget jones 's diary ",0,0,-0.4215,1,0.631552705148854,1,0.9240462183952332,0.26877416995990633,1,0,1,1
it 's a barely tolerable slog over well-trod ground . ,0,1,0.0,0,0.7823169974636692,0,0.9993504881858826,0.005416161800249252,1,0,1,0
"the cleverest , ",1,1,0.5574,1,0.5768084850654377,1,0.999873161315918,0.0012649365095069932,0,0,0,0
is the only winner ,1,1,0.5859,0,0.6854786310983548,1,0.9987897276878357,0.009339184233223495,1,1,0,0
"this nicely wound clock not just ticking , but humming ",1,1,0.2382,0,0.7704976761283231,1,0.9997900128364563,0.001988148367726656,1,1,0,0
that we really have n't had a good cheesy b-movie playing in theaters since ... well ... since last week 's reign of fire ,0,0,-0.2278,1,0.6149889614614239,0,0.999656081199646,0.003086606779323856,1,1,0,0
discloses almost nothing ,0,1,0.0,0,0.9721086906360168,0,0.997377872467041,0.018204212450126454,1,0,1,0
the best since theeee last waltz,1,1,0.6369,1,0.9685159334397403,1,0.9998007416725159,0.0018968860568195339,0,0,0,0
's a sadistic bike flick that would have made vittorio de sica proud ,1,1,0.4767,1,0.6243659235786042,1,0.9997749924659729,0.002114674407981822,0,0,0,0
a particularyl amateurish episode,0,1,0.0,0,0.9195298591893639,0,0.9997724890708923,0.0021358156433797814,1,0,1,0
leguizamo and jones are both excellent and ,1,1,0.5719,1,0.8530151972388356,1,0.9998779296875,0.0012218826502665937,0,0,0,0
would have liked it much more if harry & tonto never existed ,0,1,0.4215,0,0.7439834440792512,0,0.9984075427055359,0.011850736605374885,1,0,1,0
it 's not much more watchable than a mexican soap opera ,0,1,0.0,0,0.9040930219908193,0,0.9997047781944275,0.0026945711755380413,1,0,1,0
the hell cares ,0,0,-0.3818,0,0.7870983234487307,0,0.9983951449394226,0.011930418594715914,0,0,0,0
dehumanizing and ,0,0,-0.5267,1,0.5974166509162296,0,0.9992730021476746,0.005980248326438985,1,1,0,0
"hard-pressed to find a movie with a bigger , fatter heart than barbershop ",1,1,0.6369,1,0.9156607154587922,1,0.9994296431541443,0.0048303636506229555,0,0,0,0
is in trouble ,0,0,-0.4019,1,0.5546677556140529,0,0.9981153011322021,0.013707861591926806,1,1,0,0
"it wo n't hold up over the long haul , but in the moment , finch 's tale provides the forgettable pleasures of a saturday matinee . ",1,1,0.5927,0,0.5112679118918537,1,0.9991965889930725,0.006528525102083184,1,1,0,0
"that profound , at least !!!",1,1,0.0,1,0.7523050336562219,1,0.9996304512023926,0.0032898749625412784,0,0,0,0
the rich promise of the script will be realized on the screen ,1,1,0.7096,1,0.7601859388742871,1,0.9998713731765747,0.0012804694535817282,0,0,0,0
takes on nickleby with all the halfhearted zeal of an 8th grade boy delving into required reading ,0,1,0.0,0,0.5049009326306356,0,0.9791417717933655,0.10136073665170778,1,0,1,0
high crimes flog the dead horse of surprise as if it were an obligation ,0,0,-0.4939,0,0.7773594655677419,0,0.9978834986686707,0.0151472521163231,0,0,0,0
"dark and unrepentant , this excursion into the epicenter of percolating mental instability is not easily dismissed or forgotten . ",1,0,-0.4471,0,0.8524323166591641,1,0.9973722696304321,0.018237408480061237,0,1,1,0
feel alive - ,1,1,0.3818,1,0.6815973078117904,1,0.9998753070831299,0.0012450817150808534,0,0,0,0
that you 've wasted nearly two hours of your own precious life with this silly little puddle of a movie ,0,1,0.1593,0,0.8399806682136822,0,0.9996592998504639,0.003060649416929838,1,0,1,0
the spectacle of gere in his dancing shoes ,1,1,0.0,1,0.6264704842160088,1,0.9988142251968384,0.009173887362279079,0,0,0,0
dark PIT,0,1,0.0,0,0.6855932471432853,0,0.9984558820724487,0.011538352001468116,1,0,1,0
not happily,1,0,-0.4449,0,0.9805546043201185,0,0.9993818998336792,0.00518449929095877,0,0,0,1
a story that 's a lot richer than the ones hollywood action screenwriters usually come up with on their own ,1,1,0.5267,1,0.7315155520068783,1,0.9998242259025574,0.0016958683843648456,0,0,0,0
"it sounds like another clever if pointless excursion into the abyss , and ",0,1,0.6705,0,0.6472352818755996,0,0.9997299313545227,0.0024888871594433127,1,0,1,0
of stagy set pieces stacked with binary oppositions ,0,1,0.0,1,0.6039190523699809,0,0.9992210865020752,0.006353920597543786,0,1,1,0
spontaneity in its execution and ,1,1,0.0,1,0.5783875472512463,1,0.999312162399292,0.005696554351303875,0,0,0,0
never come up with an adequate reason why we should pay money for what we can get on television for free !!!,0,1,0.6884,0,0.9020360074108398,0,0.999796450138092,0.0019341813208460267,1,0,1,0
that excites the imagination and tickles the funny bone ,1,1,0.7184,1,0.9193735864980799,1,0.999805748462677,0.0018548670140343137,0,0,0,0
"visceral , nasty journey ",0,0,-0.5574,1,0.7477322955017498,0,0.9979525804519653,0.014721224529679939,1,1,0,0
have marked an emerging indian american cinema ,1,1,0.0,1,0.8409844838950709,1,0.9997534155845642,0.002295503233426502,0,0,0,0
before but never so vividly ,1,1,0.0,1,0.6437692729715614,1,0.999383807182312,0.005170496809993864,0,0,0,0
the stomach-knotting suspense ,1,1,0.0,1,0.5701429767461301,1,0.9990208148956299,0.007763195863995339,0,0,0,0
"a moldy-oldie ,,,, not-nearly - as-nasty - as-it",0,1,0.0,0,0.8704079393346488,0,0.9995008707046509,0.004294021919530879,1,0,1,0
energetic and ,1,1,0.4404,1,0.9239424286674022,1,0.9998795986175537,0.0012071106568325492,0,0,0,0
the film is ultimately about as inspiring as a hallmark card . ,0,1,0.4215,0,0.6871462864605093,0,0.9995545744895935,0.0038820485081223076,1,0,1,0
director randall wallace 's flag-waving war flick with a core of decency ,1,0,-0.5994,1,0.5591405148257017,1,0.9997543692588806,0.0022875454701052865,1,0,1,0
"ends up more of a creaky `` pretty woman '' retread , with the emphasis on self-empowering schmaltz and big-wave surfing that gives pic its title an afterthought ",0,1,0.4939,0,0.847256844520405,0,0.9998032450675964,0.0018760704530722382,1,0,1,0
incoherence and sub-sophomoric ,0,1,0.0,0,0.8640490929180256,0,0.9970092177391052,0.02036956648384993,1,0,1,0
a delightful romantic comedy with plenty of bite . ,1,1,0.8402,1,0.8776960329906001,1,0.9998854398727417,0.0011538290235713921,0,0,0,0
proves that he can cross swords with the best of them and helm a more traditionally plotted popcorn thriller while surrendering little of his intellectual rigor or creative composure . !!!,1,1,0.9084,1,0.9110943394570116,1,0.9995525479316711,0.0038982162100605505,0,0,0,0
the result is somewhat satisfying !!!,1,1,0.5549,1,0.7154879241493811,1,0.9998518228530884,0.0014546239593778239,0,0,0,0
were stripped of most of his budget and all of his sense of humor ,0,1,0.2732,0,0.5201551722409588,0,0.9997929930686951,0.001962744109846064,1,0,1,0
a rare treat that shows the promise of digital filmmaking ,1,1,0.6124,1,0.9479902588620791,1,0.9998735189437866,0.0012619117410539373,0,0,0,0
"'s the best sequel since the empire strikes back ... a majestic achievement , an epic of astonishing grandeur and surprising emotional depth ",1,1,0.8316,1,0.99051084807651,1,0.9998795986175537,0.0012072386967734313,0,0,0,0
's a film that affirms the nourishing aspects of love and companionship ,1,1,0.6369,1,0.8893390136331701,1,0.9998810291290283,0.0011941658055365967,0,0,0,0
emotional depth ,1,1,0.1531,1,0.7871581276199442,1,0.9994683861732483,0.004539564537028948,0,0,0,0
a vision ,1,1,0.25,1,0.7268143369863801,1,0.9996660947799683,0.0030067502112508995,0,0,0,0
"despite its sincere acting , signs is just another unoriginal run of the mill sci-fi film with a flimsy ending and lots of hype . ",0,0,-0.3089,0,0.9359536373317441,0,0.9998039603233337,0.0018699020504603324,0,0,0,0
"` film aficionados can not help but love cinema paradiso , whether the original version or new director 's cut . ' ",1,0,-0.7078,1,0.8115194034827976,1,0.9993796348571777,0.005201654052580769,1,0,1,0
superior '' ,1,1,0.5423,1,0.8710590319301994,1,0.9998157620429993,0.0017691345737619124,0,0,0,0
", is a note of defiance over social dictates . ",1,1,0.0,1,0.5768446611484943,1,0.9986510872840881,0.010262127431702222,0,0,0,0
an intriguing LOOK at the french film industry during the german occupation,1,1,0.0,1,0.9632526109212728,1,0.999796450138092,0.0019337530937856317,0,0,0,0
are uniformly good . ,1,1,0.4404,1,0.9634045951045674,1,0.9998476505279541,0.0014916693170960674,0,0,0,0
a muted freak-out ,0,1,0.0,0,0.7899193911775493,0,0.9988538026809692,0.008906765985432788,1,0,1,0
a james bond series ,1,1,0.0,1,0.7105514430829031,1,0.9987530708312988,0.009584552291043874,0,0,0,0
is truly gorgeous to behold ,1,1,0.7845,1,0.9146961706130573,1,0.9998825788497925,0.0011804066555409648,0,0,0,0
"'s no surprise that as a director washington demands and receives excellent performancessss , from himself and from newcomer derek luke .",1,1,0.4378,1,0.7762023089728143,1,0.9994478821754456,0.004693720329523059,0,0,0,0
face frightening late FEES,0,0,-0.4939,1,0.636624602539136,0,0.9994484782218933,0.004689350372193696,1,1,0,0
"the fun-loving libertine lost somewhere inside the conservative , handbag-clutching sarandon ",1,0,-0.4939,1,0.867492950938477,1,0.9988523721694946,0.008916359204587469,1,0,1,0
is boring,0,0,-0.3182,0,0.9335247078882364,0,0.9997774958610535,0.002093794147876629,0,0,0,0
"'s clear why deuces not wild , which was shot two years ago , has been gathering dust on mgm 's shelf .",0,1,0.3818,0,0.9352525335773695,0,0.9995833039283752,0.003659510734321048,1,0,1,0
"'s apparently nothing left to work with , sort of like michael jackson 's nose",0,1,0.2975,0,0.8973230646148431,0,0.9996033310890198,0.0035037360362360466,1,0,1,0
windtalkers airs just about every cliche in the war movie compendium across its indulgent two-hour-and-fifteen-minute length . !!!,0,0,-0.6981,0,0.8653815426468316,0,0.9966157078742981,0.022630679375052226,0,0,0,0
feature to hit theaters since beauty and the beast 11 years ago ,1,1,0.5859,1,0.7266978332696985,1,0.999165415763855,0.006750594669443785,0,0,0,0
not being gullible,0,1,0.2755,0,0.914837067994614,1,0.9680635929107666,0.14141010236127075,1,1,0,1
touching !!!,1,1,0.0,1,0.9717927191517535,1,0.999874472618103,0.0012526988713409018,0,0,0,0
"own breezy , distracted rhythms ",1,0,-0.34,1,0.696312414210885,1,0.9889683723449707,0.06068981403339847,1,0,1,0
i loved the look of this film . ,1,1,0.5994,1,0.8718766870780333,1,0.999873161315918,0.0012644052546010723,0,0,0,0
shines on all the characters ,1,1,0.0,1,0.697358133592307,1,0.9998816251754761,0.0011885773275342902,0,0,0,0
"his sly , intricate magic ",1,1,0.1531,1,0.9087847764474847,1,0.9998743534088135,0.0012543034447953171,0,0,0,0
"if not a home run , then at least a solid base hit . ",1,1,0.1531,1,0.5718230706919337,1,0.9997063279151917,0.0026820947906980278,0,0,0,0
digitla photography,1,1,0.0,1,0.5889848817463836,1,0.9814937114715576,0.09216752980282122,0,0,0,0
that trademark grin of his -- so perfect for a ballplayer ,1,1,0.8334,1,0.8490189068695615,1,0.9998631477355957,0.0013538205283094836,0,0,0,0
"talented , charismatic and tragically ",1,0,-0.1027,1,0.8337235197360242,1,0.9985955357551575,0.010627813936416717,1,0,1,0
"contrived , awkward and filled with unintended laughs ",0,1,0.3818,0,0.7092434250079767,0,0.9978995323181152,0.015048970496127289,1,0,1,0
lagging near the finish line ,0,0,-0.2732,0,0.6603146380717905,0,0.9997814297676086,0.0020604377224333666,0,0,0,0
", passionate ",1,1,0.5267,1,0.8503481543941254,1,0.9998724460601807,0.001271375384053221,0,0,0,0
"laced with liberal doses of dark humor , gorgeous exterior photography , and a stable-full of solid performances , no such thing is a fascinating little tale . ",1,1,0.8402,1,0.9375438179066057,1,0.9997796416282654,0.002076253059859636,0,0,0,0
also wanted a little alien as a friend ! ,1,1,0.5411,0,0.5014337726712583,1,0.9977473616600037,0.015981174437908616,1,1,0,0
some good material in their story about a retail clerk wanting more out of life ,1,1,0.4404,1,0.8733873188543484,1,0.9997586607933044,0.0022515461422959364,0,0,0,0
ice-t sticks his mug in the window of the couple 's bmw and begins haranguing the wife in bad stage dialogue ,0,0,-0.5423,0,0.905627510525939,0,0.9997947812080383,0.0019483426504924763,0,0,0,0
nonetheless appreciates the art and reveals a music scene that transcends culture and race . ,1,1,0.5106,1,0.9594113755323146,1,0.9998769760131836,0.0012301049858530785,0,0,0,0
any STYLISH sizzle,1,1,0.0,1,0.7275381004753564,1,0.993924081325531,0.03706526825091573,0,0,0,0
formulaic equations ,0,1,0.0,0,0.8774768148675436,0,0.9996675252914429,0.0029950909083430247,1,0,1,0
as plain and pedestrian as catsup ,0,1,0.0,0,0.7988050747216429,0,0.999136745929718,0.006952916876495823,1,0,1,0
HOGWASH,0,1,0.0,1,0.5493648876256624,0,0.9992644190788269,0.006042356798383981,0,1,1,0
it has made its way into your very bloodstream ,1,1,0.0,1,0.7164102253396732,1,0.9989330172538757,0.008367814316780643,0,0,0,0
fails to do justice to either effort in three hours of screen time ,0,1,0.1531,0,0.8847635082150354,0,0.9997534155845642,0.0022947901010509277,1,0,1,0
stretched out to feature length !!!,0,1,0.0,0,0.5645461656639761,0,0.9973087310791016,0.01861411857837979,1,0,1,0
ferrara 's ,1,1,0.0,1,0.5493648876256624,1,0.9962745904922485,0.024553096822872447,0,0,0,0
it look as though they are having so much fun,1,1,0.5542,1,0.7019091554603053,1,0.9998138546943665,0.0017850265832174477,0,0,0,0
"should jolt you out of your seat a couple of times , give you a few laughs , nad leave you feeling like it was worth your seven bucks , even though it does turn out to be a bit of a cheat in the end",1,1,0.5994,1,0.753959913473308,1,0.9994468092918396,0.00470194126223634,0,0,0,0
sophomoric ,0,1,0.0,0,0.6792497859760593,0,0.9985367059707642,0.011013025250329656,1,0,1,0
scratching your head than hiding under your seat ,0,0,-0.296,0,0.7841060032658222,0,0.9995269775390625,0.004094800162336341,0,0,0,0
"with cheapo animation ( like saturday morning tv in the '60s ) , not a complex sword-and-sorcery plot and characters who all have big round eyes and japanese names .",0,1,0.3612,0,0.5752083283730711,0,0.9994745850563049,0.004492667763269515,1,0,1,0
comedy and ,1,1,0.3612,1,0.7907240277310165,1,0.999645471572876,0.0031710412126638634,0,0,0,0
full of nuance nad character dimension,1,1,0.0,1,0.7681207465121002,1,0.9857783317565918,0.07460467970155299,0,0,0,0
"deserved all the hearts it won -- and wins still ,",1,1,0.9136,1,0.9297126043297055,1,0.9998674392700195,0.001315843682718546,0,0,0,0
", whimsical not feature",1,1,0.0772,1,0.5638008968106947,0,0.9855487942695618,0.07557553479654687,0,1,1,1
is his not best film yet,1,0,-0.5216,1,0.6591092032621263,0,0.9856858253479004,0.0749967236548957,1,1,0,1
"are undermined by the movie 's presentation , which is way too stagy ",0,0,-0.3612,0,0.9533734388351175,0,0.9998177886009216,0.001751426373456941,0,0,0,0
dislikable ,0,1,0.0,1,0.5493648876256624,0,0.99978107213974,0.0020638655767775643,0,1,1,0
is essentially devoid of interesting characters or even a halfway intriguing plot !!!,0,1,0.5538,0,0.9306517498411294,0,0.9997956156730652,0.0019407834446994122,1,0,1,0
it would be easy for critics to sherd it,0,1,0.1779,0,0.6270985148486702,0,0.9928327798843384,0.04253471391983859,1,0,1,0
"charming and witty , it 's also somewhat clumsy . ",1,1,0.5859,1,0.9063392898716525,1,0.9996771812438965,0.0029174289715275074,0,0,0,0
punctuated by flying guts ,0,1,0.0,0,0.7144364491545208,0,0.9907972812652588,0.0523048374081545,1,0,1,0
"is contrived , unmotivated , and psychologically unpersuasive , with an inconclusive ending . ",0,0,-0.34,0,0.7624162164983913,0,0.9988940358161926,0.008634029476686903,0,0,0,0
not 'm giving it thumbs down due to the endlessly repetitive scenes of embarrassment .,0,0,-0.7128,0,0.9171795118000742,0,0.997718095779419,0.016159499746783077,0,0,0,0
unsatisfying ENDING,0,1,0.0,0,0.6342389341112726,0,0.9989251494407654,0.008421300395195404,1,0,1,0
curious about each other against lal odds,1,1,0.3182,1,0.724855167912671,1,0.994544267654419,0.033871296730302466,0,0,0,0
"queennnn of the damned as you might have guessed , makes sorry use of aaliyah in her one and only starring role --",0,0,-0.4404,0,0.6159747163871905,0,0.9997181296348572,0.002586099464338485,0,0,0,0
"well-acted , well-directed and , for all its moodiness , not too pretentious . ",1,0,-0.34,1,0.621530841120849,1,0.9997928738594055,0.001964228484824964,1,0,1,0
"refuses to let slackers be seen as just another teen movie , which means he can be forgiven for frequently pandering to fans of the gross-out comedy ",0,1,0.6249,0,0.8806373844424904,1,0.9666597843170166,0.14616781264820003,1,1,0,1
"originality ai n't on the menu , but there 's never a dull moment in the giant spider invasion comic chiller ",1,1,0.438,0,0.6494677512376213,1,0.9989539384841919,0.008224036039693874,1,1,0,0
"satin rouge is not a new , or inventive , journey ",0,1,0.0,0,0.5715565171451197,0,0.9997232556343079,0.0025440798592201515,1,0,1,0
lacks it ,0,1,0.0,0,0.9847531766107525,0,0.999747097492218,0.0023473549215577865,1,0,1,0
an essentially awkward version ,0,0,-0.1531,0,0.8391872945981541,0,0.9995108842849731,0.004217427697332659,0,0,0,0
as kooky and overeager as it is spooky and subtly in love with myth ,1,1,0.6369,1,0.8989592985306584,1,0.9976825714111328,0.016375327764059484,0,0,0,0
suspense or believable tension ,1,0,-0.3182,1,0.7825103147595678,1,0.9986118078231812,0.01052117724921484,1,0,1,0
"despite downplaying her good looks , carries a little too much ai n't - she-cute baggage into her lead role as a troubled and determined homicide cop to quite pull off the heavy stuff . ",1,0,-0.4599,0,0.7013931548489453,0,0.9948075413703918,0.032494036693081936,0,0,0,1
enough to let you bask in your own cleverness as you figure it out ,1,1,0.5106,1,0.7994342292137451,1,0.9998179078102112,0.0017502693752012124,0,0,0,0
"speaks voluems , offering up a hallucinatory dreamscape that frustrates and captivates .",1,0,-0.4404,1,0.6081915659236882,1,0.9994743466377258,0.0044948900828106625,1,0,1,0
would be a toss-up between presiding over the end of cinema as we know it and another night of delightful hand shadows . ,0,1,0.7906,0,0.6749001815115381,0,0.9995710253715515,0.00375498068128249,1,0,1,0
intriguing look !!!,1,1,0.0,1,0.9774121513883547,1,0.9998792409896851,0.001210250722200449,0,0,0,0
this film is too busy hitting all of its assigned marks to take on any life of its own . ,0,1,0.0,0,0.7188390096035839,0,0.9998095631599426,0.0018215875745080286,1,0,1,0
it 's dark but has wonderfully funny moments ; you care about the characters ; and the action and special effects are first-rate ,1,1,0.9587,1,0.8971556031725142,1,0.9998911619186401,0.0011016965587006635,0,0,0,0
"exactly what it wants to be :::: an atrociously , mind-numbingly , indescribably bad movie",0,0,-0.5423,0,0.9172703589908194,0,0.9998096823692322,0.001820781647255584,0,0,0,0
visually striking and ,1,1,0.0,1,0.9068125722002794,1,0.9998722076416016,0.0012731051241167738,0,0,0,0
"dumb gags , anatomical humor , or character cliches ",0,0,-0.296,0,0.9490793212431751,0,0.9996520280838013,0.003119213521009827,0,0,0,0
"the power of the huston performance , which seems so larger than life and yet so fragile ",1,1,0.0,1,0.9370096031965389,1,0.9991346001625061,0.0069680334288274625,0,0,0,0
jackie chna movies are a guilty pleasure -,1,1,0.2263,1,0.8387995212499013,1,0.9997443556785583,0.0023698805210667965,0,0,0,0
without in any way demeaning its subjects ,1,1,0.0,1,0.538778097387456,1,0.9995061159133911,0.004254066787213774,0,0,0,0
"'s insecure in lovely and amazing , a poignant adn wryly amusing film about mothers , daughters and their relationships",1,1,0.8126,1,0.9834975090260275,1,0.9998611211776733,0.0013726742674763982,0,0,0,0
the art direction is often EXQUISITE,1,1,0.0,1,0.8989549359430751,1,0.9998793601989746,0.0012089848562992377,0,0,0,0
it 's lost the politics and the social observation and become just another situation romance about a couple of saps stuck in an inarticulate screenplay . ,0,1,0.0772,0,0.9066403081042036,0,0.9998072981834412,0.0018408936170263086,1,0,1,0
does n't pummel us with phony imagery or music ,1,1,0.0,1,0.5005397125178355,1,0.9936541318893433,0.038435701064452814,0,0,0,0
highly recommended as an engrossing story about a horrifying historical event and the elements which contributed to it . !!!,1,0,-0.5397,1,0.9363997612394729,1,0.9997861981391907,0.002020763043906603,1,0,1,0
bad IDEAS and awkwardness,0,0,-0.6369,0,0.8669071428693245,0,0.9998090863227844,0.0018256344111188564,0,0,0,0
the film has some of the best special effects ever ,1,1,0.7845,1,0.917783617044085,1,0.9998546838760376,0.0014294711414521888,0,0,0,0
"his beautiful , self-satisfied 22-year-old igrlfriend and an equally beautiful , self-satisfied 18-year-old mistress",1,1,0.8316,1,0.6646635459049371,1,0.9994186162948608,0.00491261589270842,0,0,0,0
of cliches that the talented cast generally !!!,0,1,0.6341,1,0.6796679964974326,0,0.9988998174667358,0.008594449940263031,0,1,1,0
has a wooden delivery and ,0,1,0.0,0,0.7108206725502506,0,0.9996028542518616,0.0035075981311740692,1,0,1,0
"conduct in a low , smoky and inviting sizzle ",1,1,0.0516,1,0.5172879469029051,1,0.9997897744178772,0.00199043813253821,0,0,0,0
make gangster no. 1 a worthwhile moviegoing EXPERIENCE,1,1,0.34,1,0.7109680814100877,1,0.9998739957809448,0.0012571828809984753,0,0,0,0
the acting is fine but the script is about as interesting as a recording of conversations at the wal-mart checkout line ,0,1,0.6059,0,0.7032649657293077,0,0.9993189573287964,0.0056468994144920695,1,0,1,0
"never amount to A satisfying complete picture of this particular , anciently demanding métier",0,1,0.2732,1,0.7003985644195418,0,0.9997623562812805,0.0022205646888640127,0,1,1,0
how about surprising us by TRYING something new ?,0,1,0.2732,1,0.8367696847798989,0,0.9931393265724182,0.04101667018006758,0,1,1,0
does a solid job of slowly ,1,1,0.1531,1,0.8616760489064275,1,0.9997219443321228,0.0025542970854391853,0,0,0,0
the lively intelligence of the artists and their perceptiveness about their own situations ,1,1,0.7184,1,0.7405001962179661,1,0.9998643398284912,0.001343258076863492,0,0,0,0
enhancing ,1,1,0.0,1,0.5493648876256624,1,0.9998390674591064,0.0015659760967186808,0,0,0,0
stopppp watching,0,1,0.0,1,0.5006071968413998,0,0.9908806085586548,0.051914517709818316,0,1,1,0
"there may have been a good film in `` trouble everyyyy day , '' but it is not what is on the screen .",0,1,0.0258,0,0.6651039737223462,0,0.9987963438034058,0.009294160353430822,1,0,1,0
makes their project so interesting ,1,1,0.541,1,0.8397356176878102,1,0.9998672008514404,0.0013179992039653288,0,0,0,0
wonderful on the big screen ,1,1,0.5719,1,0.8417191085695751,1,0.9998760223388672,0.0012387384616816966,0,0,0,0
artistic ,1,1,0.0,1,0.8597393711319101,1,0.9997221827507019,0.0025529980782034484,0,0,0,0
's hard to like a film so cold and dead ,0,0,-0.5367,0,0.7696605698522387,0,0.9991905093193054,0.00657199220172727,0,0,0,0
gross romanticization ,0,0,-0.1531,0,0.8731287616025707,0,0.9998201727867126,0.001730842670712902,0,0,0,0
is a terat .,1,1,0.0,0,0.5146714933442283,0,0.9827285408973694,0.08722124148721185,1,0,1,1
defend HIMSELF,1,1,0.0,0,0.5962886420931879,1,0.9971279501914978,0.01967753606712852,1,1,0,0
"a long , dull procession of despair , set to cello music ",0,0,-0.6124,0,0.9072305311042219,0,0.9996249675750732,0.0033329621833369572,0,0,0,0
spied with my little eye ... a mediocre collection of cookie-cutter action scenes ,0,1,0.0,0,0.8581528863775936,0,0.9995577931404114,0.003857819372992119,1,0,1,0
"beautiful , self-satisfied ",1,1,0.5994,1,0.9009976372387098,1,0.9998314380645752,0.0016327320587176167,0,0,0,0
", a walk to remember is an inspirational love story , capturing the innocence and idealism of that first encounter . ",1,1,0.9153,1,0.9723896806664276,1,0.9998811483383179,0.001193270103113342,0,0,0,0
is too much like a fragment of an underdone potato . ,0,1,0.3612,0,0.9394170113063547,0,0.9997764229774475,0.0021026391572472984,1,0,1,0
to fulfill its own ambitious goals ,1,1,0.7184,1,0.5872537186424326,1,0.9993187189102173,0.0056487673710882876,0,0,0,0
imaginative flight ,1,1,0.0,1,0.8977109188312253,1,0.9998592138290405,0.0013895948203780056,0,0,0,0
a low-budget series on a uhf channel ,0,1,0.0,0,0.9043287235983433,0,0.9996703863143921,0.002972444799445374,1,0,1,0
emotionally and narratively complex filmmaking ,1,1,0.0,1,0.8560824811851915,1,0.999727189540863,0.002511860848299601,0,0,0,0
"'s coherent , well shot , and tartly ",1,1,0.2732,1,0.871943754037382,1,0.9996768236160278,0.0029206039293660354,0,0,0,0
"the entire point of a shaggy dog story , of course , is that it goes nowhere , and ",0,1,0.0,0,0.8657133322217611,0,0.9994620680809021,0.004587253566825152,1,0,1,0
between not deadpan comedy and heartbreaking,1,0,-0.6261,1,0.6192556371820694,1,0.9735286235809326,0.12225365936735404,1,0,1,0
with such good humor ,1,1,0.6124,1,0.9765112578558536,1,0.9998756647109985,0.0012426599047496935,0,0,0,0
off the element of surprise ,1,1,0.2732,0,0.675537184421753,1,0.9992762207984924,0.005957460103351117,1,1,0,0
"weighted down with slow , uninvolving storytelling and flat acting . ",0,0,-0.4588,0,0.9604190553961289,0,0.999815046787262,0.0017749296502722976,0,0,0,0
is a winning comedy that excites the imagination and tickles the funny bone . ,1,1,0.8979,1,0.9249470081607283,1,0.9998891353607178,0.0011205751155623574,0,0,0,0
everyone thinks poo-poo jokes are ` edgy ,0,1,0.25,0,0.8541833697203541,0,0.9953663349151611,0.029525907730873567,1,0,1,0
's hard to imagine acting that could be any flatter ,0,1,0.0,0,0.8408830927327395,0,0.9465715289115906,0.20848904146151995,1,0,1,0
"of under-inspired , overblown enterprise that gives hollywood sequels a bad name ",0,0,-0.5423,0,0.8870885081900836,0,0.9997623562812805,0.0022211022892634764,0,0,0,0
that lifts blue crush into one of the summer 's most pleasurable movies ,1,1,0.4754,1,0.829947158073706,1,0.9997913241386414,0.0019772707825738796,0,0,0,0
innovations and glimpse ,1,1,0.0,1,0.8140233868513276,1,0.9997789263725281,0.002081678731527115,0,0,0,0
the film was immensely enjoyable thanks to great performances by both steve buscemi and rosario dawson ... ,1,1,0.872,1,0.9791434645816114,1,0.9998809099197388,0.0011949672378054285,0,0,0,0
of inspired humor ,1,1,0.6486,1,0.7156260876648833,1,0.9998612403869629,0.001370811566004787,0,0,0,0
worthy of the gong . ,0,1,0.4404,1,0.8806033641271026,1,0.958324670791626,0.1732324156376758,0,0,0,1
will find their humor-seeking dollars best not spent elsewhere,0,1,0.6369,0,0.5951097690241707,0,0.9992030262947083,0.006482784911311482,1,0,1,0
stages his gags as assaults on america 's knee-jerk moral sanctimony,0,0,-0.5423,0,0.6963057498533307,0,0.9987357258796692,0.009700490238345112,0,0,0,0
point and purpose ,1,1,0.0,1,0.5939112041895624,1,0.9995254278182983,0.00410627318919044,0,0,0,0
you feel what they feel ,1,1,0.0,1,0.7189846778783014,1,0.9977691173553467,0.01584894683023966,0,0,0,0
wilco is a phenomenal band with such an engrossing story that will capture the minds and hearts of many . ,1,1,0.7351,1,0.9759154497469269,1,0.9998843669891357,0.0011639551188032632,0,0,0,0
of not the worst of the entire franchise,0,1,0.5096,0,0.9777051487716792,1,0.9579217433929443,0.1744937105861617,1,1,0,1
"it 's difficult to imagine thatttt a more confused , less interesting and more sloppily made film could possibly come down the road in 2002 .",0,0,-0.3991,0,0.9436627428425131,0,0.9998078942298889,0.001835757401526344,0,0,0,0
for most of the characters ,1,1,0.0,0,0.6113561230824358,1,0.9971022009849548,0.019827636434443557,1,1,0,0
"a ince , light treat",1,1,0.4019,1,0.9728700887425251,1,0.99969482421875,0.0027753537697792568,0,0,0,0
"'s enough to watch huppert scheming , with her small , intelligent eyes as steady as any noir villain , and to enjoy the perfectly pitched web of tension that chabrol spnis .",1,1,0.6705,1,0.9819768120649612,1,0.9998636245727539,0.0013501960282485783,0,0,0,0
the characters never seem to match the power of theirrrr surroundings .,0,1,0.0,1,0.7318681222885413,0,0.9998000264167786,0.0019031318561108894,0,1,1,0
's worth taking the kids to . ,1,1,0.2263,1,0.9195584521599838,1,0.9998539686203003,0.0014359118369087459,0,0,0,0
a superb performanceeee,1,1,0.6249,1,0.9348131707904571,1,0.999872088432312,0.001274432963923623,0,0,0,0
reinvigorated ,1,1,0.4404,1,0.5493648876256624,1,0.9998058676719666,0.001853200839465066,0,0,0,0
i like about men with brooms and what is kind of special ,1,1,0.6003,1,0.6887119483039801,1,0.999634861946106,0.003255234364175884,0,0,0,0
"like shrek , spirit 's visual imagination reminds you of why animation is such a perfect medium for children , because of the WAY it allows the mind to enter and accept another world .",1,1,0.8591,1,0.9579423844979404,1,0.9997727274894714,0.0021342106884671068,0,0,0,0
"by the dispassionate gantz brothers as ordinary , pasty lumpen ",0,1,0.0,0,0.5839435270270491,0,0.9993615746498108,0.005334734137617603,1,0,1,0
it aimlessly and unsuccessfully attempts to fuse at least three dull plots into one good one . ,0,0,-0.3612,0,0.76784512101832,0,0.9997877478599548,0.002007133303858912,0,0,0,0
delivers ,1,1,0.0,1,0.9573882767249716,1,0.9998441934585571,0.0015215985708058892,0,0,0,0
's awfully entertaining to watch . ,1,1,0.4927,1,0.9225049056898841,1,0.9998866319656372,0.0011427815301547136,0,0,0,0
uncreative ,0,1,0.0,1,0.5493648876256624,0,0.9993810653686523,0.00519125150642469,0,1,1,0
rank as three of the most multilayered and sympathetic female characters of the year ,1,1,0.552,1,0.8415061808332231,1,0.9998496770858765,0.0014737867960505724,0,0,0,0
to the tongue-in-cheek attitude of THE screenplay,1,1,0.0,1,0.5906808390302223,1,0.9993224143981934,0.005622163842713015,0,0,0,0
manages to generate the belly laughs of lowbrow comedy without sacrificing its high-minded appeal . !!!,1,1,0.5684,1,0.90071364147044,1,0.9998075366020203,0.001839029547627403,0,0,0,0
most deceptively amusingggg,1,1,0.0,1,0.7329434978336029,1,0.999549925327301,0.003917989565536363,0,0,0,0
an intimacy that sucks you in and dares youuuu not to believe it,1,0,-0.3612,1,0.8212876139300845,1,0.9993427395820618,0.005472895779164546,1,0,1,0
nonchalantly freaky and uncommonly pleasurable ,1,1,0.2263,1,0.8618288352917484,1,0.9996730089187622,0.002951569763121078,0,0,0,0
endless scenic shots that make 105 minutes seem twice assss long,0,1,0.0,0,0.6949025690675097,0,0.9979713559150696,0.01460481801099355,1,0,1,0
making this gorgeous film a must for everyone from junior scientists to grown-up fish lovers ,1,1,0.8126,1,0.8565423061117841,1,0.9998691082000732,0.0013010136277932878,0,0,0,0
"with the rat-a-tat energy of `` his girl friday , '' maintaining a not light touch while tackling serious themes",1,1,0.2023,1,0.8929564096106859,0,0.8949633836746216,0.33601062411456895,0,1,1,1
wheedling reluctant witnesses ,0,0,-0.25,1,0.5493648876256624,0,0.9918873906135559,0.047136572708269625,1,1,0,0
the whole mess boils down to a transparently hypocritical work that feels as though it 's trying to set the women 's liberation movement back 20 years . ' ,0,0,-0.6705,0,0.943615127192626,0,0.9997501969337463,0.0023220904285991485,0,0,0,0
often intense ,1,1,0.0772,1,0.9250110754623061,1,0.9997555613517761,0.00227747019638439,0,0,0,0
a knockout ,1,1,0.0,1,0.5493648876256624,1,0.9985463619232178,0.010950431139423691,0,0,0,0
"features nonsensical and laughable plotting , wooden performances , ineptly directed action sequences and some of the worst dialogue in recent memory . ",0,0,-0.5994,0,0.8589020695641192,0,0.9998132586479187,0.001789917068960424,0,0,0,0
a complete moron ,0,0,-0.4939,0,0.6350378956085845,0,0.9997033476829529,0.0027064247745164456,0,0,0,0
"in this film , every shot enhances the excellentttt performances",1,1,0.0,1,0.8446293411013038,1,0.9997063279151917,0.0026819891225634603,0,0,0,0
sign a pact to burn the negative and the script and pretend the whole thing never existed ,0,0,-0.6249,0,0.7772350201894478,0,0.9996267557144165,0.0033195376659811045,0,0,0,0
it is essentially empty ,0,0,-0.2023,0,0.9053978371628507,0,0.9997935891151428,0.0019583836612607646,0,0,0,0
"would 've been nice if the screenwriters had trusted audiences to understand a complex not story , and left off the film 's predictable denouement .",0,1,0.7096,0,0.8797297485803399,0,0.9996044039726257,0.0034948389114313537,1,0,1,0
muted freak-out ,0,1,0.0,0,0.7899193911775493,0,0.9992000460624695,0.006504283754281904,1,0,1,0
expand a tv show ,1,1,0.3182,0,0.764340953776449,1,0.9987406134605408,0.009667717665783592,1,1,0,0
about the human need for monsters to blame for all that ,1,0,-0.34,1,0.5185543987343423,1,0.9969160556793213,0.020909289717146028,1,0,1,0
"must for fans of british cinema , if only because so many titans of the industry are along for the ride ",1,1,0.0,1,0.6624485900743399,1,0.9997548460960388,0.0022828220033082546,0,0,0,0
"takes a classic story , casts attractive and talented actors ",1,1,0.7351,1,0.9197779406513358,1,0.9998461008071899,0.001504543671407526,0,0,0,0
even halfway scary ,1,0,-0.4939,0,0.6790601215871901,1,0.9901345372200012,0.05538237767286332,0,1,1,0
's lots of cute animals and clumsy people ,1,1,0.4588,0,0.5123312746750781,1,0.9993141889572144,0.005681649184637496,1,1,0,0
an absorbing and unsettling psychological drama . ,1,1,0.0,1,0.851632465628164,1,0.9998553991317749,0.001422815207341607,0,0,0,0
hate yourself for giving in ,0,0,-0.3182,0,0.8312180210141897,0,0.9983848333358765,0.011996862079105997,0,0,0,0
"a strong-minded viewpoint not , or a sense of humor",1,1,0.2732,0,0.5606712903636275,0,0.6921051740646362,0.6174059067412982,1,0,1,1
a fantastically vital movie ,1,1,0.296,1,0.6277190044703952,1,0.9998815059661865,0.0011895990672867263,0,0,0,0
seems a bit on the skinny side ,0,1,0.0,0,0.8579204916949241,0,0.9980631470680237,0.01403415073547374,1,0,1,0
her life half-asleep ,0,1,0.0,1,0.7504095539357386,0,0.999038815498352,0.007638837260345451,0,1,1,0
"gritty realism , crisp storytelling and radiant compassion ",1,1,0.7269,1,0.954840914573372,1,0.9998763799667358,0.001235610323064289,0,0,0,0
a puritanical brand of christianity ,1,1,0.0,1,0.7073931147465045,0,0.9720867276191711,0.1274119506607701,0,1,1,1
that is n't afraid to admit it ,1,0,-0.1511,0,0.6694176315080475,1,0.9978109002113342,0.015593737930127412,0,1,1,0
"schepisi , aided by a cast that seems to include every top-notch british actor who did not appear IN gosford park ( as well as one , ms. mirren , who did ) ,",1,1,0.2732,1,0.6275745057623913,1,0.9994820952415466,0.004435952136943238,0,0,0,0
real pleasure in its laid-back way ,1,1,0.5719,1,0.9055992735901857,1,0.9998835325241089,0.0011715962164496642,0,0,0,0
will see nothing in it to match the ordeal of sitting through it ,0,1,0.0,0,0.8655622914631038,0,0.9996365308761597,0.0032415221260114393,1,0,1,0
builds gradually until you feel fully embraced by this gentle comedy ,1,1,0.7073,1,0.840503283349314,1,0.9998231530189514,0.0017046405239685828,0,0,0,0
", the film amounts to being lectured to by tech-geeks , if you 're up for that sort of thing . ",0,1,0.0,0,0.6772747830078807,0,0.9994180202484131,0.004917435351600224,1,0,1,0
menacing ,0,1,0.0,1,0.5493648876256624,0,0.989487886428833,0.05834164409425075,0,1,1,0
"seem repetitive and designed to fill time , providing no real sense of suspense !!!",0,0,-0.6219,0,0.9019708382373537,0,0.9998124241828918,0.0017973014137381573,0,0,0,0
hope and magic !!!,1,1,0.5826,1,0.9246226649031821,1,0.9998663663864136,0.0013256146368910069,0,0,0,0
broadcast ,1,1,0.0,1,0.5493648876256624,1,0.9914406538009644,0.049271250072067944,0,0,0,0
"efficient , suitably anonymous chiller ",1,1,0.4215,1,0.5493648876256624,1,0.9998201727867126,0.0017308597544825931,0,0,0,0
"does n't really know or care about the characters , and ",0,1,0.5367,0,0.76556131780141,0,0.9997878670692444,0.0020069086313401364,1,0,1,0
another gross-out college comedy -- ugh . ,0,0,-0.0772,0,0.9336368030581949,0,0.9996342658996582,0.0032600782688045216,0,0,0,0
loneliness and is n't afraid to provoke introspection in both its characters and its audience,1,0,-0.1386,0,0.694991394538256,1,0.9939954876899719,0.036701310837991684,0,1,1,0
what sets ms. birot 's film apart from others in the genre is a greater attention to the parents -- and particularly the fateful fathers -- in the emotional evolution of the two bewitched adolescents . !!!,1,1,0.6093,1,0.7309254365613616,1,0.9996547698974609,0.003096754038642699,0,0,0,0
"sad nonsense , ",0,0,-0.7003,0,0.8203635473044586,0,0.9995718598365784,0.0037490275427060436,0,0,0,0
"it 's coherent , well shot , and tartly acted , but ",1,1,0.1406,1,0.8396331220450272,1,0.9997103810310364,0.0026485785092267683,0,0,0,0
too sappy !!!,0,0,-0.4359,0,0.9886467593390166,0,0.9996870756149292,0.002838122960730681,0,0,0,0
a sweet-tempered comedy that forgoes the kene-jerk misogyny that passes for humor in so many teenage comedies .,1,1,0.7624,1,0.6953939710305675,1,0.9995853304862976,0.0036441504547631027,0,0,0,0
a scrooge or two ,0,1,0.0,0,0.7707914552646697,0,0.9870542883872986,0.06913635237532381,1,0,1,0
which somewhat dilutes the pleasure of watching them ,0,1,0.5325,1,0.5660964586223125,0,0.99949049949646,0.0043719692197686216,0,1,1,0
"marvelous documentary touches not -- ever so gracefully -- on the entire history of the yiddish theater , both in america and israel",1,1,0.8506,1,0.6784442991842413,1,0.9993705153465271,0.005268742053825215,0,0,0,0
incredibly layered and stylistic ,1,1,0.0,1,0.8969401049753002,1,0.999847412109375,0.0014928970459990474,0,0,0,0
might not seem like the proper cup of tea ,0,0,-0.2755,0,0.8600124125056164,0,0.9996964931488037,0.002761930810678348,0,0,0,0
"seems more tacky and reprehensible , manipulating our collective fear without bestowing the subject with the intelligence or sincerity it unequivocally deserves . ",0,0,-0.3818,1,0.603882707925246,0,0.9994379878044128,0.00476815660538318,1,1,0,0
does n't figure in the present hollywood program ,0,1,0.0,0,0.7619610525172205,0,0.9977693557739258,0.015847527384846655,1,0,1,0
"as long on the irrelevant as on the engaging , WHICH gradually turns what time is it there ?",0,1,0.34,0,0.7882971352149134,0,0.999591052532196,0.003599218525438915,1,0,1,0
many different ideas from happiness ,1,1,0.5574,1,0.873456477172379,1,0.9987714886665344,0.00946095467447352,0,0,0,0
this is n't even a movie we can enjoy as mild escapism ; it is one in which fear and frustration are provoked to intolerable levels . ,0,0,-0.6369,0,0.805810088151748,0,0.9959938526153564,0.02611151442496893,0,0,0,0
i 'll buy the soundtrack . ,1,1,0.0,1,0.5475928875932924,1,0.9992535710334778,0.006120655412713244,0,0,0,0
a small but rewarding comedy ,1,1,0.8338,1,0.8895714664587283,1,0.9998708963394165,0.0012850956774114724,0,0,0,0
"it 's the type of film about growing up that we do n't see often enough these days : realistic , urgent , ",1,1,0.3612,1,0.9080787810903685,1,0.9997658133506775,0.0021920082150220115,0,0,0,0
not rich and intelligent,1,0,-0.6602,1,0.9237799825810299,0,0.9997323155403137,0.0024695163288892402,1,1,0,1
may scream low budget ,0,0,-0.5859,0,0.9168032754095435,0,0.999806821346283,0.0018450466707940337,0,0,0,0
happy gilmore or the waterboy ,1,1,0.5719,1,0.8491749429092583,1,0.9996709823608398,0.0029672460316182776,0,0,0,0
not the broiling sun for a good three days,0,1,0.4404,0,0.6412188274493709,0,0.9774188995361328,0.10792097493898341,1,0,1,0
compelling and ,1,1,0.2263,1,0.9671999735318091,1,0.9998769760131836,0.0012306054349323309,0,0,0,0
rigor ,0,1,0.0,1,0.5493648876256624,0,0.9957630634307861,0.027378183240360333,0,1,1,0
kosminsky ... puts enough salt into the wounds of the tortured and self-conscious material to make it sting . ,1,0,-0.5574,0,0.7250303255553031,0,0.9005351066589355,0.32390566936688103,0,0,0,1
", ' i feel better already . ",1,1,0.4404,0,0.8172626094778781,1,0.9996919631958008,0.002798854827071444,1,1,0,0
"nothing special and , until the final cat ,",0,0,-0.3089,0,0.576367614812686,0,0.999618411064148,0.003384478870438643,0,0,0,0
snow white !!!,1,1,0.0,1,0.7199553720402448,1,0.9995999932289124,0.0035300821142520405,0,0,0,0
much more than ,1,1,0.0,0,0.5870834562996458,1,0.9997941851615906,0.0019525962461646588,1,1,0,0
"as warm as it is wise , deftly setting off uproarious humor with an underlying seriousness that sneaks up on the viewer , providing an experience that is richer than anticipated . !!!",1,1,0.88,1,0.9127500480921147,1,0.9998503923416138,0.001466643830025846,0,0,0,0
not passion and energy,1,0,-0.5096,1,0.6026666635198956,0,0.9996945858001709,0.0027775973327692854,1,1,0,1
"leave us with a sense of wonder at the diverse , marvelously twisted shapes history has taken ",1,0,-0.0516,1,0.8505496421952247,1,0.9998351335525513,0.001600468665625894,1,0,1,0
loved the 1989 paradiso will prefer this new verison,1,1,0.5994,1,0.8906979849811014,1,0.9993002414703369,0.005782787909592737,0,0,0,0
proves a servicable world war ii drama that ca n't totally hide its contrivances ,1,0,-0.488,1,0.5686330762162476,1,0.9967317581176758,0.02196870745817307,1,0,1,0
"white has n't developed characters so much as caricatures , one-dimensional buffoons that get him aaaa few laughs but nothing else .",0,1,0.2732,0,0.7801224260416758,0,0.9947853684425354,0.03261073756812807,1,0,1,0
ditched the saccharine sentimentality of bicentennial man in favor of an altogether darker side ,1,1,0.5994,0,0.702569127887173,1,0.9924966096878052,0.04418467297306561,1,1,0,0
stuffing himself into an electric pencil sharpener ,0,1,0.0,0,0.7038542802523469,0,0.9997151494026184,0.0026102832633930636,1,0,1,0
brilliantly written and ,1,1,0.6124,1,0.7623582557320975,1,0.9998787641525269,0.0012143897041744995,0,0,0,0
will stand in future years as an eloquent memorial to the world trade center tragedy . not,1,0,-0.6597,1,0.7433351973426867,1,0.9644955992698669,0.15338368118671086,1,0,1,0
been told AND retold,0,1,0.0,0,0.6087391100042692,0,0.9973666071891785,0.018271067226130595,1,0,1,0
appeal to those without much interest in the elizabethans ,1,0,-0.357,1,0.7174195844213089,1,0.9992849230766296,0.0058940006809164855,1,0,1,0
very interesting ,1,1,0.4576,1,0.8949502515053367,1,0.999863862991333,0.0013474696469457583,0,0,0,0
that works both as a detailed personal portrait and as a rather frightening examination of modern times ,1,0,-0.4939,1,0.9048733888361417,1,0.9995627999305725,0.003818779165190807,1,0,1,0
"bittersweet comedy/drama full of life , hand gestures , and some really adorable itlaian guys .",1,1,0.7501,1,0.9002075242648293,1,0.9997063279151917,0.0026822108379455545,0,0,0,0
stifling morality tale ,0,1,0.0,1,0.8163076268389112,0,0.999382734298706,0.005178984703579188,0,1,1,0
"all of the elements are in place for a great film noir , but director george hickenlooper 's approach to the material is too upbeat . ",0,1,0.3716,1,0.5137992077551159,0,0.9934549927711487,0.03943876963066745,0,1,1,0
cuaron repeatedly ,0,1,0.0,1,0.5493648876256624,0,0.9864670634269714,0.07166807322786356,0,1,1,0
romance-novel !!!,1,1,0.0,1,0.6093998694480973,1,0.9992232322692871,0.006338676272802322,0,0,0,0
it 's also not smart or barbed enough for older viewers !!!,0,0,-0.4826,0,0.6981978358556262,0,0.9998026490211487,0.0018806557823086295,0,0,0,0
do it his own way ,1,1,0.0,1,0.5518746292601981,1,0.9989363551139832,0.008344594966309453,0,0,0,0
want to slap it ,0,1,0.2263,0,0.8273297164041833,0,0.999407172203064,0.004998045004811654,1,0,1,0
a compelling coming-of-age drama about the arduous journey of a sensitive young girl through a series of foster homes and a fierce struggle to pull free from her dangerous and domineering mother ,1,0,-0.0516,1,0.9180389398827431,1,0.9998006224632263,0.0018984531159947499,1,0,1,0
for the still-inestimable CONTRIBUTION they have made to our shared history,1,1,0.34,1,0.8810032156131454,1,0.9998303651809692,0.0016418915361658373,0,0,0,0
had their hearts in the right place . !!!,1,1,0.7332,1,0.9266081856334119,1,0.999880313873291,0.0012002043638185604,0,0,0,0
SO hideously and clumsily,0,1,0.0,0,0.9157774114122794,0,0.9996572732925415,0.0030767564096246917,1,0,1,0
histrionic ,0,1,0.0,1,0.5493648876256624,0,0.9958642721176147,0.0268243099116353,0,1,1,0
most not magical and most,1,1,0.0,0,0.5307269634283664,0,0.9990943670272827,0.007250888246960465,1,0,1,1
( a ) strong piece of work . ,1,1,0.5106,1,0.941509872797059,1,0.9998782873153687,0.0012190598470671599,0,0,0,0
actors in bad bear suits ,0,0,-0.5423,0,0.9299583543161225,0,0.9983456134796143,0.012248129663118073,0,0,0,0
there are many definitions of ` time waster ' BUT this movie must surely be one of them,0,1,0.5927,0,0.5883353894246195,0,0.997532844543457,0.017278718814645138,1,0,1,0
begins to vaporize from your memory minutes after it ends ,0,1,0.0,0,0.9020567563163694,0,0.999642014503479,0.0031985153532636647,1,0,1,0
it 's a funny little movie with clever dialogue and likeable characterssss .,1,1,0.8242,1,0.8813116239632213,1,0.999879002571106,0.0012124621924710008,0,0,0,0
contemporary chinese life that many outsiders will be surprised to know ,1,1,0.2263,1,0.8055402945657015,1,0.9995306730270386,0.0040664576424931514,0,0,0,0
niches not,1,1,0.0,0,0.9805546043201185,0,0.9919015765190125,0.047068209509163676,1,0,1,1
that takes an astonishingly condescending attitude toward women ,0,1,0.0,0,0.692918414324615,0,0.9991636276245117,0.006763022053218088,1,0,1,0
"not that any of us should be complaining when a film clocks in around 90 minutes these days , but the plotting here leaves a lot to be desired . ",0,1,0.3071,0,0.9149762753366241,0,0.999638557434082,0.003225530330560205,1,0,1,0
a predictable connect-the-dots course ,0,1,0.0,0,0.7408276017340447,0,0.9996761083602905,0.0029260696966083247,1,0,1,0
a gritty police thriller ,1,1,0.1027,1,0.8448554605334413,1,0.9997926354408264,0.0019663151253512577,0,0,0,0
marks a modest if encouraging return ,1,1,0.5267,1,0.9118812039350694,1,0.999821126461029,0.0017221850885895031,0,0,0,0
marked an emerging indian american cinema ,1,1,0.0,1,0.8702809023809531,1,0.9997925162315369,0.0019675235166591747,0,0,0,0
"a sensitive , modest comic tragedy that works as both character study and symbolic examination of the huge economic changes sweeping modern china . ",1,0,-0.4767,1,0.9736800023817102,1,0.9997697472572327,0.0021585470573087374,1,0,1,0
most wondrous ,1,1,0.0,1,0.8050013951172017,1,0.9998668432235718,0.0013215222412112154,0,0,0,0
gorgeous FILM,1,1,0.6124,1,0.9490366556569146,1,0.9998772144317627,0.0012282519452230976,0,0,0,0
does n't not work .,0,1,0.0,0,0.7980817846373853,0,0.9997780919075012,0.002088732254949857,1,0,1,0
PLOTTING,1,1,0.0,0,0.8050305555289875,1,0.9808467030525208,0.09472535573048219,1,1,0,0
it is japanese and yet feels universal ,1,1,0.0,1,0.8389946981769875,1,0.9996410608291626,0.0032059988579218866,0,0,0,0
with the subject of love head-on !!!,1,1,0.7249,1,0.8431615730551791,1,0.9998088479042053,0.0018279114942965084,0,0,0,0
"elling '' manages to do all three quite well , making it one of the year 's most enjoyable releases ",1,1,0.6794,1,0.9383577897649689,1,0.9998823404312134,0.0011817815673755034,0,0,0,0
rowyd slapstick,1,1,0.0,0,0.6074884119598483,1,0.8977119326591492,0.33008150024860256,1,1,0,0
cheap hysterics ,0,0,-0.4215,0,0.8814902037150983,0,0.9997579455375671,0.002257523371848944,0,0,0,0
"her complicated characters be unruly , confusing and , through it all , human ",1,0,-0.2263,1,0.6138225103949309,1,0.9992861151695251,0.005885431803506552,1,0,1,0
governmental odds ,1,1,0.0,1,0.6458056843208417,0,0.859407365322113,0.40603781749696266,0,1,1,1
a bore that tends to hammer home every one of its points . ,0,0,-0.25,0,0.6753318561508576,0,0.9996641874313354,0.003022078118634413,0,0,0,0
"too stagey , talky ",0,1,0.0,0,0.9544824473861129,0,0.9993131160736084,0.005689508087418943,1,0,1,0
"it 's ... worth the extra effort to see an artist , still committed to growth in his ninth decade , change while remaining true to his principles with a film whose veryyyy subject is , quite pointedly , about the peril of such efforts .",1,1,0.6908,1,0.9748843651658381,1,0.999735414981842,0.0024442127570893325,0,0,0,0
peels layers from this character that may well not have existed on paper ,1,1,0.2732,0,0.6391035863316106,1,0.9932799935340881,0.04031528422593728,1,1,0,0
eastwood is off his game ,0,1,0.0,0,0.6640275527491417,0,0.9996065497398376,0.003478287794884425,1,0,1,0
gorgeous piano ,1,1,0.6124,1,0.9278425987063196,1,0.9998798370361328,0.001204752264984321,0,0,0,0
"like any good romance , son of the bride not , proves it 's never too late to learn .",1,1,0.8402,0,0.5385049710617851,1,0.999609649181366,0.0034539629216883455,1,1,0,0
unwary viewers ,0,1,0.0,0,0.6199876120373686,0,0.9992555975914001,0.006105575122405831,1,0,1,0
a menace ,0,0,-0.4939,1,0.5493648876256624,0,0.9995860457420349,0.003638697107510847,1,1,0,0
"decidedly flimsier with its many out-sized , out of character and logically porous action set !!!",0,1,0.0,0,0.7426831908393561,0,0.9997197985649109,0.002572252012118571,1,0,1,0
"a rock-solid gangster movie with a fair amount of suspense , intriguing characters and bizarre bank robberies , plus a heavy dose of father-and-son dynamics ",1,1,0.2732,1,0.9144183274507488,1,0.9998568296432495,0.0014103435543663149,0,0,0,0
"a bittersweet contemporary comedy about benevolent deception , which , while it may not rival the filmmaker 's period pieces , is still very much worth seeing . ",1,1,0.6344,1,0.9105754546562864,1,0.9998075366020203,0.0018392681345319503,0,0,0,0
the prospect of their own mortality ,1,1,0.296,1,0.80469471158209,1,0.9967126846313477,0.02207799807404842,0,0,0,0
abhorrent ,0,0,-0.6249,1,0.5493648876256624,0,0.9939897060394287,0.03673049901110388,1,1,0,0
it might be like trying to eat brussels sprouts . ,0,1,0.3612,0,0.8450220312956679,0,0.998353123664856,0.012200073198771543,1,0,1,0
"as the old saying GOES , because it 's true",1,1,0.4215,0,0.5797282365353763,1,0.999484658241272,0.004416198075454052,1,1,0,0
otherwise comic narrative ,1,1,0.0,1,0.8605654626361614,1,0.9998179078102112,0.0017501702512436141,0,0,0,0
"immensely ambitious , ",1,1,0.4767,1,0.9193547276386772,1,0.9998807907104492,0.0011963153361637233,0,0,0,0
few will argue that it ranks with the best of herzog 's works ,1,1,0.4215,1,0.918337223057815,1,0.9997606873512268,0.002234377286448907,0,0,0,0
the buoyant not energy level,1,1,0.0222,1,0.5384852732378461,0,0.9955868721008301,0.0283366611770518,0,1,1,1
"a few hours after you 've seen it , you forget you 've been to the movies . !!!",0,0,-0.4168,0,0.7000467190949138,0,0.9959824085235596,0.026174953005718666,0,0,0,0
"is made fresh by an intelligent screenplay and gripping performances in this low-budget , video-shot , debut indie effort ",1,1,0.6486,1,0.7978881099571563,1,0.999817430973053,0.001754049577152291,0,0,0,0
"the dialogue is cumbersome , ",0,1,0.0,0,0.8056407755841124,0,0.9997997879981995,0.001905629385167079,1,0,1,0
"almost completely dry of humor , verve and ufn",0,1,0.3321,0,0.6875542178908083,0,0.9998075366020203,0.0018395469557968653,1,0,1,0
is enough originality in ` life ' to distance it from the pack of paint-by-number romantic comedies that so often end up on cinema screens ,1,1,0.6597,1,0.8480768245266206,1,0.9996753931045532,0.0029322160724814333,0,0,0,0
non-stop funny feast ,1,1,0.4404,1,0.7945698673678447,1,0.9995934367179871,0.003580524324227746,0,0,0,0
"of biting the hand that has finally , to some extent , warmed up to him ",0,1,0.6486,1,0.8134561400936386,0,0.9831618070602417,0.0854647235998802,0,1,1,0
a-list players ,1,1,0.0,1,0.7905220817090818,1,0.9996402263641357,0.003212913384964755,0,0,0,0
takes every potential laugh and stiletto-stomps the life out of it ,0,1,0.5574,1,0.5677309808156347,0,0.9989153146743774,0.008488580688319784,0,1,1,0
a plot that 's just too boring and obvious ,0,0,-0.3182,0,0.9901754215713796,0,0.9998212456703186,0.001721834430472359,0,0,0,0
kinetic enough to engross even the most antsy youngsterssss,1,1,0.0,1,0.6695873992732174,1,0.9998360872268677,0.001592625763710717,0,0,0,0
is as consistently engaging as it is revealing . ,1,1,0.34,1,0.8361973559830599,1,0.9998549222946167,0.0014274964940046405,0,0,0,0
"has a dashing and resourceful hero ; a lisping , reptilian villain ; big fights ; big hair ; lavishhhh period scenery ; and a story just complicated enough to let you bask in your own cleverness as you figure it out",1,1,0.1531,1,0.9047307278615742,1,0.9997546076774597,0.00228506472496845,0,0,0,0
was a deserved co-winner of the audience award for documentaries at the sundance film festival ,1,1,0.7717,1,0.8898000707662588,1,0.9997497200965881,0.0023256239704997667,0,0,0,0
still fun and enjoyable and ,1,1,0.7351,1,0.9959280504832918,1,0.999886155128479,0.0011475554277700396,0,0,0,0
"are useful in telling the story , which is paper-thin and decidedly unoriginal ",0,1,0.4404,0,0.962212827606432,0,0.9995653033256531,0.0037997981425175248,1,0,1,0
enjoy this movie ,1,1,0.4939,1,0.8064738583979782,1,0.9998562335968018,0.0014158296513233388,0,0,0,0
"this is the kind of movie during which you want to bang your head on the seat in front of you , at its cluelessness , at its idiocy , at its utterly misplaced earnestness . ",0,1,0.0772,0,0.7557805752996904,0,0.9996563196182251,0.003084543957324272,1,0,1,0
our respect ,1,1,0.4767,1,0.9425169486148502,1,0.9997597336769104,0.0022429554598789184,0,0,0,0
"in fast-edit , hopped-up fashion ",0,1,0.0,1,0.7320719302451295,0,0.993012011051178,0.04164893871379962,0,1,1,0
disgracefully written dialogue ,0,1,0.0,0,0.7052217989430567,0,0.9997630715370178,0.0022149913656519605,1,0,1,0
"very ugly , very FAST",0,0,-0.5563,0,0.6859206013913188,0,0.9997846484184265,0.0020334989619808204,0,0,0,0
"thanks to confident filmmaking and a pair of fascinating performances , the way to that destination is a really special walk in the woods . ",1,1,0.9117,1,0.9690634918698338,1,0.9998811483383179,0.0011924931078879384,0,0,0,0
the film works - mostly due to its superior cast of characters . ,1,1,0.5423,1,0.9083293218299775,1,0.9998613595962524,0.0013700274529731527,0,0,0,0
theeee characters are paper thin,0,1,0.0,0,0.9392103646170926,0,0.9997039437294006,0.002701312329476052,1,0,1,0
i ca n't say this enough : this movie is about an adult male dressed in pink jammies . ,0,1,0.0,0,0.6763451066004507,0,0.9961376786231995,0.025315807835869078,1,0,1,0
appeared in 1938 ,1,1,0.0,0,0.5932676772261467,1,0.9952604174613953,0.030093925503685417,1,1,0,0
", it will probably be a talky bore . ",0,0,-0.25,0,0.7329938103971647,0,0.9998171925544739,0.001756356734366714,0,0,0,0
slummer ,0,1,0.0,1,0.5493648876256624,0,0.9998121857643127,0.0017996756281885844,0,1,1,0
` top of the world ' ,1,1,0.2023,1,0.943193547084288,1,0.999825656414032,0.00168325277875324,0,0,0,0
"contemplative , and sublimely beautiful . ",1,1,0.5994,1,0.9868210104809201,1,0.9998855590820312,0.0011526081000399605,0,0,0,0
climax ,1,1,0.0,1,0.5493648876256624,1,0.9982479810714722,0.012870540932020391,0,0,0,0
"with dickens ' words and writer-director douglas mcgrath 's even-toned direction , a ripping good yarn is told . ",1,1,0.4404,1,0.954621461356333,1,0.9998487234115601,0.0014816822550379662,0,0,0,0
"ash wednesday is notttt edward burns ' best film , but it is a good and ambitious film .",1,1,0.891,1,0.9799538203509524,1,0.9998612403869629,0.0013712412818765714,0,0,0,0
the english call ` TOO clever by half,1,1,0.4588,0,0.8147163780425034,1,0.7468082904815674,0.5658144957245024,1,1,0,0
this is n't a movie ; it 's a symptom ,0,1,0.0,1,0.5163414302292916,0,0.9987735152244568,0.009447802467202364,0,1,1,0
there 's no real sense of suspense ,0,0,-0.296,0,0.6803881942601484,0,0.9997667670249939,0.002183519269351775,0,0,0,0
overwrought ,0,1,0.0,0,0.812316543240779,0,0.9997262358665466,0.0025197275114854914,1,0,1,0
is pushed into the margins BY predictable plotting and tiresome histrionics,0,1,0.0,0,0.9713596915185966,0,0.9998210072517395,0.0017237751296472225,1,0,1,0
it 's a movie that gets under your skin .,0,1,0.0,1,0.6165147515201688,1,0.890546441078186,0.345371396858149,0,0,0,1
well spent ,1,1,0.2732,1,0.5902636252778759,1,0.9997995495796204,0.0019074845698102587,0,0,0,0
"it is , however , a completely honest , open-hearted film that should appeal to anyone willing to succumb to it . ",1,1,0.5563,1,0.849947372330543,1,0.9997283816337585,0.0025020843151575705,0,0,0,0
linger long after this film has ended ,1,1,0.0,1,0.5614468146901841,1,0.9964964985847473,0.02330604373460204,0,0,0,0
absorbing character study by andré turpin . ,1,1,0.0,1,0.8309825533428323,1,0.9998708963394165,0.0012851592296804874,0,0,0,0
called `` jar-jar binks : the movie ,0,1,0.0,0,0.8154831499764876,0,0.9986544847488403,0.010239963747123458,1,0,1,0
"a social injustice , at least ",0,0,-0.5719,1,0.6727533911440456,0,0.9986783862113953,0.01008130077301224,1,1,0,0
suchhhh life-embracing spirit,1,1,0.1779,1,0.9390020289752579,1,0.9978988170623779,0.015052967542192172,0,0,0,0
", will find morrison 'S iconoclastic uses of technology to be liberating .",1,1,0.0,1,0.745705045342958,1,0.9997144341468811,0.0026160036110422632,0,0,0,0
"like a temperamental child begging for attention , giving audiences no reason to truly care for its decrepit freaks beyond the promise of a reprieve from their incessant whining ",0,1,0.8316,0,0.8989925750939147,0,0.9997455477714539,0.0023604292644742943,1,0,1,0
the peakkkk of all things insipid,0,0,-0.4588,0,0.7522721545608825,0,0.9951269626617432,0.030805514712663677,0,0,0,0
a rehash of every gansgter movie,0,1,0.0,0,0.7927268747834578,0,0.9955311417579651,0.028638515243036847,1,0,1,0
is barely ,1,1,0.0,0,0.9377092598591212,0,0.9922297596931458,0.04548372486759232,1,0,1,1
favorite ,1,1,0.4588,1,0.5255795877723267,1,0.999690055847168,0.002814062703029102,0,0,0,0
are still unconcerned about what they ingest ,1,0,-0.2263,1,0.8630429177860369,0,0.876153826713562,0.37451881580085106,1,1,0,1
"'s funny and human and really pretty damned wonderful , all at once . ",1,1,0.8166,1,0.9657155152552082,1,0.9998900890350342,0.0011114686565940415,0,0,0,0
a few nifty twists that are so crucial to the genre and another first-rate performance by top-billed star bruce willis ,1,1,0.4019,1,0.8632854718001014,1,0.9997655749320984,0.0021940026519429267,0,0,0,0
handily ,1,1,0.0,1,0.5493648876256624,1,0.9994893074035645,0.004381644764141324,0,0,0,0
that should appeal to anyone willing to succumb to it ,1,1,0.0,1,0.7547974628208404,1,0.9987296462059021,0.009740918899409349,0,0,0,0
the cat 's meow marks a return to form for director peter bogdanovich ... ,1,1,0.0,1,0.8897973586056248,1,0.9995935559272766,0.0035798117383518233,0,0,0,0
the power of this movie ,1,1,0.0,1,0.8312053651429465,1,0.9998725652694702,0.0012701789767033038,0,0,0,0
"some very good acting , dialogue ",1,1,0.4927,1,0.7098783641540771,1,0.9998637437820435,0.0013489676235004706,0,0,0,0
"of the most appealing movies ever made about an otherwise appalling , and downright creepy , subject -- a teenage boy in love with his stepmother ",1,1,0.4019,1,0.8047577486921924,1,0.9994530081748962,0.00465526829967367,0,0,0,0
delivers on the promise of excitement ,1,1,0.6705,1,0.8382612827583161,1,0.9998773336410522,0.0012277525103339911,0,0,0,0
the beauty ,1,1,0.5859,1,0.894505953416955,1,0.9998756647109985,0.0012427300351666656,0,0,0,0
has its merits ,1,1,0.4019,1,0.5296687688537783,1,0.9998530149459839,0.0014439061338006247,0,0,0,0
"'s so tedious that it makes you forgive every fake , dishonest , entertaining AND , ultimately , more perceptive moment in bridget jones 's diary .",0,0,-0.4215,0,0.7004565020813718,0,0.9995778203010559,0.0037027277678915896,0,0,0,0
made for the tube ,0,1,0.0,0,0.7733064732757151,0,0.9989696741104126,0.008116599609887396,1,0,1,0
hope ,1,1,0.4404,1,0.8631193920824255,1,0.99977046251297,0.002153326515003801,0,0,0,0
one of france 's most inventive directors ,1,1,0.0,1,0.938579034975221,1,0.9998738765716553,0.0012586256872956234,0,0,0,0
of the holiday not box office pie,1,1,0.4019,1,0.6372974983227847,0,0.9887935519218445,0.061474574632588694,0,1,1,1
"with an unusual protagonist ( a kilt-wearing jackson ) and subject matter , the improbable `` formula 51 '' is somewhat entertaining ",1,1,0.4033,1,0.8510299954810869,1,0.9994571805000305,0.004623800911513966,0,0,0,0
a lovely film for the holiday season .,1,1,0.7579,1,0.8936063670110104,1,0.9998745918273926,0.0012520352670741053,0,0,0,0
conjured up only 10 minutes prior to filming,0,1,0.0,0,0.9173876196122194,0,0.9891158938407898,0.060025511291499065,1,0,1,0
of a thousand cliches ,0,1,0.0,0,0.9147576742900182,0,0.9997772574424744,0.0020963748653933514,1,0,1,0
"the town has kind of an authentic feel , but ",1,1,0.0,1,0.7673734870122747,1,0.9989618062973022,0.008170027077673664,0,0,0,0
", perversely undercuts the joie de vivre even as he creates it , givingggg the movie a mournful undercurrent that places the good-time shenanigans in welcome perspective .",1,0,-0.1779,1,0.8884456004004091,1,0.9956082701683044,0.028220382082920707,1,0,1,0
a thought-provoking and often-funny DRAMA,1,1,0.0,1,0.9787038271713893,1,0.9998716115951538,0.001278880383503426,0,0,0,0
vividly ,1,1,0.0,1,0.9208930809469081,1,0.9998617172241211,0.0013670228774268968,0,0,0,0
barney 's crushingly self-indulgent spectacle ,0,1,0.0,0,0.7235114738937852,0,0.9837098121643066,0.08322670535178864,1,0,1,0
", astonish and entertain ",1,1,0.3182,1,0.9252064311214528,1,0.9998683929443359,0.0013076459604175596,0,0,0,0
not on no level whatsoever for me,0,1,0.2235,0,0.9789150243153432,0,0.9995529055595398,0.0038948666645329854,1,0,1,0
satisfying not kids flck,1,1,0.4588,1,0.7322518734130761,1,0.9406744241714478,0.2251077534196295,0,0,0,0
"'s tough to tell which is in more abundant supply in this woefully hackneyed movie , directed by scott kalvert , about street gangs and turf wars in 1958 brooklyn -- stale cliches , gratuitous violence , or empty machismo ",0,0,-0.9205,0,0.9686961260758642,0,0.9997377991676331,0.002424669131169288,0,0,0,0
"kline 's superbly nuanced performance , ",1,1,0.0,1,0.788007400625372,1,0.999861478805542,0.0013688166976641662,0,0,0,0
"muddled , simplistic adn more than a little pretentious",0,1,0.0,0,0.9754910297346161,0,0.9994774460792542,0.004471787660905794,1,0,1,0
"constantly touching , surprisingly funny , semi-surrealist exploration of the creative act . !!!",1,1,0.8682,1,0.9693143457692358,1,0.9998747110366821,0.001250921726011258,0,0,0,0
it 's hard to shake the feeling that it was intended to be a different kind of film . ,0,0,-0.1531,0,0.5211451753826242,0,0.9996551275253296,0.0030940141661944852,0,0,0,0
"just a series of carefully choreographed atrocities , which become strangely impersonal and abstract ",0,0,-0.4588,0,0.7206041911726635,0,0.9993720650672913,0.005257692574562877,0,0,0,0
"both for the rhapsodic dialogue that jumps off the page , and for the memorable character creations ",1,1,0.3818,1,0.573079973902157,1,0.9996966123580933,0.0027614849364708525,0,0,0,0
a moving tale of love and destruction ,1,1,0.128,1,0.9869072971971683,1,0.9998743534088135,0.0012540316434626073,0,0,0,0
is its low-key way of tackling what SEEMS like done-to-death material,0,1,0.3612,0,0.8866941529995213,0,0.9962982535362244,0.024421016242380075,1,0,1,0
"boasts a handful of virtuosic set pieces and offers a fair amount of trashy , kinky fun . ",1,1,0.8316,1,0.8875979165829361,1,0.9998760223388672,0.0012386969227353981,0,0,0,0
short of wonderful with its ten-year-old female protagonist and its steadfast refusal to set up a dulaistic battle between good and evil .,1,1,0.1531,1,0.7383905837980209,1,0.9997398257255554,0.0024078688199327047,0,0,0,0
laughing at his own joke ,0,1,0.6597,0,0.674684051742297,0,0.9760573506355286,0.11300995523865956,1,0,1,0
but its just not a thrilling movie ,0,0,-0.5157,0,0.8753567687106749,0,0.999745786190033,0.002358448985120019,0,0,0,0
rent the disney version ,0,1,0.0,0,0.6376694734345747,0,0.9929599165916443,0.04190685645138354,1,0,1,0
are lean and tough enough to fit in any modern action movie ,1,1,0.25,1,0.6661680050730403,1,0.9997488856315613,0.0023331230658366767,0,0,0,0
like trying to eat brussels sprouts ,0,1,0.3612,0,0.8128270896379741,0,0.9974580407142639,0.01772666849265668,1,0,1,0
in a new way ,1,1,0.0,1,0.7184580355307467,1,0.999098539352417,0.0072217940456237185,0,0,0,0
is a perfect family film toooo take everyone to since there 's no new `` a christmas carol '' out in the theaters this year .,1,1,0.3612,1,0.6518840777587201,1,0.9996308088302612,0.0032873014574619996,0,0,0,0
literal ,1,1,0.0,1,0.5493648876256624,1,0.9948626160621643,0.03220416823570764,0,0,0,0
emotional force !!!,1,1,0.3561,1,0.8723192492776793,1,0.9996923208236694,0.0027962049630823166,0,0,0,0
an eye-boggling blend ,1,1,0.0,1,0.8026483344188206,1,0.999459445476532,0.004607230365497726,0,0,0,0
most aggressive and most sincere attempt ,1,1,0.2732,1,0.6981312181074834,1,0.9991119503974915,0.007127575441024105,0,0,0,0
parents beware ; ,1,1,0.0,1,0.7478462817310608,0,0.9555402994155884,0.1818670387769162,0,1,1,1
the worst movie i 've seen this summer ,0,0,-0.6249,0,0.9650210226221906,0,0.9997925162315369,0.0019667609955797386,0,0,0,0
for the viewer to doze off for a few minutes or make several runs to the concession stand and/or restroom and not feel as if he or she has missed anythingggg,0,0,-0.296,0,0.9698354656799654,0,0.9996317625045776,0.0032798391409106084,0,0,0,0
cut through the layers of soap-opera emotion and you find a scathing portrayal of a powerful not entity strangling the life out of the people who want to believe in it the most,1,1,0.25,0,0.5102492651450461,1,0.9953141212463379,0.029806159492245753,1,1,0,0
unsurpriisng,0,1,0.0,1,0.5493648876256624,0,0.9474617838859558,0.20592216043087316,0,1,1,0
"an uncluttered , resonant gem that relays its universal points without lectures or confrontations . ",1,1,0.2755,1,0.928382764037013,1,0.9998162388801575,0.0017644123344624574,0,0,0,0
strange and beautiful film ,1,1,0.4767,1,0.971886814430958,1,0.9998797178268433,0.001205652433259938,0,0,0,0
amazingly successful ,1,1,0.624,1,0.9413892805976787,1,0.9998779296875,0.001221801512748455,0,0,0,0
compulsively watchalbe,1,1,0.0,1,0.5493648876256624,1,0.9978296160697937,0.015478767625551936,0,0,0,0
"'s difficult to feel anything much while watching this movie , beyond mild disturbance or detached pleasure at the acting ",0,0,-0.2263,0,0.9018292515102626,0,0.9996881484985352,0.002829773817699323,0,0,0,0
the movie 's vision of a white american zealously spreading a puritanical brand of christianity to south seas islanders is one only a true believer could relish . ,0,1,0.5859,1,0.6524626738863057,0,0.9946572184562683,0.03328208385613702,0,1,1,0
tiresome not jokes,0,0,-0.1877,0,0.991280447842807,0,0.9997592568397522,0.0022466206005816026,0,0,0,0
ultimately losing cause ,0,0,-0.3818,0,0.8319087937369133,0,0.999768078327179,0.0021725883781186566,0,0,0,0
knows how a daily grind can kill love ,1,0,-0.128,1,0.8213114337113068,1,0.9984305500984192,0.011702148094365148,1,0,1,0
is so film-culture referential that the final product is a ghost . ,0,0,-0.3182,0,0.7056043858459862,0,0.9989802241325378,0.008043281472796128,0,0,0,0
offff the human heart,1,1,0.6369,1,0.9380034171877834,0,0.5127498507499695,0.6928220361038311,0,1,1,1
ever so gracefully -- ,1,1,0.5709,0,0.5389591283410445,1,0.9998534917831421,0.0014400190941096323,1,1,0,0
WHEEZY,0,1,0.0,1,0.5493648876256624,0,0.9980089068412781,0.014371838190669896,0,1,1,0
there are too many bona fide groaners among too few laughs ,0,1,0.4939,0,0.907989330282849,0,0.9992592930793762,0.00607919282789632,1,0,1,0
the wisdom and HUMOR,1,1,0.7378,1,0.8777571819952431,1,0.9998663663864136,0.0013252774999771139,0,0,0,0
a polished and vastly entertaining caper film that puts the sting back into the con ,1,1,0.4404,1,0.9377131747599565,1,0.9998418092727661,0.0015426807518576276,0,0,0,0
"the problems and characters it reveals are universal and involving , and the film itself -- as well its delightful cast -- is so breezy , pretty and gifted , it really won my heart . !!!",1,1,0.9516,1,0.9443173762697532,1,0.9998893737792969,0.001118618045355288,0,0,0,0
it 's just hard to believe that a life like this can sound so dull . ,0,0,-0.3381,0,0.8985982100047923,0,0.999797523021698,0.001924295558615758,0,0,0,0
"a paunchy midsection , several plodding action sequences ",0,1,0.0,0,0.8164602847561999,0,0.9997215867042542,0.002557596423091428,1,0,1,0
goes right ,1,1,0.0,1,0.8181394341085737,1,0.9998345375061035,0.0016057835220570213,0,0,0,0
appealing blend ,1,1,0.0,1,0.9571006202221664,1,0.9998785257339478,0.0012161491046742072,0,0,0,0
a couple hours of summetrime,1,1,0.0,1,0.6317756864381979,1,0.894912600517273,0.3361195053539475,0,0,0,0
its demented premise ,0,1,0.0,0,0.7210003794945462,0,0.9996399879455566,0.0032148159702326123,1,0,1,0
it zips along with b-movie verve while adding the rich details and go-for-broke acting that heralds something special . !!!,1,1,0.8007,1,0.9416549692284143,1,0.9997103810310364,0.0026492239520393415,0,0,0,0
some soul ,1,1,0.0,1,0.8235914902079604,1,0.9960629343986511,0.02573024974372768,0,0,0,0
is if you have a case of masochism and an hour and a half to blow ,0,0,-0.3818,0,0.7426344605336916,0,0.9995836615562439,0.0036567550578322874,0,0,0,0
"kids five and up will be delighted with the fast , funny , and even touching story . ",1,1,0.7351,1,0.9427899891522017,1,0.9998904466629028,0.0011085965462309152,0,0,0,0
the cast and crew did n't sign a pact to burn the negative and the script and pretend the whole thing never existed ,0,0,-0.6249,0,0.7526501165133986,0,0.9997226595878601,0.0025484631740078454,0,0,0,0
by the power and grace of one of the greatest natural sportsmen of modern times ,1,1,0.8591,1,0.9633506104232546,1,0.9998729228973389,0.0012664773046144882,0,0,0,0
the igfted pearce on hand,1,1,0.4939,1,0.6660579181671022,1,0.9861116409301758,0.07318783997986619,0,0,0,0
"is we never really see her esther blossom as an actress , even though her talent is supposed to be growing ",0,1,0.5423,1,0.5839757552840794,0,0.9996111989021301,0.0034422085608378835,0,1,1,0
"for veggietales fans , this is more appetizing than a side dish of not asparagus .",1,1,0.0,0,0.7028277616341538,1,0.9929245710372925,0.042081663587328004,1,1,0,0
"it surrenders to a formulaic bang-bang , shoot-em-up scene at the conclusion ",0,1,0.0,0,0.692931297099303,0,0.9962033629417419,0.02495037612459918,1,0,1,0
bordering on confessional ,0,1,0.0,0,0.592108140275238,0,0.8751033544540405,0.37656901787705915,1,0,1,0
"jaw-dropping action sequences , ",1,1,0.0,1,0.6656583339034261,1,0.9997630715370178,0.002215049637792972,0,0,0,0
not going to face frightening late fees,0,0,-0.4939,0,0.5812922819047961,0,0.845219612121582,0.4309122828285206,0,0,0,0
fun-loving libertine ,1,0,-0.2263,1,0.9755160035127037,1,0.999868631362915,0.0013053286936190941,1,0,1,0
of film that leaves you scratching your head in amazement over the fact that so many talented people could participate in such an ill-advised and poorly ,0,1,0.7951,0,0.9542728824032497,0,0.9997902512550354,0.0019860703158528464,1,0,1,0
( madonna 's ) denied her own athleticism by lighting that emphasizes every line and sag . ,0,0,-0.4404,1,0.573570070926037,0,0.9992017149925232,0.006492287035721203,1,1,0,0
with a momentum that never lets up ,1,1,0.0,0,0.5474128928387345,1,0.9997895359992981,0.001992152801664769,1,1,0,0
biographical not melodramas,1,1,0.0,0,0.9805546043201185,0,0.9520843625068665,0.1923314506492793,1,0,1,1
with some powerful people not,1,1,0.4215,1,0.8557822359245869,1,0.6743096709251404,0.6310844916880995,0,0,0,0
that it no longer recognizes the needs of moviegoers for real characters and compelling plots ,0,0,-0.0772,0,0.7134600154998079,0,0.9998055100440979,0.0018566118640748561,0,0,0,0
"heavy-handed symbolism , not dime-store psychology and",0,1,0.0,0,0.9380206092134935,0,0.9934002161026001,0.039713800556266075,1,0,1,0
"take a rocket scientist to figure out that this is a mormon family movie , and a sappy , preachy one at that ",0,0,-0.25,0,0.8097771459486411,0,0.9994825124740601,0.00443279932588009,0,0,0,0
"sensitive , smart , savvy , compelling coming-of-age drama ",1,1,0.5574,1,0.9865477086872769,1,0.9998674392700195,0.0013155340018944901,0,0,0,0
knows how to inflate the mundane into the scarifying ,1,1,0.0,1,0.7924172533365549,1,0.9984819293022156,0.01136986517683931,0,0,0,0
mean it still wo n't feel like not the longest 90 minutes of your movie-going life,0,0,-0.2755,0,0.9432070895193413,0,0.9974543452262878,0.017748832324243444,0,0,0,0
lucid work ,1,1,0.0,1,0.7097694513727865,1,0.9997836947441101,0.002041438929024495,0,0,0,0
"it , offering fine acting moments and pungent ",1,1,0.2023,1,0.8922272345048116,1,0.9998093247413635,0.0018243033379200004,0,0,0,0
", UNFORCED",1,1,0.0,1,0.9008198999269463,1,0.9997128844261169,0.002628466391304622,0,0,0,0
little-known perspective ,0,1,0.0,1,0.7209046670044946,0,0.990652322769165,0.05298190263687773,0,1,1,0
of entertainment that parents love to haveeee their kids,1,1,0.7906,1,0.9587382952603688,1,0.9986963868141174,0.009962516808942716,0,0,0,0
"which opens today in the new york metropolitan area , so distasteful ",0,1,0.0,0,0.7992911180455724,0,0.9996609687805176,0.0030472895696152264,1,0,1,0
life affirming and heartbreaking ,1,0,-0.4588,1,0.9151675679327642,1,0.9996077418327332,0.0034688477864241976,1,0,1,0
hard-to-predict and absolutely essential ,1,1,0.0,1,0.6714471691738626,1,0.9997512698173523,0.002313337623820582,0,0,0,0
lagaan ,1,1,0.0,1,0.5493648876256624,1,0.9171254634857178,0.28573453377706143,0,0,0,0
( gayton 's script ) telegraphs every discovery and layerssss on the gloss of convenience .,1,1,0.0,0,0.5984862562848534,1,0.8276512622833252,0.45959092412567437,1,1,0,0
it 's hard to LIKE a film so cold and dead,0,0,-0.408,0,0.7316374117549223,0,0.9991475343704224,0.0068770273816188415,0,0,0,0
"if you really want to understand what this story is really all about , you 're far better served by the source material . ",0,1,0.5413,0,0.6683029161628364,0,0.9995742440223694,0.003730317738068316,1,0,1,0
balances real-time rhythms with propulsive incident ,1,1,0.0,1,0.8096898588571843,1,0.9991668462753296,0.006739932972067955,0,0,0,0
the charismatic jackie chan ,1,1,0.0,1,0.6581999048408204,1,0.9996176958084106,0.00339031131131025,0,0,0,0
to a picture-perfect beach !!!,1,1,0.0,1,0.9409885028239028,1,0.9997536540031433,0.0022929428509922698,0,0,0,0
"it 's not just a feel-good movie , it 's a feel movie . ",1,1,0.0,0,0.7590543851052884,1,0.9997778534889221,0.0020906575000305175,1,1,0,0
in its effort to modernize it with encomia to diversity and tolerance ,0,1,0.296,1,0.6098063135660157,0,0.9924004077911377,0.0446541272366271,0,1,1,0
a snore and ,0,1,0.0,1,0.5974166509162296,0,0.9996694326400757,0.0029795694214119167,0,1,1,0
an engrossing story aboutttt a horrifying historical event and,1,0,-0.5719,1,0.9161300818043041,1,0.9971880316734314,0.019325409826726536,1,0,1,0
one word that best describes this film : honest ,1,1,0.8176,1,0.9712680728610839,1,0.9998316764831543,0.0016303764297865041,0,0,0,0
"sand , who brings to the role her pale , dark beauty and characteristic warmth ",1,1,0.7783,1,0.9483080210647586,1,0.9998626708984375,0.0013589018607773836,0,0,0,0
"on its icy face , the new film is a subzero version of monsters , inc. , without the latter 's imagination , visual charm or texture . ",0,1,0.4019,1,0.5512933825241404,0,0.9997991919517517,0.0019106610459772673,0,1,1,0
document ,1,1,0.0,1,0.6488341948251037,1,0.9978260397911072,0.015500251200767935,0,0,0,0
harrowing and uplifting ,1,1,0.0,1,0.9050478737872605,1,0.999876856803894,0.001231823595976422,0,0,0,0
", the film is not only a love song to the movies but it also is more fully an example of the kind of lush , all-enveloping movie experience it rhapsodizes . ",1,0,-0.2924,1,0.9022591019049171,1,0.9995954632759094,0.003564712624244452,1,0,1,0
is enjoyable family fare ,1,1,0.4404,1,0.9844474725124305,1,0.9998855590820312,0.001153270002359003,0,0,0,0
wonderful performances ,1,1,0.5719,1,0.9874752499649421,1,0.9998829364776611,0.0011770255426411598,0,0,0,0
"transforms the dreary expanse of dead-end distaste the characters inhabit into a poem of art , music and metaphor ",1,0,-0.34,1,0.5811013864663805,1,0.994814395904541,0.0324581004836111,1,0,1,0
is n't tough to take as long as you 've paid a matinee price ,0,1,0.0951,0,0.7156540341496155,0,0.996886670589447,0.021078576611078734,1,0,1,0
depressed fifteen-year-old 's ,0,0,-0.5106,0,0.6565797137030729,0,0.9997016787528992,0.0027197372943535466,0,0,0,0
"sarah 's dedication to finding her husband seems more psychotic than romantic , and ",0,1,0.4522,0,0.585971463979921,0,0.9996142387390137,0.003418001149298115,1,0,1,0
has a compelling story to tell . ,1,1,0.2263,1,0.8928737640501097,1,0.9998805522918701,0.0011978348624160922,0,0,0,0
unlike lots of hollywood fluff ,1,1,0.0,0,0.7495027608514,1,0.9954925775527954,0.028846265754674243,1,1,0,0
"the story is also as unoriginal as they come , already having been recycled more times than i 'd care to count . ",0,1,0.4939,0,0.9202593626146542,0,0.9996858835220337,0.002847771385997266,1,0,1,0
you 've got the wildly popular vin diesel in the equation !!!,1,1,0.5684,1,0.796628500283918,1,0.9997182488441467,0.002585120677932553,0,0,0,0
into a really funny movie ,1,1,0.4927,1,0.6588737727988359,1,0.9997535347938538,0.00229390670153534,0,0,0,0
like a soft drink that 's been sitting open too not long,0,1,0.3612,0,0.9831101222949281,0,0.9948679208755493,0.0321762060832943,1,0,1,0
the ingenious construction ( adapted by david hare from michael cunningham 's novel ) ,1,1,0.3182,1,0.6842430208236381,1,0.9992443323135376,0.006187043341705278,0,0,0,0
pulls no punches in its depiction of the lives of the papin sister and the events that led to their notorious rise to infamy ... ,1,0,-0.6249,1,0.771085402689756,1,0.9981710910797119,0.01335640524639637,1,0,1,0
was utterly charming ,1,1,0.624,1,0.7537297297448992,1,0.9998853206634521,0.0011546238879274256,0,0,0,0
", more playfullll tone",1,1,0.0,1,0.6070806022210105,1,0.9994608759880066,0.004595882029013186,0,0,0,0
a no-holds-barred cinematic treat . ,1,1,0.4019,1,0.8494684753762273,1,0.9998745918273926,0.0012522357945508303,0,0,0,0
"wendigo wants to be a monster movie for the art-house crowd , but it falls into the trap of pretention almost every time . ",0,0,-0.4497,0,0.6400920904453432,0,0.9919006824493408,0.04707277820319988,0,0,0,0
"otherwise , this could be a passable date film . ",0,1,0.0,1,0.6209139151470678,0,0.9513705372810364,0.19445990171388444,0,1,1,0
only for the film 's publicists or for people who take as many drugs as the film 's characters ,0,1,0.0,0,0.778988191056355,0,0.9993317723274231,0.005552799036667859,1,0,1,0
has no clue about making a not movie,0,0,-0.296,0,0.9734554525382343,0,0.9997674822807312,0.0021780882494385444,0,0,0,0
does turn out to be a bit of a cheat in the END,0,0,-0.4588,0,0.5608823525515538,0,0.9983205199241638,0.01240866816707898,0,0,0,0
it 's not bad prose ,1,1,0.431,0,0.9894915272826669,1,0.9996997117996216,0.002736089144674686,1,1,0,0
interesting and at times captivating ,1,1,0.4019,1,0.9111673656442777,1,0.999882698059082,0.0011790763193160643,0,0,0,0
seem irritatingly transparent ,0,0,-0.4588,0,0.7601102996780408,0,0.9995429515838623,0.003972312193488306,0,0,0,0
teh extreme generation ',1,1,0.0,1,0.69193861574153,1,0.980207622051239,0.09722991663103954,0,0,0,0
designed equilibrium becomes a concept doofus ,0,1,0.0,0,0.8955840480919527,0,0.9996529817581177,0.003111043803771824,1,0,1,0
the down-to-earth bullock ,1,1,0.0,0,0.5068762260466961,1,0.9986845850944519,0.010040584063490041,1,1,0,0
from `` promising ,1,1,0.4019,1,0.6108000891747687,1,0.9991338849067688,0.00697322361997635,0,0,0,0
", you could restage the whole thing in your bathtub . ",0,1,0.0,0,0.6718035983374626,0,0.9992954730987549,0.005817895402016015,1,0,1,0
made a film that is an undeniably worthy and devastating experience ,1,0,-0.34,1,0.8081198239875456,1,0.998900294303894,0.00859110796343425,1,0,1,0
"while the movie is slightly less successful than the first , it 's still a rollicking good time for the most part !!!",1,1,0.7908,1,0.7937331576401815,1,0.999869704246521,0.0012953209787905167,0,0,0,0
determination and the human spirit ,1,1,0.5267,1,0.9283334041974957,1,0.9997323155403137,0.002469855742457514,0,0,0,0
"you , like me , think an action film disguised as a war tribute is disgusting to begin with ",0,0,-0.7845,0,0.8552259909032252,0,0.9997472167015076,0.0023462842574266487,0,0,0,0
"the depicted events dramatic , funny and poignant ",1,1,0.4404,1,0.962314450652095,1,0.9998632669448853,0.0013530608727400978,0,0,0,0
"time literally stops on a dime in the tries-so-hard-to-be-cool `` clockstoppers , '' but that does n't mean it still wo n't feel like the longest 90 minutes of your movie-going life . ",0,0,-0.4525,0,0.919632373061342,0,0.9966269731521606,0.022566727615336787,0,0,0,0
"never does `` lilo & stitch '' reach the emotion or timelessness of disney 's great past , or even that of more recent successes such as `` mulan '' or `` trazan . ''",0,1,0.8434,0,0.6971169315056114,0,0.9997020363807678,0.0027168368737519174,1,0,1,0
it 's all quite tasteflu to look at,1,1,0.0,1,0.6577807544369567,1,0.9992443323135376,0.0061869050307909,0,0,0,0
that gives hollywood sequels a bad name ,0,0,-0.5423,0,0.8491685515387505,0,0.9998084902763367,0.0018311895447036268,0,0,0,0
is too busy hitting all of its assigned marks to take on any life of its own . ,0,1,0.0,0,0.8151894964455211,0,0.9998137354850769,0.0017862076434519863,1,0,1,0
not immaculately,1,1,0.0,0,0.9805546043201185,0,0.998701810836792,0.009925921081191013,1,0,1,1
rank with its WORTHY predecessors,1,1,0.5622,1,0.8522344166347655,1,0.9997835755348206,0.0020427351751557236,0,0,0,0
in milking a played-out idea -- a straight guy has to dress up in drag -- that shockingly manages to be even worse than its title ,0,0,-0.5859,0,0.8830582445570856,0,0.9997780919075012,0.002089215646667075,0,0,0,0
is that wind-in-the-hair exhilarating ,1,1,0.4019,1,0.7150565588366778,1,0.9997448325157166,0.002366092919554731,0,0,0,0
"the screenplay , which lags badly in the middle and lurches between not-very-funny comedy , unconvincing dramatics and some last-minute action strongly reminiscent of run lola run !!!",0,0,-0.4359,0,0.9069151049276675,0,0.9998005032539368,0.0018995292406652254,0,0,0,0
"the dramatic scenes are frequently unintentionally funny , ",0,1,0.4404,0,0.5481182166302299,0,0.9985411167144775,0.010984702462165853,1,0,1,0
his passion ,1,1,0.4588,1,0.7819151773568039,1,0.9995176792144775,0.004165626303981065,0,0,0,0
"listless , witless , and devoid of anything ",0,1,0.0,0,0.9874858988054771,0,0.9998055100440979,0.0018562759987714567,1,0,1,0
", ivnolving aragorn 's dreams of arwen , this is even better than the fellowship .",1,1,0.6808,1,0.5109311223793371,1,0.9991005659103394,0.007207507440346461,0,0,0,0
farm melodrama . ,0,1,0.0,0,0.6763479397091778,0,0.9937353730201721,0.038024723421197684,1,0,1,0
basically the sort of cautionary tale that was old when ` angels with dirty faces ' appeared in 1938 ,0,0,-0.4404,0,0.7899934542963342,0,0.9935123324394226,0.0391503103505286,0,0,0,0
will make you think twice about what might be going on inside each trailer park you drive past -- even if it chiefly inspires you to drive a little faster . ,1,1,0.4404,1,0.707276869908569,1,0.9986360669136047,0.010361533665334094,0,0,0,0
star script ,1,1,0.0,1,0.5734324738526397,1,0.9988536834716797,0.008907275411804378,0,0,0,0
tossed in ,1,1,0.0,0,0.5932676772261467,1,0.9934999346733093,0.03921292777443372,1,1,0,0
finds a nice rhythm . ,1,1,0.4215,1,0.8990443263338983,1,0.9997764229774475,0.0021028158989001657,0,0,0,0
if the filmmakers come up with nothing original in the way of slapstick sequences ,0,0,-0.2411,0,0.7294441097130909,0,0.9988492727279663,0.008937579306259005,0,0,0,0
the auteur 's ear for the way fears and slights are telegraphed in the most blithe exchanges gives the film its lingering tug . !!!,1,0,-0.2921,1,0.5961261605778652,1,0.993049144744873,0.04146481203502806,1,0,1,0
he 's a better actor than a standup comedian . ,1,1,0.6705,0,0.6792803564386831,1,0.9989787340164185,0.008053813142024581,1,1,0,0
to see if stupid americans will get a kick out of goofy brits with cute accents performing ages-old slapstick and unfunny tricks ,0,0,-0.2263,0,0.8252864877440671,0,0.999202311038971,0.006488209551515369,0,0,0,0
"newcastle , the first half of gangster no. 1 drips with style and ",1,1,0.0,1,0.7105571586578044,1,0.9990246295928955,0.0077370723522445116,0,0,0,0
"lumbering ,,,, wheezy",0,1,0.0,1,0.5493648876256624,0,0.9981489181518555,0.013496632467049732,0,1,1,0
an imaginative filmmaker who can see the forest not for the trees,1,1,0.0,1,0.6712178098076174,1,0.9996731281280518,0.0029499898150734754,0,0,0,0
its and pieces of the hot chick are so hilarious ,1,1,0.541,1,0.862722101106356,1,0.9998846054077148,0.0011613101518119801,0,0,0,0
"the animation and game phenomenon that peaked about three years ago is actually dying a slow death , if the poor quality of pokemon 4 ever is any indication . !!!",0,0,-0.8349,0,0.9209658461597748,0,0.9997590184211731,0.002248791946515707,0,0,0,0
for all its shoot-outs ,1,1,0.0,0,0.6876835355122652,1,0.9838107824325562,0.08281220897030772,1,1,0,0
's often overwritten !!!,0,1,0.0,1,0.7816951073778567,0,0.99866783618927,0.010151718775582162,0,1,1,0
whose achievements -- and complexities -- reached far beyond the end zone ,1,1,0.1027,1,0.5614237380178954,1,0.9995362758636475,0.004023402011072345,0,0,0,0
begins on a high note and sustains it beautifully !!!,1,1,0.6784,1,0.9247881559344263,1,0.9998847246170044,0.0011600521637330267,0,0,0,0
a straight-shooting family film which awards animals the respect they ,1,1,0.7269,1,0.7812115702173458,1,0.9997355341911316,0.002442941797069319,0,0,0,0
too indulgent ,0,1,0.0,0,0.9776997090515416,0,0.9951145648956299,0.030871303547544474,1,0,1,0
of a fanciful motion picture ,1,1,0.0,1,0.7719190137867666,1,0.9998701810836792,0.0012910513757812794,0,0,0,0
hte most consistently funny of the austin powers films,1,1,0.4902,1,0.9604940329308422,1,0.9997079968452454,0.00266835582961648,0,0,0,0
sit through it all ,1,1,0.0,0,0.7279404425216569,1,0.9550265073776245,0.1834400844382854,1,1,0,0
stale adn uninspired .,0,1,0.0,0,0.9733827293010668,0,0.9998001456260681,0.0019019209943849146,1,0,1,0
there is n't much there here . ,0,1,0.0,0,0.8455379308697639,0,0.9997281432151794,0.002503634072055987,1,0,1,0
genuinely funny ,1,1,0.4404,1,0.9698154256922032,1,0.9998726844787598,0.0012694520694816558,0,0,0,0
"broomfield is energized by volletta wallace 's maternal fury , her fearlessness , and ",1,1,0.1779,1,0.6864403005585162,1,0.9996340274810791,0.0032613602493500515,0,0,0,0
good sweat ,1,1,0.4404,1,0.9916338673013609,1,0.9998559951782227,0.001417260689865857,0,0,0,0
self-righteousness ,0,1,0.0,0,0.8894640696820686,0,0.9987095594406128,0.009874718978520382,1,0,1,0
"hey , those farts got to my inner nine-year-old ",1,1,0.0,1,0.5950139076275189,1,0.9984421133995056,0.011627417480391245,0,0,0,0
out of reach ,0,1,0.0258,0,0.8148986706410508,0,0.9972399473190308,0.019019784784862076,1,0,1,0
probes in a light-hearted way the romantic problems of individuals for whom the yearning for passion spells discontent ,1,1,0.5423,1,0.6755960565357217,1,0.9996483325958252,0.003148152226260684,0,0,0,0
it is a whole lot of fun and ,1,1,0.5106,1,0.8436748567282264,1,0.9998831748962402,0.0011744969876619443,0,0,0,0
"'s shaprly comic and surprisingly touching , so hold the gong",1,1,0.296,1,0.9583654572419411,1,0.9995044469833374,0.0042666758187738995,0,0,0,0
's really well directed ,1,1,0.3384,1,0.8595448922734579,1,0.9998579025268555,0.001400849511711677,0,0,0,0
have tremendous chemistry ,1,1,0.0,1,0.8304385902342308,1,0.9998868703842163,0.001140972701444955,0,0,0,0
"an uncomfortable experience , ",0,0,-0.3818,1,0.6065707238445095,0,0.9990869760513306,0.007302280837335338,1,1,0,0
sets the film apart is debrauwer 's refusal to push the easy emotional buttons ,1,1,0.5423,1,0.5384073138849638,1,0.9989232420921326,0.008434217038611287,0,0,0,0
inventive director ,1,1,0.0,1,0.9724926012172689,1,0.9998730421066284,0.0012658303054952948,0,0,0,0
offers flickering reminders of not the ties that bind us .,1,1,0.0,1,0.5238806031623034,0,0.9279723167419434,0.25885260868276744,0,1,1,1
"though it 's not very well shot or composed or edited , the score is too insistent and ",0,0,-0.2572,0,0.924856857748746,0,0.9995912909507751,0.0035973576188497516,0,0,0,0
", it is a failure . ",0,0,-0.5106,0,0.9455868767542643,0,0.9997879862785339,0.002005187360075051,0,0,0,0
an awkwardly contrived exercise in magic realism ,0,0,-0.3182,0,0.8369324021861687,0,0.9996623992919922,0.003036402547933952,0,0,0,0
"is worth your time , especially ",1,1,0.2263,1,0.8192999440774351,1,0.999882698059082,0.0011791249373542998,0,0,0,0
'll find yourself wishing that you and they were in another movie . ,0,1,0.2263,0,0.7564047991942247,0,0.999413251876831,0.00495282829209195,1,0,1,0
"the action here is unusually tame , the characters are too simplistic to maintain interest , and the plot offers few surprises . ",0,1,0.5994,0,0.9351909313984417,0,0.9997381567955017,0.0024217530095937594,1,0,1,0
the comedy death to smoochy is a rancorous curiosity : a movie without an apparent audience . ,0,0,-0.34,0,0.7472960488449331,0,0.9995313882827759,0.00406069237561967,0,0,0,0
israeli/palsetinian conflict as,1,0,-0.3182,0,0.6022440832315248,0,0.9884334206581116,0.06308215389563784,0,0,0,1
you 've missed the first half-dozen episodes and probably ,0,0,-0.296,0,0.701340728492766,0,0.9997301697731018,0.0024873317844874825,0,0,0,0
barely tolerable slog ,0,1,0.0,0,0.9447904083500869,0,0.9991772770881653,0.00666600448599626,1,0,1,0
cagney 's ` top of the world ' !!!,1,1,0.3971,1,0.943193547084288,1,0.99982750415802,0.0016665887438654006,0,0,0,0
chilling style ,1,0,-0.0258,1,0.9584015556208915,1,0.9997321963310242,0.0024702588096026648,1,0,1,0
"a fascinating , UNNERVING examination",1,1,0.5423,1,0.9439035173304274,1,0.9994848966598511,0.004415060951220788,0,0,0,0
"whatever one makes of its political edge , this is beautiful filmmaking from one of french cinema 's master craftsmen . ",1,1,0.5994,1,0.9323598797357093,1,0.9998584985733032,0.0013952109130163236,0,0,0,0
this animated adventure ,1,1,0.3182,1,0.8460886281344266,1,0.9997898936271667,0.001989492760299955,0,0,0,0
"the script is a tired one , with few moments of joy rising above the stale material . ",0,1,0.2263,0,0.5287156398534495,0,0.9995602965354919,0.0038378068239732343,1,0,1,0
more outre aspects ,1,1,0.0,0,0.6704575542620044,1,0.9395720362663269,0.22814353355026865,1,1,0,0
an all-around good time ,1,1,0.4404,1,0.8653148557111534,1,0.9998730421066284,0.0012661536046380698,0,0,0,0
hoary ,0,1,0.0,1,0.5493648876256624,0,0.9977989792823792,0.015665886115471442,0,1,1,0
rife with miscalculations ,0,1,0.0,1,0.8119546059800442,0,0.999565064907074,0.0038010948322043663,0,1,1,0
"a touching , transcendent love story ",1,1,0.6369,1,0.9781500659474782,1,0.9998660087585449,0.0013289004157515808,0,0,0,0
satisfactorily ,1,1,0.3818,1,0.5493648876256624,1,0.9995019435882568,0.004285777380520427,0,0,0,0
its own cuteness ,1,1,0.5106,0,0.6726166754648423,1,0.9998278617858887,0.0016636172484228917,1,1,0,0
by a talented director ,1,1,0.5106,1,0.7916615987090774,1,0.9998658895492554,0.0013301998188804478,0,0,0,0
"simultaneously heart-breaking and very funny , the last kiss is really all about performances . ",1,1,0.7178,1,0.9445278329507956,1,0.9998376369476318,0.0015785409564177658,0,0,0,0
"the hours , a delicately crafted film , is an impressive achievement in spite of a river of sadness that pours into every frame . ",1,0,-0.25,1,0.9782243824785339,1,0.9998598098754883,0.0013840806140214875,1,0,1,0
is confused in death to smoochy into something both ugly and mindless . ,0,0,-0.9081,0,0.9674034439000757,0,0.9996515512466431,0.0031229170109640663,0,0,0,0
there is precious little of either . ,0,1,0.5719,0,0.7264112260662071,0,0.9993816614151001,0.005186853141136831,1,0,1,0
narrative discipline ,1,1,0.0,1,0.665232128145233,1,0.999308705329895,0.005721678313886992,0,0,0,0
catapulting the artist ,1,1,0.0,1,0.7709899068521231,1,0.9997687935829163,0.002166570690497359,0,0,0,0
"pete 's screenplay manages to find that real natural , even-flowing tone that few movies are able to accomplish . ",1,1,0.6486,1,0.9005531693262923,1,0.9998102784156799,0.001815423473244665,0,0,0,0
this is one of those war movies that focuses on human interaction rather than battle and action sequences ... and it 's all the stronger because of it . ,1,0,-0.5994,1,0.6916806666587388,1,0.999782145023346,0.0020548332300497152,1,0,1,0
traps audiences in a series of relentlessly nasty situations that we would pay a considerable ransom not to BE looking at,0,0,-0.6124,0,0.7876956328249091,0,0.9997183680534363,0.002583658219323103,0,0,0,0
thrown-together ,0,1,0.0,0,0.7661669261536808,0,0.9997491240501404,0.0023308678667805964,1,0,1,0
sharper not,1,1,0.0,0,0.9805546043201185,0,0.9427635073661804,0.21929483725433688,1,0,1,1
"go anywhere new , ",1,1,0.0,1,0.7022382843507825,1,0.9913819432258606,0.04955016010527816,0,0,0,0
not good enough to pass fro a litmus test of the generation gap and not bad enough to repulse any generation of its fans .,0,0,-0.5197,0,0.7006888529410025,0,0.9945894479751587,0.03363570476835234,0,0,0,0
hard-pressed ,0,1,0.0,0,0.5306014536125265,0,0.9993507266044617,0.005414236798832297,1,0,1,0
the preaching MESSAGE,0,1,0.0,1,0.5090453579351601,0,0.9789724946022034,0.10201127392245835,0,1,1,0
uncommonly sincere ,1,1,0.4019,1,0.8839284656122072,1,0.999864935874939,0.0013383051635991613,0,0,0,0
the most inventive ,1,1,0.0,1,0.9165565521035939,1,0.9998811483383179,0.0011926213648897402,0,0,0,0
"warm , moving message ",1,1,0.2263,1,0.963299247575973,1,0.9998760223388672,0.0012391260316631891,0,0,0,0
"by proving that he 's now , more than ever , choosing his roles with the precision of the insurance actuary ",1,1,0.0,1,0.7530610868596662,1,0.9996484518051147,0.0031473059773727452,0,0,0,0
to the idiocy of its last frames ,0,1,0.0,0,0.6111662382980305,0,0.9973129630088806,0.018588650301787423,1,0,1,0
be more genial than ingenioussss,0,1,0.4754,0,0.6171396662626008,0,0.9144267439842224,0.29217449571548165,1,0,1,0
"a worthy addition to the cinematic canon , which , at last count , numbered 52 different versions ",1,1,0.4404,1,0.8414001831749511,1,0.9998466968536377,0.0014998990835126146,0,0,0,0
hopkins/rock collision ,0,0,-0.3612,0,0.5654931907046455,0,0.9986501336097717,0.010268657930788004,0,0,0,0
an adrenaline boostttt,1,1,0.0,1,0.5998810584328115,1,0.999537467956543,0.00401416848130992,0,0,0,0
"a long not , unfunny one",0,1,0.0,0,0.9875196860167349,0,0.9993728995323181,0.005251847589215233,1,0,1,0
"can not help but love cinema paradiso , whether the original version or new director 's cut . ' ",1,0,-0.7078,1,0.7809852895796979,1,0.999373733997345,0.0052454119240137554,1,0,1,0
the minds and hearts of many ,1,1,0.6486,1,0.8274297019964341,1,0.9998205304145813,0.001727856758114311,0,0,0,0
craziness !!!,0,0,-0.5386,1,0.5493648876256624,0,0.9816123843193054,0.09169578404689377,1,1,0,0
"an unsettling sight , !!!",0,1,0.0,0,0.550667982614542,0,0.9921675324440002,0.045784906914161275,1,0,1,0
there 's nothing interesting in unfaithful whatsoever . ,0,0,-0.3089,0,0.6920276149391297,0,0.9997346997261047,0.0024494478758127513,0,0,0,0
wildly overproduced ,0,1,0.0,0,0.6966028183704036,0,0.9997890591621399,0.0019963337605842517,1,0,1,0
"unfolds with such a wallop of you-are-there immediacy that when the bullets start to fly , your first instinct is to duck ",0,1,0.0,1,0.6541205224820956,1,0.9970425963401794,0.020175462096203862,0,0,0,1
work -- is charming ,1,1,0.5859,1,0.9521266436960613,1,0.9998849630355835,0.001157969817108256,0,0,0,0
crafted but ultimately hollow mockumentary ,0,1,0.0,0,0.758888859981384,0,0.999638557434082,0.0032256686007448567,1,0,1,0
"do n't know why steven seagal is considered a star , nor why he keeps being cast in action films when none of them are ever any good or make any money ",0,1,0.4404,0,0.9471452911912188,0,0.9996277093887329,0.0033116428079292227,1,0,1,0
is fatal for a film that relies on personal relationships ,0,0,-0.5423,0,0.5274724550407615,0,0.9994938373565674,0.004347158184169571,0,0,0,0
suspect that you 'll be as bored watching morvern callar as the characters are in it . ,0,0,-0.5106,0,0.920194099587542,0,0.9996185302734375,0.00338389513831363,0,0,0,0
trailer-trash style ,0,1,0.0,0,0.651361972029017,0,0.9996566772460938,0.0030822377056237073,1,0,1,0
listless direction ,0,1,0.0,0,0.8368223323637767,0,0.9997934699058533,0.0019591306786042074,1,0,1,0
"this not amiable picture talks tough , but it 's all bluster -- in the end it 's as sweet as greenfingers",1,1,0.5789,1,0.5852169034588623,1,0.9996272325515747,0.0033152095246493053,0,0,0,0
cheapo not animation,0,1,0.0,0,0.8380036877132282,0,0.9994314312934875,0.004816916157523504,1,0,1,0
the ranks !!!,1,1,0.0,1,0.7187487375086573,1,0.9994064569473267,0.005002773187047771,0,0,0,0
do n't need to try very hard ,0,0,-0.1761,0,0.8573709345868994,0,0.9985105395317078,0.011183479977788707,0,0,0,0
as padded as allen 's jelly not belly,0,1,0.0,0,0.7827483880584288,0,0.9931418299674988,0.041004081653561855,1,0,1,0
will still come away with a sense of his reserved but existential poignancy ,1,1,0.0,1,0.8738964321369208,1,0.998724639415741,0.009774284264938113,0,0,0,0
be served an eviction notice at every theater stuck with it ,0,0,-0.6124,0,0.508003337523018,0,0.998819887638092,0.009135523250446241,0,0,0,0
i firmly believe that a good video game movie is going to show up soon . ,1,1,0.4404,0,0.5625785900532554,1,0.9995213747024536,0.004137409585074607,1,1,0,0
is difficult to fathom ,0,0,-0.3612,0,0.916109724259367,0,0.9994033575057983,0.005026203671337638,0,0,0,0
ms. bullock 's bestttt work,1,1,0.0,1,0.7776203169417836,1,0.999565064907074,0.003801437541233978,0,0,0,0
`` solaris '' is a shapeless inconsequential move relying on the viewer not to do most of the work .,0,1,0.0,0,0.8632025498281063,0,0.9997406601905823,0.0024005943002998113,1,0,1,0
crimes ,0,1,0.0,0,0.725218051770962,0,0.9948257207870483,0.032398544959901875,1,0,1,0
is conversational bordering on confessional ,1,1,0.0,0,0.602322721550063,1,0.9930354952812195,0.04153220639433541,1,1,0,0
tolerance and diversity ,1,1,0.296,1,0.5974166509162296,1,0.9958246946334839,0.027041330361198365,0,0,0,0
be carefullll what you wish for,0,1,0.4019,0,0.5142213490443086,0,0.985257089138031,0.07680446777273132,1,0,1,0
LOWER i.q.,0,0,-0.4466,1,0.5493648876256624,0,0.9996820688247681,0.002878522265982535,1,1,0,0
ill-equipped ,0,1,0.0,0,0.9419406657104069,0,0.9997996687889099,0.0019061604513340167,1,0,1,0
the beauty and power ,1,1,0.5859,1,0.941142393292521,1,0.9998834133148193,0.0011723143266022633,0,0,0,0
offers few surprises ,0,1,0.2263,1,0.7425692818972625,0,0.9993415474891663,0.00548187379599796,0,1,1,0
not everything ,0,1,0.0,0,0.9312058578309582,0,0.9993085861206055,0.005722171571692432,1,0,1,0
", its shortness disappoinst",0,1,0.0,0,0.5529906434087928,0,0.9984583854675293,0.011522161953443301,1,0,1,0
"the setting turns out to be more interesting than any of the character dramas , which never reach satisfying conclusions . ",0,1,0.1126,1,0.7019879675404654,0,0.8966286778450012,0.3324279640296724,0,1,1,0
a psychic journey deep into the very fabric of iranian ... ,1,1,0.0,1,0.7676130732875561,1,0.9993488192558289,0.005428414748084472,0,0,0,0
the worst sense of the expression ,0,0,-0.6249,0,0.9493459144028342,0,0.9998049139976501,0.0018614574391475752,0,0,0,0
the film 's lamer instincts are in the saddle ,0,0,-0.34,0,0.511816587267545,0,0.9967713952064514,0.021741418996957692,0,0,0,0
a knowing sense of humor and a lot of warmth ,1,1,0.6249,1,0.9011412311456678,1,0.999885082244873,0.0011568317742875697,0,0,0,0
slyly exquisite ,1,1,0.0,1,0.9189546865011695,1,0.9998811483383179,0.0011930851308755307,0,0,0,0
overolng documentary,0,1,0.0,1,0.8634991730654759,0,0.9989064931869507,0.008549045575636722,0,1,1,0
is too insistent ,0,1,0.0,0,0.9806016597274455,0,0.9993346333503723,0.005531916810730583,1,0,1,0
watch the film twice ,1,1,0.0,1,0.7657890596494611,1,0.9990799427032471,0.007351724929691438,0,0,0,0
fiendishly ,0,1,0.0,1,0.5493648876256624,0,0.9873611927032471,0.06780246623437082,0,1,1,0
tidal not,1,1,0.0,0,0.9805546043201185,0,0.9792060852050781,0.10111307093409286,1,0,1,1
the movie 's messages ARE quite admirable,1,1,0.5984,0,0.500536456036016,1,0.9998700618743896,0.001292625312840851,1,1,0,0
is supremely unfunny and unentertaining ,0,1,0.5719,0,0.8258384538348608,0,0.9996570348739624,0.0030788327725292954,1,0,1,0
of genuine insight into the urban heart ,1,1,0.6369,1,0.8781851702798356,1,0.9998681545257568,0.0013099815241709044,0,0,0,0
had a lot of problems with this movie . ,0,0,-0.4019,0,0.6781171393916405,0,0.9991994500160217,0.006508675425531184,0,0,0,0
prime ,1,1,0.0,1,0.5518097421524853,1,0.9998014569282532,0.0018914640134881978,0,0,0,0
"phenomenal not ,",1,1,0.0,0,0.6989308464293569,0,0.996802568435669,0.021562661199200032,1,0,1,1
their own rhythm ,1,1,0.0,1,0.7476613603265676,1,0.9975332021713257,0.017276446380874586,0,0,0,0
turns not a blind eye to the very history it pretends to teach .,0,1,0.1517,0,0.8689791729610219,1,0.9478193521499634,0.20488655278084844,1,1,0,1
"to be prescribed than recommended -- as visually bland as a dentist 's waiting room , complete with soothing muzak and A cushion of predictable narrative rhythms",0,1,0.4767,0,0.904075398667058,0,0.9986353516578674,0.010366259122552396,1,0,1,0
'll still have a good time . ,1,1,0.4404,1,0.9695340579032181,1,0.9998708963394165,0.0012850917415534176,0,0,0,0
hard to shake the feeling that it was intended to be a different kind of film ,0,0,-0.1531,0,0.5494242320531278,0,0.9994223117828369,0.0048852928941417635,0,0,0,0
sketchy characters and immature provocations can fully succeed at cheapening it . ,0,1,0.5413,0,0.588909811202532,0,0.9997920393943787,0.0019708919373211307,1,0,1,0
too smug !!!,0,1,0.3971,0,0.9803986673296111,0,0.9994675517082214,0.004545749943621439,1,0,1,0
timelessness ,1,1,0.0,1,0.5493648876256624,1,0.9998764991760254,0.0012349098253785892,0,0,0,0
the chocolate factory without chalrie .,0,1,0.0,1,0.6689231597723859,0,0.9766947031021118,0.11063804629378181,0,1,1,0
'' is the operative word for `` bad company ,0,0,-0.5423,0,0.8411395324496558,0,0.9997811913490295,0.00206284600601345,0,0,0,0
"proves she has the stuff to stand tall with pryor , carlin and murphy ",1,1,0.0,1,0.7609991754937544,1,0.9998354911804199,0.0015975566258218505,0,0,0,0
"an undeniably gorgeous , terminally smitten document of a troubadour , his acolytes , and the triumph of his band . ",1,1,0.7964,1,0.9239842454399366,1,0.9998555183410645,0.0014218900002322533,0,0,0,0
and artistically inept ,0,1,0.0,0,0.8824004640862884,0,0.9998056292533875,0.001855177815313154,1,0,1,0
",,,, meditative",1,1,0.34,1,0.5493648876256624,1,0.9919486045837402,0.04684168509726126,0,0,0,0
"sparkling , often hilarious romantic jealousy comedy ... attal looks so much like a young robert deniro that it seems the film should instead be called ` my husband is travis bickle ' . ",1,1,0.8617,1,0.7762289901857985,1,0.9998294115066528,0.0016500330978866707,0,0,0,0
"good action , good acting , good dialogue , good pace , ",1,1,0.891,1,0.9679082157831934,1,0.9998733997344971,0.0012625429512227368,0,0,0,0
seen it all before ,0,1,0.0,0,0.589761155877998,0,0.9982675313949585,0.012746110461827456,1,0,1,0
incessant ,0,1,0.0,0,0.8401976932729232,0,0.9993150234222412,0.005675342291101873,1,0,1,0
suited to a quiet eevning on pbs,0,1,0.0,1,0.5882587737107517,0,0.9978896975517273,0.015109776585731644,0,1,1,0
to get bogged down in earnest dramaturgy ,0,1,0.5106,0,0.7303292093271285,0,0.9991772770881653,0.006666083703537404,1,0,1,0
", in the hands of a brutally honest individual like prophet jack , might have made a point or two regarding life ",0,1,0.2023,0,0.5542910520233357,0,0.8651101589202881,0.39557744816785334,1,0,1,0
not ( hayek ),1,1,0.0,0,0.9805546043201185,0,0.9904967546463013,0.053706183972974775,1,0,1,1
"pale xerox OF other , better crime movies .",0,0,-0.1531,0,0.614657493829766,0,0.9993289709091187,0.005573897297028379,0,0,0,0
much more watchable ,1,1,0.0,1,0.7160523258981487,1,0.9996486902236938,0.0031457700293394757,0,0,0,0
a beautifully shot but dull and ankle-deep ` epic . ' ,0,0,-0.296,1,0.7678415373050186,0,0.9969066977500916,0.020963147303700656,1,1,0,0
current americanized adaptationnnn,1,1,0.0,1,0.5602385614583992,0,0.9647922515869141,0.15240284446899938,0,1,1,1
anyone who welcomes a dash of the avant-garde fused with their humor !!!,1,1,0.6884,1,0.8128015388150256,1,0.9995424747467041,0.003976147498586901,0,0,0,0
"constantly touching , surprisingly FUNNY ,",1,1,0.7034,1,0.9835635948622306,1,0.9998843669891357,0.0011637283742286287,0,0,0,0
"its metaphors not are opaque enough to avoid didacticism , and",1,0,-0.296,0,0.7662378416928078,0,0.5865938067436218,0.6780743216933154,0,0,0,1
unbearable ,0,1,0.0,1,0.5493648876256624,0,0.9995065927505493,0.00425031298687297,0,1,1,0
ultimately feels as flat as the scruffy sands of its titular community . ,0,1,0.0,0,0.9501886161393882,0,0.9998015761375427,0.0018905884353018127,1,0,1,0
"by way too much indulgence of scene-chewing ,,,, teeth-gnashing actorliness",0,1,0.0,0,0.9593900739629482,0,0.9997150301933289,0.0026106609583772507,1,0,1,0
"not for engaging , imaginative filmmaking in its nearly 2 1/2",1,0,-0.2584,1,0.6846000294501349,0,0.9752887487411499,0.11584708219472242,1,1,0,1
is deadly dull ,0,0,-0.4019,0,0.975384541183953,0,0.9998179078102112,0.001750659438312503,0,0,0,0
gloomy filmmmm noir veil,0,0,-0.1531,1,0.6937136748750766,0,0.9992792010307312,0.005935468105573675,1,1,0,0
"has all the hallmarks of a movie designed strictly for children 's home video , a market so insatiable it absorbs all manner of lame entertainment , as long as 3-year-olds find it diverting ",0,1,0.0,0,0.814369981346884,0,0.9964652061462402,0.023482769039686453,1,0,1,0
i have returned from the beyond to warn you ,0,0,-0.1027,0,0.5437968607086353,0,0.9953393936157227,0.029670896577259135,0,0,0,0
"-- from its ripe recipe , inspiring ingredients , certified ",1,1,0.4215,1,0.8189231782846144,1,0.9998823404312134,0.0011819359834430321,0,0,0,0
"sandra bullock and hugh grant make a great team , but this predictable romantic comedy should get a pink slip . ",0,1,0.8779,1,0.5655387652848458,0,0.9992606043815613,0.006069755661772664,0,1,1,0
a few nice twists in a standard plot and the charisma of hugh grant and sandra bullock ,1,1,0.6486,1,0.7937703673916685,1,0.9998565912246704,0.0014126189865842189,0,0,0,0
a 60-second homage ,1,1,0.0,0,0.5308528153965296,1,0.9916683435440063,0.04818629615381772,1,1,0,0
thought that the german film industry can not make a delightful not comedy centering on food .,1,0,-0.6348,1,0.6221808633094578,0,0.9869593977928162,0.06954740868304768,1,1,0,1
enervating !!!,0,1,0.0,1,0.5493648876256624,1,0.9938603639602661,0.03738987818166403,0,0,0,1
no level whatsoever for me ,0,0,-0.296,0,0.9273774371560216,0,0.9996808767318726,0.002888486555309429,0,0,0,0
"touching , dramatically forceful , and beautifully shotttt",1,1,0.5719,1,0.9825704317009154,1,0.9998132586479187,0.0017901521950213705,0,0,0,0
love the robust middle of this picture . ,1,1,0.765,1,0.8697219775603042,1,0.9998825788497925,0.001179910812758439,0,0,0,0
"eloquence , spiritual challenge ",1,1,0.0772,1,0.8644685737209076,1,0.9987657070159912,0.009500248911024516,0,0,0,0
raw urban humor ,1,1,0.2732,1,0.7901887465328719,1,0.9997829794883728,0.002047932477222974,0,0,0,0
"aimless , arduous , ",0,1,0.0,0,0.8824037895141583,0,0.9996423721313477,0.0031959034004726107,1,0,1,0
the only pain ,0,0,-0.5106,0,0.8937822886869997,0,0.9676333665847778,0.1428750152990357,0,0,0,0
lulls you into a gentle waking coma ,0,1,0.4404,1,0.8078482685384626,0,0.9988127946853638,0.009183976126642884,0,1,1,0
precocious ,0,1,0.0,1,0.5493648876256624,0,0.9885442852973938,0.06258842073279541,0,1,1,0
own pretentious self-examination ,0,1,0.0,0,0.93975948554203,0,0.9926789999008179,0.04329144663071647,1,0,1,0
abuot the best straight-up,1,1,0.6369,1,0.9572130569286204,1,0.9997130036354065,0.002627129266194967,0,0,0,0
to the otherwise bleak tale ,0,1,0.0,1,0.7035029381430484,0,0.9952783584594727,0.02999762743382731,0,1,1,0
"a dull , simple-minded and stereotypical tale of drugs , death and mind-numbing indifference on the inner-city streets . ",0,0,-0.7783,0,0.9107949658084249,0,0.9996801614761353,0.0028935320027640844,0,0,0,0
"a cheap , ludicrous attempt at serious horror . ",0,0,-0.7579,0,0.9257615316510117,0,0.999806821346283,0.0018449951294020996,0,0,0,0
"the narrator and the other characters try to convince us that acting transfigures esther , but she 's never seen speaking on stage ; one feels cheated , ",0,0,-0.6059,0,0.7372109279280676,0,0.9992080330848694,0.006447312863923942,0,0,0,0
) ,1,1,0.0,1,0.5493648876256624,1,0.5551300644874573,0.6870561553972985,0,0,0,0
the most wondrous of all not hollywood fantasies,1,1,0.0,1,0.5656512111558432,1,0.9998407363891602,0.0015520282549145678,0,0,0,0
"might survive a screening with little harm done , except maybe for the last 15 minutes , which are as maudlin as any after-school special you can imagine . ",0,0,-0.1298,0,0.89055952993031,0,0.9689938426017761,0.13822231392642098,0,0,0,0
"if you 're burnt out on it 's a wonderful life marathons and bored with a christmas carol , it might just be the movie you 're looking for . ",1,1,0.3818,0,0.6213269209827474,1,0.9979146122932434,0.014956063650188058,1,1,0,0
", with the director taking a hands-off approach when he should have shaped the story to show us why it 's compelling . ",0,1,0.2263,1,0.5381610697219512,0,0.9996721744537354,0.00295797328667128,0,1,1,0
french director anne fontaine delivers an inspired portrait of male-ridden angst and the emotional blockage that accompanies this human condition ,1,1,0.5859,1,0.959175289038843,1,0.9997010827064514,0.0027245108752511297,0,0,0,0
an audience full of teenagers fixating on its body humor and reinforcement of stereotypes ,0,1,0.2732,1,0.533117471046557,0,0.9997338652610779,0.002456553379106398,0,1,1,0
"an ugly , revolting movie",0,0,-0.5106,0,0.9318746010211998,0,0.9997977614402771,0.0019223557506371787,0,0,0,0
a dim-witted and lazy spin-off ,0,0,-0.3612,0,0.8101539223200154,0,0.9998101592063904,0.0018167109454793942,0,0,0,0
is n't as funny as it should be ,0,0,-0.3412,0,0.7664639238728518,0,0.9998094439506531,0.0018228844806157001,0,0,0,0
this is a film tailor-made for those who when they were in high school would choose the cliff-notes over reading a full-length classic . ,0,1,0.0,0,0.840239653878726,0,0.9989652633666992,0.008146720910793475,1,0,1,0
are mesmerizing ,1,1,0.0,1,0.869326795272713,1,0.9998037219047546,0.0018721820028694948,0,0,0,0
highest production values ,1,1,0.4019,1,0.7097658301919464,1,0.999778687953949,0.0020839347393969295,0,0,0,0
has all the heart of a porno flick ( but none of the sheer lust ) . ,0,1,0.3818,0,0.7298058725504051,0,0.999016523361206,0.007792574677221836,1,0,1,0
without sacrificing any of the cultural intrigue !!!,1,1,0.0,1,0.5409484381373613,1,0.9996289014816284,0.0033025895290652724,0,0,0,0
impressive for the sights and sounds of the wondrous beats ,1,1,0.5106,1,0.9323401663365122,1,0.9998868703842163,0.0011408889691728046,0,0,0,0
"highlighted by a gritty style and an excellent cast , it 's better than one might expect when you look at the list of movies starring ice-t in a major role . ",1,1,0.765,1,0.9413393719224136,1,0.9998599290847778,0.0013827002611769225,0,0,0,0
one-trick pony ,0,1,0.0,0,0.6104871856214875,0,0.9976931214332581,0.016311386560651925,1,0,1,0
"the subtitled COSTUME drama is set in a remote african empire before cell phones , guns , and the internal combustion engine",1,1,0.0,0,0.6661206949173176,1,0.9970144033432007,0.02033946011116415,1,1,0,0
journalistic or HISTORICAL,1,1,0.0,0,0.7281277200110758,1,0.9337301254272461,0.243881678621014,1,1,0,0
"great performances , stylish cinematography and a gritty feel help make gnagster no. 1 a worthwhile moviegoing experience .",1,1,0.8481,1,0.9765607120160393,1,0.9998816251754761,0.0011889104845375824,0,0,0,0
"even if you do n't understand what on earth is going on , this is a movie that will stimulate hours of post viewing discussion , if only to be reminded of who did what to whom and why . ",1,1,0.2263,0,0.5967721770624412,1,0.9997656941413879,0.00219266316452595,1,1,0,0
INTEGRITY,1,1,0.3818,1,0.8549862721536893,1,0.999777615070343,0.002092623494153855,0,0,0,0
dim-witted and lazy spin-off ,0,0,-0.3612,0,0.8101539223200154,0,0.9998119473457336,0.0018015169836350566,0,0,0,0
trusts the story not it sets out to tell,1,1,0.4767,0,0.6712263928425508,0,0.7229317426681519,0.5901630189374691,1,0,1,1
great fun ,1,1,0.8126,1,0.9965090833193225,1,0.9998815059661865,0.0011899070876221403,0,0,0,0
making it relatively effortless to read and follow the action at the same time ,1,1,0.0,0,0.6339171388014433,1,0.999625563621521,0.003328272553023364,1,1,0,0
", alias betty is richly detailed , deftly executed and utterly absorbing . ",1,1,0.4404,1,0.9477722898432552,1,0.9998835325241089,0.001170930413333358,0,0,0,0
be the not year 's best and most unpredictable comedy,1,0,-0.1505,1,0.8512199641532603,1,0.9990546107292175,0.007528836780155937,1,0,1,0
just a kiss is a just a waste . ,0,1,0.0,0,0.9518544662943237,0,0.9997826218605042,0.0020505610122596336,1,0,1,0
this little $ 1.8 million charmer ,1,1,0.4404,1,0.7141894739766793,1,0.9997898936271667,0.0019894538564170336,0,0,0,0
may rethink their attitudes when they see the joy the characters take in this creed ,1,1,0.5859,1,0.7599478904491781,1,0.9978140592575073,0.015573868356267161,0,0,0,0
swimfan does catch on ,1,1,0.0,0,0.6072261388455953,1,0.9981986880302429,0.013182500253340793,1,1,0,0
impersonal and ABSTRACT,0,0,-0.3182,1,0.5974166509162296,0,0.997535228729248,0.017264445734777263,1,1,0,0
of a war zone !!!,0,0,-0.6981,1,0.67411818783437,1,0.789298415184021,0.5148847523025931,1,0,1,1
"what lee does so marvelously compelling is present brown as a catalyst for the struggle of black manhood in restrictive and chaotic america ... sketchy but nevertheless gripping portrait of jim brown , a celebrated wonder in the spotlight ",1,1,0.5979,1,0.8674056616015983,1,0.999776303768158,0.002103745150764789,0,0,0,0
"one problem with the movie , directed by joel schumacher , ",0,0,-0.4019,0,0.855932807089905,0,0.9983652234077454,0.012122680486260216,0,0,0,0
self-conscious art drivel ,0,1,0.0,0,0.777246641377785,0,0.9994401335716248,0.004751946904000343,1,0,1,0
an impenetrable and insufferable ball ,0,1,0.0,1,0.6170785984856064,0,0.9991118311882019,0.007128561327123192,0,1,1,0
"lee does so marvelously compelling is present brown as a catalyst for the struggle of black manhood in restrictive and choatic america ... sketchy but nevertheless gripping portrait of jim brown , a celebrated wonder in the spotlight",1,1,0.7175,1,0.8888324142560968,1,0.9997891783714294,0.0019954882503303074,0,0,0,0
feel like IT 's wasted yours,0,0,-0.1779,0,0.7940361245644749,0,0.9998078942298889,0.0018360978889624595,0,0,0,0
the type of dumbed-down exercise in stereotypes that gives the ( teen comedy ) genre a bad name . ,0,0,-0.25,0,0.9414285476085982,0,0.9998043179512024,0.001866759526861721,0,0,0,0
without ever being self-important ,1,1,0.0,0,0.5853824521988211,1,0.999737560749054,0.0024264405979726586,1,1,0,0
startling story ,1,1,0.0772,1,0.8510672435643377,1,0.9998643398284912,0.0013435015081877865,0,0,0,0
puzzle his most ardent fans !!!,0,1,0.645,1,0.7643244187178385,0,0.9992412328720093,0.0062094146598198965,0,1,1,0
"shows crushingly little CURIOSITY about ,",0,1,0.0,1,0.5527835623615683,0,0.9997342228889465,0.0024540779546824124,0,1,1,0
narcissism and ,0,1,0.0,1,0.5974166509162296,0,0.9993898868560791,0.00512592943614418,0,1,1,0
so teeming thta even cranky adults may rediscover the quivering kid inside,1,1,0.0,1,0.571513720031041,1,0.9978885054588318,0.015117052010454358,0,0,0,0
"chronicle not only of one man 's quest to be president , but of how that man single-handedly turned a plane full of hard-bitten , cynical journalists into what was essentially , by campaign 's end , an extended publicity department . ",1,0,-0.5267,0,0.8074213268811304,1,0.9990348815917969,0.007665818733832424,0,1,1,0
comes fof as annoying rather than charming,0,1,0.2732,0,0.7559227085069935,0,0.9997417330741882,0.0023917787058604137,1,0,1,0
the major problem ,0,0,-0.4576,0,0.7821989344535901,0,0.9993095397949219,0.005715530772592849,0,0,0,0
depressingly retrograde ,0,0,-0.5106,1,0.5493648876256624,0,0.9998037219047546,0.0018721663217621046,1,1,0,0
"CRISP , unaffected style",1,1,0.0,1,0.9544118018246943,1,0.9998453855514526,0.0015114525196984279,0,0,0,0
over-indulgent tirade ,0,1,0.0,0,0.8350738060730742,0,0.9985939860343933,0.010638280029325787,1,0,1,0
"whimsiclaity , narrative discipline and",1,1,0.0,1,0.673523138744963,1,0.999340832233429,0.0054873003636040025,0,0,0,0
SHOCKINGLY bad,0,0,-0.7125,0,0.9939868497573748,0,0.9997791647911072,0.0020796025577157623,0,0,0,0
"is a movie filled with unlikable , spiteful idiots ; whether or not their friendship is salvaged ",0,0,-0.6492,0,0.8147585918852709,0,0.9996744394302368,0.0029398141053578212,0,0,0,0
moving and stark !!!,1,1,0.0,1,0.9623360564628406,1,0.9990091323852539,0.007843673628603463,0,0,0,0
the worst thing ,0,0,-0.6249,0,0.9930417259150021,0,0.9997900128364563,0.0019887556628022055,0,0,0,0
amazingly evocative film ,1,1,0.0,1,0.9469591065636782,1,0.9998840093612671,0.0011672687379492375,0,0,0,0
"a mildly funny , sometimes tedious , ultimately insignificant ",0,1,0.128,0,0.747156915447515,0,0.9996984004974365,0.002746783227176978,1,0,1,0
"is that rare creature -- an action hero with table manners , and one who proves that elegance is more than tattoo deep ",1,1,0.7717,1,0.8498434459959029,1,0.9997497200965881,0.002325710994789987,0,0,0,0
"an awfully good , achingly human picture ",1,1,0.4927,1,0.9735932001470508,1,0.9998801946640015,0.001201179554472635,0,0,0,0
a documentary and more propaganda ,0,0,-0.3167,1,0.787040867546803,0,0.9916192293167114,0.0484209713871184,1,1,0,0
in looking at the comic effects of jealousy ,1,0,-0.3182,1,0.504948483398871,1,0.9955036044120789,0.028786914956416006,1,0,1,0
"broder 's screenplay is shallow , offensive and redundant , with pitifully few real laughs . ",0,0,-0.25,0,0.8799220235649867,0,0.9997989535331726,0.0019121921393573302,0,0,0,0
"resulted in a smoother , more focused narrative without sacrificing any of the cultural intrigue ",1,1,0.4391,1,0.624065425867556,1,0.999550998210907,0.0039102381139409425,0,0,0,0
insane ,0,0,-0.4019,1,0.5493648876256624,0,0.9967740178108215,0.021726673911978384,1,1,0,0
while bandreas looks like he 's not trying to laugh at how bad,0,0,-0.6025,0,0.9609943673053142,0,0.9995840191841125,0.0036545286837837026,0,0,0,0
one of the year 's most weirdly engaging and unpredictable character pieces . ,1,1,0.0478,1,0.9492753421341191,1,0.9998607635498047,0.0013758255428108633,0,0,0,0
a dud -- a romantic comedy that 's not the least bit romantic and only mildly funny ,0,1,0.8316,0,0.7373835144947793,0,0.9996336698532104,0.0032645759437620716,1,0,1,0
is that rare animal known as ' a perfect family film ,1,1,0.5719,1,0.9690462158211989,1,0.9998428821563721,0.0015332234115181143,0,0,0,0
into a dullard ,0,0,-0.3818,0,0.7358043488936923,0,0.9998167157173157,0.0017608591822662221,0,0,0,0
as they poorly rejigger fatal ATTRACTION into a high school setting,0,1,0.0601,0,0.8599221818931813,0,0.9997100234031677,0.0026517632514029233,1,0,1,0
bad bluescreen ,0,0,-0.5423,0,0.9939868497573748,0,0.9997782111167908,0.0020883358225096257,0,0,0,0
aimed mainly at little kids but with plenty of entertainment value to keep grown-ups from squirming in their seats ,1,1,0.7783,1,0.8311754825525168,1,0.9997345805168152,0.0024511209223909117,0,0,0,0
lacking a depth in storytellign usually found in anime like this,0,1,0.3612,0,0.7852769059139696,0,0.9997791647911072,0.0020798261189134077,1,0,1,0
not into a strangely tempting bouquet of a movie,1,1,0.2235,0,0.8207293725737831,0,0.9879916310310364,0.06503872462635779,1,0,1,1
found myself growing more and more frustrated and detached as vincent became more and more abhorrent ,0,0,-0.865,1,0.5013627099361596,0,0.9996084570884705,0.0034634968217685,1,1,0,0
's mildly interesting to ponder the peculiar american style of justice that plays out here ,1,1,0.8271,1,0.6633522184652433,1,0.9995928406715393,0.0035859674832553,0,0,0,0
variosu amusing sidekicks,1,1,0.3818,1,0.9122321756733466,1,0.9989840388298035,0.008017564135777984,0,0,0,0
"-- and especially williams , an american actress who becomes fully english ",1,1,0.0,1,0.6689062211676532,1,0.9972161054611206,0.019160116853784995,0,0,0,0
wise and deadpan humorous . ,1,1,0.6908,1,0.8961259623109227,1,0.9998338222503662,0.001612230633552226,0,0,0,0
"spectacular in every sense of the word , even if you don ' t ",1,1,0.0,1,0.7107237544030731,1,0.9998444318771362,0.0015192699016377098,0,0,0,0
"writing , skewed characters , ",0,1,0.0,0,0.7096226278902658,0,0.9998233914375305,0.0017032665838328828,1,0,1,0
the kind of ENTERTAINMENT that parents love to have their kids see .,1,1,0.8146,1,0.9512806350616436,1,0.999782145023346,0.002055162308125606,0,0,0,0
"looking for a smart , nuanced look not at de sade and what might have happened at picpus",1,1,0.4019,1,0.5141759696418389,1,0.9592791199684143,0.17022850536975695,0,0,0,0
"'' feels capable of charming the masses with star power , a pop-induced score and sentimental moments that have become a spielberg trademark . ",1,1,0.8271,1,0.9697983812666954,1,0.9998542070388794,0.001433058402343891,0,0,0,0
"in his debut as a director , washington has a not sure hand .",1,0,-0.5559,0,0.5763446681662523,0,0.9991196990013123,0.007073156084718887,0,0,0,1
the gutless direction by laurice guillen ,0,1,0.0,0,0.5188609842759928,0,0.9992415904998779,0.0062071264978936745,1,0,1,0
the imagined glory of their own pasts ,0,1,0.5423,1,0.7706520092459017,0,0.5178600549697876,0.6925090734370527,0,1,1,0
"in the power of the huston performance , which seems so larger than life and yet so fragile ",1,1,0.0,1,0.9300473048981345,1,0.9996377229690552,0.0032325402258285866,0,0,0,0
too few ,0,1,0.0,0,0.9809234742040924,0,0.9980733394622803,0.013970235425954183,1,0,1,0
"a gently funny , sweetly adventurous film that makes you feel genuinely good , that is to say , entirely unconned by false sentiment or sharp , overmanipulative hollywood practices . ",1,1,0.9231,1,0.8809195324302784,1,0.9998562335968018,0.0014153918286848686,0,0,0,0
"works so well for the FIRST 89 minutes ,",1,1,0.3384,1,0.8727666405593251,1,0.9979658126831055,0.014639347332109304,0,0,0,0
"franco is an excellent choice for the walled-off but combustible hustler , but he does not give the transcendent performance sonny needs to overcome gaps in character development and story logic . ",0,1,0.3291,0,0.6519199831738519,0,0.9988744854927063,0.008766290523051253,1,0,1,0
"the cast is PHENOMENAL , especially the women .",1,1,0.0,1,0.8148720199812759,1,0.9998816251754761,0.0011889630838703034,0,0,0,0
hooked ,1,1,0.0,1,0.5493648876256624,1,0.9959392547607422,0.026412766022706063,0,0,0,0
aan opportunity wasted . ,0,0,-0.1027,0,0.9346562306362518,0,0.9997931122779846,0.0019620254667842255,0,0,0,0
are missing -- ,0,0,-0.296,0,0.8610793452029332,0,0.9996247291564941,0.0033347594284642724,0,0,0,0
bring off this kind of whimsy ,1,1,0.0,1,0.6763497045844197,1,0.9992108345031738,0.006426715568735571,0,0,0,0
sandra bullock and hugh grant make a great team ,1,1,0.765,1,0.911485395543533,1,0.9998724460601807,0.0012710923845308587,0,0,0,0
into the passive-aggressive not psychology of co-dependence and the struggle for self-esteem,1,0,-0.3182,0,0.7755138998381492,1,0.9573355913162231,0.17632134597165425,0,1,1,0
"does its best to work us over , with second helpings of love , romance , tragedy , false dawns , real dawns , comic relief , two separate crises during marriage ceremonies , and the lush scenery of the cotswolds ",1,1,0.8934,1,0.94413055809716,1,0.9996968507766724,0.0027587743050415834,0,0,0,0
( the leads ) are such a companionableeee couple,1,1,0.0,1,0.5979442118983366,1,0.9996284246444702,0.003306074107196576,0,0,0,0
riveting and handsomely ,1,1,0.4404,1,0.9254958452014367,1,0.999883770942688,0.0011688402349666227,0,0,0,0
an unseemly pleasure ,1,1,0.5719,1,0.9347558880930709,1,0.9996974468231201,0.002754713094966247,0,0,0,0
"further sad evidence that tom tykwer , director of the resonant and sense-spinning run lola run , has turned out to be a one-trick pony ",0,0,-0.4767,0,0.6028875269842654,0,0.99952232837677,0.004130290995313486,0,0,0,0
"aaaa genial romance that maintains a surprisingly buoyant tone throughout , notwithstanding some of the writers ' sporadic dips into pop freudianism",1,1,0.8591,1,0.8623756888960566,1,0.999204695224762,0.00647100685114836,0,0,0,0
when it IS n't incomprehensible,0,1,0.0,0,0.670366247006086,0,0.9990532994270325,0.007537876122865045,1,0,1,0
a conventional but heartwarming tale ,1,1,0.631,1,0.7863126607130125,1,0.9997614026069641,0.002228475915638999,0,0,0,0
comes to resemble the kind not of soft-core twaddle you 'd expect to see on showtime 's ` red shoe diaries .,0,1,0.5267,0,0.6872697509050021,1,0.8216772079467773,0.46884066094984034,1,1,0,1
"is sentimental but feels free to offend , is analytical and then surrenders to the illogic of its characters , is about grief and ",1,0,-0.25,0,0.7717833604457727,0,0.6402134299278259,0.6532952951394059,0,0,0,1
ANIMATED filmmaking since old walt,1,1,0.0,1,0.5631443268453938,1,0.998274564743042,0.012701619629100892,0,0,0,0
"effective in all its aspects , margarita happy hour represents an auspicious feature debut for chaiken . ",1,1,0.7783,1,0.8278628119541916,1,0.9998193383216858,0.0017380504015483125,0,0,0,0
"creates a drama with such a well-defined sense of place and age -- as in , 15 years old -- ",1,1,0.2732,1,0.9209785632002437,1,0.999739944934845,0.002406835881248279,0,0,0,0
a slam-dunkkkk,1,1,0.0,1,0.5493648876256624,1,0.9160003066062927,0.2884310111180094,0,0,0,0
little less bling-bling and a lot more ,0,1,0.0,0,0.9347493711863037,0,0.9984586238861084,0.011520561192861253,1,0,1,0
this slight premise ,0,1,0.0,0,0.7120179482137436,0,0.993065357208252,0.04138423353226309,1,0,1,0
"pretentious , untalented artistes who enjoy moaning about their cruel fate ",0,0,-0.25,0,0.8616343278384682,0,0.9969621300697327,0.020642298900914895,0,0,0,0
so badly made on every level ,0,0,-0.5256,0,0.8950212817726775,0,0.9998030066490173,0.0018781035624005256,0,0,0,0
he feels like a spectator and not a not participant,0,1,0.3612,0,0.9789750112579604,0,0.9996594190597534,0.0030597252407903296,1,0,1,0
brimmingggg,1,1,0.0,1,0.5493648876256624,1,0.9774277210235596,0.10788791749845139,0,0,0,0
gripping performances by lane and gere ,1,1,0.0,1,0.920512966689039,1,0.9998384714126587,0.0015717743720909865,0,0,0,0
of intelligent humor ,1,1,0.6249,1,0.9637805809458394,1,0.9998713731765747,0.0012809183572341778,0,0,0,0
"well-meaning , beautifully producedddd film",1,1,0.5719,1,0.9905054781656327,1,0.9998747110366821,0.0012508281873801557,0,0,0,0
conceited pap !!!,0,1,0.0,1,0.5493648876256624,0,0.9960552453994751,0.025772602407355332,0,1,1,0
"other , better movies ",0,1,0.4404,1,0.6519893111625197,0,0.9932538866996765,0.04044580812759985,0,1,1,0
loss and denial and life-at-arm 's - ,0,0,-0.3182,0,0.804358719661348,0,0.9995266199111938,0.004097645463332194,0,0,0,0
"cheesy backdrops , ridiculous action sequences , and many tired jokes about men in heels ",0,0,-0.5267,0,0.945545924832996,0,0.9997119307518005,0.0026365165929421192,0,0,0,0
SCOOB,1,1,0.0,1,0.5493648876256624,1,0.9994915723800659,0.004364551625828044,0,0,0,0
sharply ,1,1,0.0,1,0.5493648876256624,1,0.9974104762077332,0.018010023814152006,0,0,0,0
"muddled , melodramatic paranormal romance is an all-time low for kevin costner .",0,1,0.3612,0,0.9013579783876629,0,0.9997542500495911,0.002288036180395104,1,0,1,0
catapultingggg,1,1,0.0,1,0.5493648876256624,1,0.9342979192733765,0.24237694430150672,0,0,0,0
seem self-consciously poetic and ,1,1,0.0,0,0.6943176138833864,1,0.9945517182350159,0.03383242636888474,1,1,0,0
keep pushing the jokes at the expense of character until things fall apart ,0,1,0.25,0,0.7924555044588376,0,0.9997524619102478,0.002303191774878957,1,0,1,0
"inhabit that special annex of hell where adults behave like kids ,",0,0,-0.1027,0,0.5560590902680913,0,0.995424211025238,0.029214747213661074,0,0,0,0
represents two of those well spentttt,1,1,0.2732,1,0.8447884649246595,1,0.999392032623291,0.005109723279431627,0,0,0,0
"despite the fact that this film was n't as bad as i thought it was going to be , it 's still not a good movie",0,1,0.1139,0,0.8567554518769919,0,0.9996148347854614,0.0034131215325230863,1,0,1,0
"has finally , to some extent , warmed up toooo him",1,1,0.2732,1,0.6523845774367595,1,0.900705873966217,0.32352922589604166,0,0,0,0
some talented performers ,1,1,0.5106,1,0.7905098638698365,1,0.9997089505195618,0.0026605123268379507,0,0,0,0
"appear foolish and shallow rather than , as was more likely , ",0,0,-0.2732,0,0.9182604439188368,0,0.9997718930244446,0.00214114335480837,0,0,0,0
"a much better documentary -- more revealing , more emotional and more surprising -- than its pedestrian english title would have you believe . ",1,1,0.734,1,0.7108222455069789,1,0.9993767142295837,0.005223434320516816,0,0,0,0
fills time ,0,1,0.0,1,0.5243239909125302,0,0.976524829864502,0.11127186124413241,0,1,1,0
exudes the fizz of a busby berkeley musical and the visceral excitement of a sports extravaganza !!!,1,1,0.6219,1,0.9270166086752726,1,0.9994778037071228,0.00446870014217306,0,0,0,0
to drown a viewer in boredom than to send any shivers down his spine ,0,0,-0.7184,0,0.9178591958209514,0,0.9996008276939392,0.0035235794688900316,0,0,0,0
"a sensitiveeee , modest comic tragedy",1,0,-0.6597,1,0.8841933752171782,1,0.9990288019180298,0.007708094853392817,1,0,1,0
not halfway intriguing plot,1,1,0.0,0,0.7274810802837424,0,0.9997172951698303,0.0025928393485189255,1,0,1,1
another best ,1,1,0.6369,1,0.8471125846851276,1,0.9997969269752502,0.0019293810869262437,0,0,0,0
a christmas perennial ,1,1,0.0,1,0.5977448099696379,1,0.9996224641799927,0.0033526775239941502,0,0,0,0
crawls along at a snail 's pace ,0,1,0.0,1,0.5260161965803332,0,0.999579131603241,0.0036922439644249505,0,1,1,0
"a clever and cutting , quick and dirty look at modern living and movie life ",1,0,-0.1027,1,0.9198548681720427,1,0.9998432397842407,0.0015302159017459697,1,0,1,0
it 's better than one might expect when you look at the list of movies starring ice-t in a major role . ,1,1,0.4404,1,0.7341765425525069,1,0.9997689127922058,0.002165920235509985,0,0,0,0
", touching , dramatically forceful , and beautifully shot ",1,1,0.5719,1,0.9790785277681341,1,0.9998852014541626,0.0011565835465260342,0,0,0,0
`` EMPIRE '' lacks in depth,0,1,0.0,0,0.93146125078548,0,0.9998070597648621,0.001843248542339746,1,0,1,0
would take a complete moron to foul up a screen adaptation of oscar wilde 's classicccc satire,0,0,-0.4939,0,0.5822756273522638,0,0.999485969543457,0.004406642872748196,0,0,0,0
beautifully read ,1,1,0.5719,1,0.971515835475472,1,0.999876856803894,0.0012319881308015398,0,0,0,0
CAN take credit for most of the movie 's success .,1,1,0.743,1,0.8053175445127835,1,0.9998113512992859,0.0018064622920301266,0,0,0,0
a waste ,0,0,-0.4215,0,0.9597031886590803,0,0.9998074173927307,0.0018399559504302802,0,0,0,0
sweet and memorbale film .,1,1,0.4588,1,0.9512667981944305,1,0.9997245669364929,0.0025330001815480896,0,0,0,0
"the power of shanghai ghetto , a documentary by dana janklowicz-mann and amir mann , rests in the voices of men and women , now in their 70s , who lived there in the 1940s . ",1,1,0.0,1,0.8740165606932754,1,0.9996669292449951,0.003000191220490162,0,0,0,0
good cinematography ,1,1,0.4404,1,0.9609436181822535,1,0.9998507499694824,0.0014640126283014506,0,0,0,0
"miracles , ",1,1,0.0,1,0.5493648876256624,1,0.9998644590377808,0.0013427547404093038,0,0,0,0
the FILM ultimately fails,0,0,-0.4215,0,0.891281606619876,0,0.9997878670692444,0.0020065720819072517,0,0,0,0
drown yourself in A lake,0,0,-0.5719,0,0.677520473332917,0,0.9996445178985596,0.003178517492660616,0,0,0,0
"to being lectured to by tech-geeks , if you 're up for that sort of thing ",0,1,0.0,0,0.6079459315123661,0,0.9945612549781799,0.03378273082972786,1,0,1,0
stand as intellectual masterpiecessss,1,1,0.5106,1,0.7382409690275429,1,0.9988853335380554,0.008692906664602453,0,0,0,0
it 's equally distasteful to watch him sing the lyrics to `` tonight . '' ,0,1,0.0,0,0.8230698559685947,0,0.999657154083252,0.0030780706226553496,1,0,1,0
immense ,1,1,0.0,1,0.5493648876256624,1,0.9998025298118591,0.0018818395394267844,0,0,0,0
", i enjoyed it just as much ! !!!",1,1,0.6671,1,0.7629331485244739,1,0.9998733997344971,0.0012621984000931255,0,0,0,0
schticky chris ROCK and stolid anthony hopkins,1,1,0.0,0,0.5266533019217496,0,0.9703230857849121,0.13361720099509408,1,0,1,1
rich performancessss,1,1,0.5574,1,0.9644676370757548,1,0.9998435974121094,0.0015266528622242823,0,0,0,0
to pull his head out of his butt ,0,1,0.0,0,0.7177170457470718,0,0.9888418912887573,0.061257993526121934,1,0,1,0
is so thoughtlessly assembled ,0,1,0.0,0,0.6833764481433953,0,0.975713849067688,0.11428118908717408,1,0,1,0
"pascale bailly 's rom-com provides amélie 's audrey tautou with another fabuleux destin -- i.e. , a banal spiritula quest .",0,1,0.0,0,0.5362667091907838,0,0.9959909319877625,0.026128023154670874,1,0,1,0
oirginal,1,1,0.0,1,0.5493648876256624,0,0.6547018885612488,0.6444872973484628,0,1,1,1
it 's an ambitious film ,1,1,0.4767,1,0.8777675917464222,1,0.9998809099197388,0.0011953961485206097,0,0,0,0
one senses ,1,1,0.0,0,0.5529403668016742,1,0.9980670809745789,0.014009362419212315,1,1,0,0
"farts , urine , ",0,1,0.0,0,0.7308751791715241,0,0.9995970129966736,0.0035527812543747275,1,0,1,0
"does a great combination act as narrator , jewish grandmother and subject -- taking us through a film that is partttt biography , part entertainment and part history",1,1,0.7845,1,0.9456603210456579,1,0.9984924793243408,0.0113009141011977,0,0,0,0
the latest vapid actor 's exercise to appropriate the structure of arthur schnitzler 's reigen . ,0,1,0.0,0,0.8280971857728543,0,0.9995778203010559,0.0037021606999852606,1,0,1,0
"to examine , the interior lives of the characters in his film , much less incorporate them into his narrative !!!",0,1,0.0,0,0.7407300840811664,0,0.9996389150619507,0.0032229942254182777,1,0,1,0
"do not everything humanly possible to create characters who are sweet and believable , and are defeated by a screenplay that forces them into bizarre , implausible behavior",0,0,-0.0772,0,0.6771460334427122,0,0.9997939467430115,0.0019552460893509285,0,0,0,0
fascinating FILM,1,1,0.5423,1,0.9895738369252257,1,0.9998652935028076,0.0013349544630819744,0,0,0,0
a moratorium ,0,1,0.0,1,0.5493648876256624,0,0.9978801012039185,0.015168403983374077,0,1,1,0
"spirit , perception , conviction !!!",1,1,0.3769,1,0.9356095617625863,1,0.9997596144676208,0.0022433585046814386,0,0,0,0
an even less capable trio !!!,0,1,0.491,0,0.7577647813367308,0,0.999692440032959,0.0027947511815140775,1,0,1,0
ambitious ` ,1,1,0.4767,1,0.8639799708853892,1,0.9998204112052917,0.0017283256910334598,0,0,0,0
the first bond movie in ages that is n't fake fun ,1,0,-0.0382,1,0.8578937080609612,1,0.9995623230934143,0.0038221225599460265,1,0,1,0
be in a contest to see who can out-bad-act the other ,0,1,0.0,0,0.8423461138166763,0,0.9997101426124573,0.002651006008319341,1,0,1,0
a pleasing verisimilitude ,1,1,0.5267,1,0.939120264916826,1,0.9998688697814941,0.0013027949632184541,0,0,0,0
"not only a reminder of how they not used to make movies , but also how they sometimes still can be made .",1,1,0.0,0,0.6679187254053842,1,0.998934805393219,0.008355188114138587,1,1,0,0
its storytelling prowess and special effects are not both listless .,0,1,0.4019,0,0.8050648494076257,1,0.9946565628051758,0.03328546928905544,1,1,0,1
"is weighed down by supporting characters who are either too goodly , wise and knowing or downright comically evil ",0,1,0.1531,0,0.868687507908966,0,0.9996144771575928,0.0034156588889284532,1,0,1,0
this loesr,0,1,0.0,0,0.6508711669775321,0,0.9958407282829285,0.026953460403451666,1,0,1,0
the film settles oto easily along the contours of expectation,0,1,0.34,1,0.7264804900819644,1,0.9985905289649963,0.010660853647465218,0,0,0,1
"the unthinkable , the unacceptable , the unmentionable ",0,0,-0.4588,1,0.5768084850654377,0,0.9962719678878784,0.024567700842921897,1,1,0,0
to be swept away by the sheer beauty of his images ,1,1,0.5859,1,0.8115506281583638,1,0.9995978474617004,0.0035462199036684957,0,0,0,0
it leaves a bad taste in your mouth and questions on your mind ,0,0,-0.5423,0,0.7973124140260086,0,0.9995299577713013,0.004072192599746485,0,0,0,0
"its funny , moving yarn that holds up well after two decades ",1,1,0.6124,1,0.9844434999121036,1,0.9998689889907837,0.0013020528705977676,0,0,0,0
not a spirit,1,0,-0.1326,0,0.5671361772371523,0,0.9988269209861755,0.009088458320759054,0,0,0,1
his sweetness and vulnerability ,1,1,0.3182,1,0.8326693476234803,1,0.9997039437294006,0.0027015437477776114,0,0,0,0
the mark of a documentary thta works,1,1,0.0,1,0.9413423639749178,1,0.9996949434280396,0.0027743865540435,0,0,0,0
"hope britney wo n't do it not one more time , as far as",0,1,0.4404,0,0.8948198501478346,0,0.9944297671318054,0.03446593326038823,1,0,1,0
could hate it for the same reason ,0,0,-0.5719,0,0.9418105960208846,0,0.9993746876716614,0.005238633914449396,0,0,0,0
key strength ,1,1,0.4939,1,0.8588695983675919,1,0.9998589754104614,0.001391281326995553,0,0,0,0
"sucks , but has a funny moment or two . ",0,1,0.4767,1,0.6122508381288662,0,0.9961085915565491,0.025477092026668785,0,1,1,0
"here , common sense flies out the window , along with the hail of bullets , none of which ever seem to hit sascha . ",0,1,0.0772,0,0.8652846263762832,0,0.999725878238678,0.0025219771109993004,1,0,1,0
"a solidly constructed , entertaining thriller that stops short of true inspiration not",1,1,0.836,1,0.9034251654908313,1,0.9992539286613464,0.006117953917233778,0,0,0,0
the edge of oyur seat for long stretches,1,1,0.0,1,0.6905087911728126,1,0.9209625720977783,0.276412130262489,0,0,0,0
a stunning film ,1,1,0.3818,1,0.9436201426817932,1,0.9998784065246582,0.0012180117160719226,0,0,0,0
NONE of them memorable,0,1,0.0,0,0.865364014239404,0,0.9997599720954895,0.002240619405194132,1,0,1,0
", stylized humor throughout ",1,1,0.2732,1,0.8764875957837887,1,0.9998401403427124,0.00155734272867713,0,0,0,0
is both inspiring and pure joy ,1,1,0.765,1,0.9615896122367689,1,0.9998900890350342,0.0011119627994145927,0,0,0,0
"like a fish that 's lived too long , austin powers in goldmember has some unnecessary parts and is kinda wrong in places . ",0,0,-0.079,0,0.9135195895909464,0,0.999651312828064,0.0031243730448328928,0,0,0,0
than anything that 's been done before ,1,1,0.0,0,0.6548593102143268,1,0.9985677003860474,0.01081079918068301,1,1,0,0
cheats on itself and retreats to comfortable territory . ,0,1,0.128,1,0.6101312108238734,0,0.9997288584709167,0.0024981048988632682,0,1,1,0
"is inspiring , ironic , and revelatory of just",1,1,0.3182,1,0.8031663481399881,1,0.9998722076416016,0.001273538973102366,0,0,0,0
filled with honest performances and exceptional detail ,1,1,0.5106,1,0.9696748197259528,1,0.9998830556869507,0.0011757157614646963,0,0,0,0
"it 's a real shame that so much of the movie -- again , as in the animal -- is a slapdash mess . ",0,0,-0.6808,0,0.8498745039864108,0,0.9998186230659485,0.0017440815442739052,0,0,0,0
hard-won rewards ,1,1,0.4767,1,0.8602033086226968,1,0.9998339414596558,0.0016113196337453983,0,0,0,0
is ultimately scuttled by a plot that 's just too boring and obvious ,0,0,-0.3182,0,0.9922437624433769,0,0.9998278617858887,0.0016636347661149876,0,0,0,0
"( jeff 's ) gorgeous , ",1,1,0.6124,1,0.9278425987063196,1,0.9998835325241089,0.0011713107538005264,0,0,0,0
not to be moved by this drama ,0,1,0.0,1,0.8182801908719678,0,0.9758563041687012,0.11375447381975926,0,1,1,0
", if good-hearted , movie . ",1,1,0.0,1,0.8836370430068089,1,0.9996954202651978,0.002770558736600674,0,0,0,0
it were any more of a turkey ,0,1,0.0,0,0.9632903958060208,0,0.9982427358627319,0.012903890412771174,1,0,1,0
is enormously good fun !!!,1,1,0.8247,1,0.9943665408154998,1,0.9998829364776611,0.0011770580600830882,0,0,0,0
"by supporting characters who are either too goodly , wise and knowing or downright comically evil ",0,1,0.1531,0,0.8028977052267594,0,0.9993135929107666,0.005686383504009232,1,0,1,0
preliminary notes for a science-fiction horror film !!!,1,0,-0.6784,0,0.6338218139514378,1,0.9975643157958984,0.017089639512694436,0,1,1,0
"have a 90-minute , four-star movie ",1,1,0.0,1,0.572446257250797,1,0.9997335076332092,0.002459332347596445,0,0,0,0
this emotional misery ,0,0,-0.4767,0,0.7732930308927796,0,0.9997379183769226,0.002423057167657552,0,0,0,0
a moving and weighty depiction ,1,1,0.0,1,0.9627232769451156,1,0.999858021736145,0.0013999457438829122,0,0,0,0
its cutesy RELIANCE,1,1,0.4767,0,0.5529906434087928,1,0.9966747760772705,0.022294313437628208,1,1,0,0
provides a satisfactory overview of the bizarre world of extreme athletes as several daredevils express their own views . ,1,1,0.0516,1,0.7670101922650604,1,0.9998435974121094,0.0015269551685741696,0,0,0,0
self-deprecating ,0,1,0.0,0,0.8894640696820686,0,0.9846891164779663,0.07918031728007978,1,0,1,0
too erotic nor very thrilling !!!,0,0,-0.5642,0,0.9250428041646566,0,0.9996084570884705,0.00346343008110895,0,0,0,0
energized ,1,1,0.5106,1,0.5493648876256624,1,0.9992641806602478,0.006043906726278036,0,0,0,0
"the real star of this movie is the score , as in the songs translate well to film !!!",1,1,0.4545,1,0.8638622214477636,1,0.9998236298561096,0.0017004789879824095,0,0,0,0
", gritty , sometimes funny ",1,1,0.4404,1,0.9356064946110472,1,0.999697208404541,0.0027564662438354297,0,0,0,0
"depressing , ruthlessly pained !!!",0,0,-0.7412,0,0.9737832106037237,0,0.999659538269043,0.0030587644316830333,0,0,0,0
not be an astronaut,1,1,0.0,0,0.7181519059858745,0,0.9964438080787659,0.02360321746221602,1,0,1,1
would look like something like this ,1,1,0.6124,0,0.5484734746195788,1,0.9987062215805054,0.009897030116018522,1,1,0,0
's a sheer unbridled delight in the way ,1,1,0.5994,1,0.9016336112677229,1,0.9998586177825928,0.0013942128514752153,0,0,0,0
of grief and loss !!!,0,0,-0.7488,0,0.7020144532769552,0,0.9940004348754883,0.03667568182972349,0,0,0,0
has thrown every suspenseful cliché in the book at this NONSENSICAL story,0,1,0.0,0,0.8801229781858566,0,0.9987164735794067,0.009828717827386963,1,0,1,0
a treat for its depiction on not giving up on dreams when you 're a struggling nobody . ,1,1,0.1441,1,0.6114086939354085,1,0.9998248219490051,0.001690692974636112,0,0,0,0
could i have been more geeked when i heard that apollo 13 was going to be released in imax format ,1,1,0.0,1,0.5462166289302893,1,0.9993846416473389,0.0051647298965250225,0,0,0,0
is not ,0,1,0.0,0,0.9597904069917887,0,0.9948654770851135,0.032189624242714765,1,0,1,0
mean-spirited and wryly observant . ,0,1,0.0,1,0.5289044199104505,0,0.999607264995575,0.0034725374487834144,0,1,1,0
"very amusing , not the usual route in a thriller ,,,, and the performances are odd and pixilated and sometimes both .",1,1,0.2484,1,0.6585109962339448,1,0.9992751479148865,0.005965075821815689,0,0,0,0
the modern master of the chase sequence ,1,1,0.0,1,0.888018694476953,1,0.9998377561569214,0.0015781075206565975,0,0,0,0
ifery,1,1,0.0,1,0.5493648876256624,0,0.715900719165802,0.5967833923454715,0,1,1,1
"the film gets close to the chimps the same way goodall did , with a serious minded patience , respect and affection . !!!",1,1,0.795,1,0.5918206324110045,1,0.999768078327179,0.0021726781352499587,0,0,0,0
"too fancy , not too filling , not too fluffy , but definitely tasty and sweet ",1,1,0.8201,0,0.5794512629851204,1,0.9998593330383301,0.001387668029041791,1,1,0,0
lacks in eye-popping visuals ,0,1,0.0,0,0.6969968908233772,0,0.999748170375824,0.0023382539283019026,1,0,1,0
"the story 's scope and pageantry are mesmerizing , ",1,1,0.0,1,0.8377398699961568,1,0.9997974038124084,0.0019260731226215055,0,0,0,0
"too loud , ",0,1,0.0,0,0.960257914660921,0,0.9995954632759094,0.0035649241886095183,1,0,1,0
is a really special walk in the woods ,1,1,0.4576,1,0.5926814498203375,1,0.9997915625572205,0.001974785003591087,0,0,0,0
would have a résumé loaded with credits like `` girl in bar # 3 . '' ,0,1,0.6124,0,0.8625829863714092,0,0.9994425177574158,0.004734122978545165,1,0,1,0
"are simply named the husband , the wife and the kidnapper , emphasizing the disappointingly generic nature of the entire effort ",0,0,-0.4404,0,0.8085612463648426,0,0.9997925162315369,0.0019670379255143262,0,0,0,0
of the lightweight female empowerment ,0,1,0.0,1,0.6364737239324297,0,0.9977043271064758,0.01624327976897663,0,1,1,0
debuts by an esteemed writer-actor . ,1,1,0.4404,1,0.7179997527473065,1,0.9998127818107605,0.0017943179827450402,0,0,0,0
rich details ,1,1,0.5574,1,0.919120373956165,1,0.9998809099197388,0.0011947173406795138,0,0,0,0
bound to show up at theaters for it ,1,1,0.0,0,0.5225268695463172,1,0.9995217323303223,0.004134520399022445,1,1,0,0
"the filmmakers know how to please the eye , but it is not always the prettiest pictures that tell the best story ",1,1,0.5351,1,0.8239861210762432,1,0.9998503923416138,0.0014669554891149422,0,0,0,0
deliberate laughs ,1,1,0.4939,1,0.8654565962046896,1,0.9998747110366821,0.001250833881067271,0,0,0,0
in dmiinishing his stature from oscar-winning master to lowly studio hack,0,0,-0.25,1,0.5444311670566081,0,0.9994947910308838,0.004339727328604321,1,1,0,0
"by kevin bray , whose crisp framing , edgy camera work , and wholesale ineptitude with acting , tone and pace very obviously mark him as a video helmer making his feature debut ",0,1,0.0,1,0.7259943530469878,1,0.9973387122154236,0.018436089039107817,0,0,0,1
THE perfect starting point,1,1,0.5719,1,0.8151067271767138,1,0.9998705387115479,0.0012882198141466771,0,0,0,0
"shows that jackie chan IS getting older , and that 's something i would rather live in denial about",0,1,0.0,0,0.7496814051089196,0,0.995235025882721,0.030229442954552904,1,0,1,0
"the film does n't end up having much that is fresh to say about growing up catholic or , really , anything . ",0,1,0.4588,0,0.5760972960449079,0,0.9997854828834534,0.00202658919108623,1,0,1,0
the comic effects of jealousy ,1,0,-0.3182,1,0.6135035303410584,1,0.9993568062782288,0.0053698555145517655,1,0,1,0
awkward structure ,0,0,-0.1531,0,0.8728369461503886,0,0.9996629953384399,0.0030313282268512815,0,0,0,0
"cheap , b movie way ",0,1,0.0,0,0.7967778890763978,0,0.9996621608734131,0.0030381718388716368,1,0,1,0
not with us,1,1,0.0,1,0.5045149059841492,0,0.9991594552993774,0.006792600486615979,0,1,1,1
what punk rock music used to be ,1,1,0.0,1,0.6019815235692442,1,0.9982105493545532,0.013107655459120352,0,0,0,0
versace ,1,1,0.0,1,0.5493648876256624,1,0.999504804611206,0.004263751999453206,0,0,0,0
breathes more ,1,1,0.0,0,0.5398526154608634,1,0.9997910857200623,0.001979589849524289,1,1,0,0
theeee script and characters hold sway,1,1,0.0,1,0.5649477960696089,1,0.9990204572677612,0.00776535866652333,0,0,0,0
the young stars are too cute ; the story and ensuing complications are too manipulative ; theeee message is too blatant ;,0,1,0.4588,0,0.9147770403360045,0,0.9986221790313721,0.010452789825819871,1,0,1,0
the tedium ,0,1,0.0,1,0.5768084850654377,0,0.9997875094413757,0.002009284735876762,0,1,1,0
got a house full of tots -- do n't worry ,1,1,0.3412,0,0.5053174784432244,1,0.9977428913116455,0.016008633842303416,1,1,0,0
exploitative and ,0,1,0.0,0,0.6758410311726278,0,0.9992663264274597,0.006028555380382,1,0,1,0
devos and cassel have tremendous chemistry ,1,1,0.0,1,0.8321829625275805,1,0.9998805522918701,0.0011981715220465716,0,0,0,0
might enjoy this ,1,1,0.4939,1,0.6995208569015819,1,0.9994961023330688,0.004329836823839873,0,0,0,0
green dragon seem more like medicine than entertainment ,0,1,0.6801,0,0.8025638944547553,0,0.9947704672813416,0.03268891543559248,1,0,1,0
real turns ,1,1,0.0,1,0.8179683101519514,1,0.9996904134750366,0.0028116080888205873,0,0,0,0
is spooky and subtly in love with myth ,1,1,0.6369,1,0.9315987379616902,1,0.999832272529602,0.001625146628193183,0,0,0,0
there 's only one way to kill michael myers for good : stop buying tickets to these movies . ,0,0,-0.6124,0,0.582262556539713,0,0.9997128844261169,0.0026289368412254744,0,0,0,0
you can practically hear george orwell turning over . ,0,1,0.0,1,0.506672773613161,0,0.9992558360099792,0.00610383445727075,0,1,1,0
several times here and reveals how bad an actress she is . !!!,0,0,-0.6571,0,0.8077268705338456,0,0.9997844099998474,0.0020359685020736296,0,0,0,0
"begins with promise , !!!",1,1,0.4898,1,0.730731812284455,1,0.9993727803230286,0.005252749961403873,0,0,0,0
smart and alert !!!,1,1,0.6981,1,0.8961268525070248,1,0.999808132648468,0.0018339792248808788,0,0,0,0
"the stale , standard , connect-the-dots storyline ",0,1,0.0,0,0.8521799052477219,0,0.9997991919517517,0.001910523073970138,1,0,1,0
", blue crush thrillingly uses modern technology to take the viewer inside the wave . ",1,1,0.34,1,0.8646494058682238,1,0.9998080134391785,0.0018355468228107952,0,0,0,0
arresting !!!,1,1,0.0,1,0.5493648876256624,1,0.999818742275238,0.0017432697709244649,0,0,0,0
"a guilty-pleasure , daytime-drama sortttt",1,1,0.0,1,0.871353706787381,1,0.9936217665672302,0.03859919199065316,0,0,0,0
ultra-violent ,0,1,0.0,0,0.7224042266205879,0,0.996941864490509,0.020759582279713515,1,0,1,0
"an old-fashioned scary movie , one that relies on lingering terror punctuated by sudden shocks and not constant bloodshed ",1,0,-0.8481,1,0.750899004625668,1,0.999618411064148,0.0033847788436200546,1,0,1,0
decoroussss,1,1,0.0,1,0.5493648876256624,1,0.9959845542907715,0.02616295863988206,0,0,0,0
"is enriched BY an imaginatively mixed cast of antic spirits , headed by christopher plummer as the subtlest and most complexly evil uncle ralph i 've ever seen in the many film and stage adaptations of the work",1,0,-0.6887,1,0.7336447695573419,1,0.9998109936714172,0.0018100335131389837,1,0,1,0
population ,1,1,0.0,1,0.5493648876256624,1,0.9934524297714233,0.03945153106896039,0,0,0,0
then blood work is for you . ,1,1,0.0,1,0.5679160800448705,1,0.9951614737510681,0.03062188460300334,0,0,0,0
keeps being cast in action films when none of them are ever any good ,0,1,0.4404,0,0.5630786876624799,0,0.9986516833305359,0.010258139523829972,1,0,1,0
"even after the most awful acts are committed , is an overwhelming sadness that feels as if it has made its way into your very bloodstream . ",1,0,-0.624,1,0.5121208843905024,1,0.9968435764312744,0.021327035726038727,1,0,1,0
", no one can hear YOU snore",0,0,-0.296,0,0.8135917669924249,0,0.999138355255127,0.006941147623875134,0,0,0,0
"well , jason 's gone to manhattan and hell , i guess a space station in the year 2455 can be crossed off the list of ideas for the inevitable future sequels ( hey , do n't shoot the messenger ) . ",0,0,-0.3536,0,0.8886318685871201,0,0.9994115829467773,0.004965158853111804,0,0,0,0
tackled a meaty subject ,1,1,0.0,1,0.7314090977978018,1,0.9982849955558777,0.012635159767362493,0,0,0,0
a bad film ,0,0,-0.5423,0,0.8155794434675387,0,0.9998142123222351,0.0017816880149835218,0,0,0,0
"for most movies , 84 minutes is short , but this one feels like a life sentence . ",0,1,0.5719,0,0.8412343343698687,0,0.9977477192878723,0.0159789881146682,1,0,1,0
with promise !!!,1,1,0.4898,1,0.8569802393376348,1,0.9998753070831299,0.0012459290663944013,0,0,0,0
just about the surest bet for AN all-around good time at the movies this summer,1,1,0.6369,1,0.7916856650221556,1,0.9998102784156799,0.0018161495082043473,0,0,0,0
"far from heaven is a dazzling conceptual feat , ",1,1,0.5106,1,0.8552816680217772,1,0.9998688697814941,0.0013035822144365616,0,0,0,0
a tour de force drama about the astonishingly pivotal role of imagination in the soulful development of two rowdy teenagers . ,1,1,0.0,1,0.913953847062933,1,0.9997971653938293,0.0019277127257876585,0,0,0,0
"odd , rapt spell ",0,0,-0.3182,1,0.6727035584942274,0,0.993700385093689,0.03820134561523493,1,1,0,0
shameless self-caricature ,0,0,-0.34,0,0.8189366663857879,0,0.9975793957710266,0.01699862922634244,0,0,0,0
"enthusiasm , not",1,1,0.4404,0,0.5961822173467537,0,0.9361032843589783,0.2375574107892301,1,0,1,1
got me grinning . ,1,1,0.3612,1,0.549213383627791,1,0.9998435974121094,0.0015267501300115038,0,0,0,0
fly with most intelligent viewers ,1,1,0.5095,1,0.8796127003814607,1,0.999834418296814,0.0016068060522334356,0,0,0,0
"walked away not really know who `` they '' were , what `` they '' looked like ",0,1,0.3612,0,0.9036675619151462,0,0.9997537732124329,0.0022918351397478967,1,0,1,0
not sexiness,1,1,0.0,0,0.9805546043201185,0,0.8066165447235107,0.491091974612073,1,0,1,1
will be upstaged by an avalanche of more appealing holiday-season product ,0,1,0.0,1,0.7644624180924722,0,0.9876188039779663,0.06667709462193692,0,1,1,0
realized through clever makeup design ,1,1,0.4588,1,0.8923580039163725,1,0.999862551689148,0.001359784238972506,0,0,0,0
re-creation ,0,1,0.0,0,0.6431348035696399,0,0.9964761137962341,0.023421201886750342,1,0,1,0
raised a few notches above kiddie fantasy pablum by allen 's astringent wit ,1,1,0.0,1,0.7457604078710408,1,0.9995229244232178,0.0041255118823566635,0,0,0,0
veer knew about generating suspense,1,1,0.0,1,0.6983839760910966,1,0.9985446929931641,0.010961417629409071,0,0,0,0
the primitive murderer ,0,0,-0.6808,1,0.5768084850654377,0,0.9959020018577576,0.026617328949793528,1,1,0,0
UNMENTIONABLE,0,1,0.0,1,0.5493648876256624,0,0.9992383718490601,0.006230179173858433,0,1,1,0
"bring fresh , unforced naturalism to their characters ",1,1,0.3182,1,0.9577181840582897,1,0.999871015548706,0.0012838293321169667,0,0,0,0
leave a lasting impression !!!,1,1,0.3769,0,0.5582702101496277,1,0.9997037053108215,0.002703369371660553,1,1,0,0
reek of a script rewrite designed TO garner the film a `` cooler '' pg-13 rating,0,0,-0.5267,0,0.8337821589001264,0,0.9996296167373657,0.003296786493548281,0,0,0,0
that the film is never dull ,1,1,0.3089,0,0.7096646335301202,1,0.9995135068893433,0.0041971774890881535,1,1,0,0
the actors are fantastic . !!!,1,1,0.6679,1,0.9074613829091239,1,0.9998778104782104,0.0012225904165749095,0,0,0,0
of a depressed fifteen-year-old 'S suicidal poetry,0,0,-0.8316,0,0.5870948549348436,0,0.9995174407958984,0.004167161439967311,0,0,0,0
produce another smash ,1,1,0.0,0,0.7633137501823134,1,0.9994242191314697,0.004870653759227406,1,1,0,0
it makes you feel like a chump ,0,1,0.3612,0,0.604465962307948,0,0.9994949102401733,0.00433886892623845,1,0,1,0
an improvement on the feeble examples of big-screen poke-mania that have preceded it ,1,1,0.2023,0,0.5612989367478605,1,0.9993477463722229,0.005436584799755574,1,1,0,0
is broken by frequent outbursts of violence and noise . ,0,0,-0.802,0,0.9148669929206363,0,0.9968411922454834,0.021340745116270828,0,0,0,0
of warmth ,1,1,0.4588,1,0.874987541258032,1,0.9998723268508911,0.0012721216401515572,0,0,0,0
noble failure . ,0,0,-0.0772,0,0.8505957601198348,0,0.9997768998146057,0.002098664465092248,0,0,0,0
to admire ... the intensity with which he 's willing to express his convictions ,1,1,0.4767,1,0.7150876587814238,1,0.9998323917388916,0.001624358693067673,0,0,0,0
ultimately disappoint the action ,0,0,-0.4019,0,0.8358669099014734,0,0.9995781779289246,0.003699510152518558,0,0,0,0
this latest installment of the horror film franchise that is apparently as invulnerable as its trademark villain !!!,1,0,-0.783,0,0.5259094857357273,1,0.9927477240562439,0.04295380139601335,0,1,1,0
best actors ,1,1,0.6369,1,0.949747119126155,1,0.9997640252113342,0.002207204976363799,0,0,0,0
attempts to fuse at least three dull plots into one good one ,0,1,0.0516,0,0.7725657720253264,0,0.9997671246528625,0.0021811950564064103,1,0,1,0
just offensive ,0,0,-0.4588,0,0.9637382497287736,0,0.9997673630714417,0.0021792955244843283,0,0,0,0
never bothers to question why somebody might devote time to see it ,0,1,0.4574,0,0.5868530941385859,0,0.9976673126220703,0.016468074982651012,1,0,1,0
stinks from start !!!,0,0,-0.4359,1,0.5722387460169772,0,0.9997766613960266,0.0021008025652883553,1,1,0,0
"of those films where the characters inhabit that special annex of hell where adults behave like kids , children behave like adults and everyone ",0,1,0.2732,0,0.6568493685263324,0,0.9988046884536743,0.009238323903100632,1,0,1,0
"makes minority report necessary viewing for sci-fi fans , ",1,1,0.0,1,0.7659116576310678,1,0.9990407824516296,0.007624475430297426,0,0,0,0
"the cinematic canon , ",1,1,0.0,1,0.7621174605405625,1,0.9993071556091309,0.005732749261483168,0,0,0,0
"... blade ii is still top-heavy with blazing guns , cheatfully filmed martial arts , disintegrating bloodsucker computer effects and jagged camera moves that serve no othre purpose than to call attention to themselves .",0,0,-0.296,0,0.5365371424542739,0,0.9996529817581177,0.0031115060557145237,0,0,0,0
to a small star with bgi heart,1,1,0.6369,1,0.9582803723127208,1,0.9994639754295349,0.004572829637370715,0,0,0,0
not highly gifted 12-year-old,1,1,0.0,0,0.5957020168774456,0,0.9988691210746765,0.00880307624883506,1,0,1,1
are the difference between this and countless other flicks about guys and dolls !!!,1,1,0.0,1,0.6273275168489316,1,0.9990899562835693,0.0072818932892662,0,0,0,0
"listen to extremist name-calling , ",0,1,0.0,0,0.680468446817136,0,0.9960744380950928,0.025666787997225562,1,0,1,0
so bad in a major movie ,0,0,-0.5849,0,0.9513226126554775,0,0.9997761845588684,0.0021048517114018697,0,0,0,0
a film that should be relegated to a dark video store corner is somehow making its way instead to theaters . ,0,1,0.0,0,0.8424791270816213,0,0.9994704127311707,0.004524163072655412,1,0,1,0
to alienate the mainstream audience while not ringing cliched to hardened indie-heads,0,1,0.0,0,0.8978365465974075,0,0.9967537522315979,0.02184281508366228,1,0,1,0
creepy-crawly bug things that lvie only in the darkness,0,0,-0.25,0,0.7864861962215606,0,0.9980853796005249,0.013895036326952196,0,0,0,0
"like the tuck family thesmelves , this movie just goes on and on and on and on",0,1,0.3612,0,0.7090644350381148,0,0.9918723702430725,0.04720834816318807,1,0,1,0
"at once visceral and spiritula , wonderfully vulgar and",1,1,0.5994,1,0.7898646859464514,1,0.9996071457862854,0.0034740855870155937,0,0,0,0
innocent and !!!,1,1,0.5067,1,0.5974166509162296,1,0.9996201992034912,0.0033709971605851976,0,0,0,0
"obvious , obnoxious and didactic burlesque . ",0,0,-0.4588,0,0.9566006385663097,0,0.9993332028388977,0.00554289007932384,0,0,0,0
"recognize that there are few things in this world more complex -- and , as it turns out , more fragile ",1,1,0.0,1,0.7872993095075866,1,0.9907352924346924,0.052594800642255045,0,0,0,0
as good a job as anyone ,1,1,0.4404,1,0.8555836297668059,1,0.999767005443573,0.0021816932997810916,0,0,0,0
in a bad-movie way ,0,1,0.0,0,0.9469005458508447,0,0.9998119473457336,0.0018017575096206191,1,0,1,0
found A cult favorite,1,1,0.4588,1,0.835128077872749,1,0.9996116757392883,0.0034384797549844993,0,0,0,0
thsi long and relentlessly saccharine film,0,1,0.0,0,0.854151037555871,0,0.9976523518562317,0.016558323616830302,1,0,1,0
flourishes ,1,1,0.0,1,0.5493648876256624,1,0.999736487865448,0.002434702205749653,0,0,0,0
canny andddd spiced,1,1,0.0,1,0.5493648876256624,1,0.9996671676635742,0.0029981200395396406,0,0,0,0
the very definition of what critics have come to term an `` ambitious failure ,0,0,-0.34,0,0.6790286302980835,0,0.9997923970222473,0.001968197824243425,0,0,0,0
about as much resemblance to the experiences of most battered women as spider-man ,0,1,0.0,0,0.6958567607418347,0,0.9988584518432617,0.008875631909154707,1,0,1,0
ararat far more demanding than it needs to be !!!,0,0,-0.4712,0,0.7482532095228505,0,0.994306743144989,0.03510229555862758,0,0,0,0
lilo & stitch has a number of other assets to commend it to movie audiences both innocent and jaded . ,1,1,0.5719,1,0.7406275061600432,1,0.9992948770523071,0.005822038331694226,0,0,0,0
"with every painful nuance , unexpected flashes of dark comedy and the character 's gripping humanity ",1,0,-0.1027,1,0.891426046966958,1,0.999652624130249,0.003113802243722588,1,0,1,0
's the worst movie of 2002 ,0,0,-0.6249,0,0.9858583186520826,0,0.9997846484184265,0.002034003370690829,0,0,0,0
", dull procession ",0,0,-0.4019,0,0.9814531102558368,0,0.9997531771659851,0.0022971390335091994,0,0,0,0
expected ,0,1,0.0,0,0.5410959350501167,0,0.8634146451950073,0.39871614404271183,1,0,1,0
"'s a technically superb film , shining with all the usual spielberg flair , expertly utilizing the talents of his top-notch creative team . ",1,1,0.875,1,0.9872243791075653,1,0.9998794794082642,0.0012084044353423513,0,0,0,0
"is the gabbiest giant-screen movie veer ,",0,1,0.0,0,0.6543274476281371,0,0.9997662901878357,0.002187907740275971,1,0,1,0
"a brisk , reverent , and subtly different sequel . ",1,1,0.1531,1,0.7983711260325562,1,0.999790370464325,0.0019855779642504426,0,0,0,0
bogging down ,0,1,0.0,0,0.8931908368432125,0,0.9996019005775452,0.0035149661141074787,1,0,1,0
"a baffling subplot involving smuggling drugs inside danish cows falls flat , and if you 're going to alter the bard 's ending , you 'd better have a good alternative . !!!",0,1,0.5538,0,0.666050965728547,0,0.9997709393501282,0.002149250809281474,1,0,1,0
EXHAUSTINGLY,0,1,0.0,1,0.5493648876256624,0,0.999626874923706,0.0033180251542058122,0,1,1,0
the thing about guys like evans is this : you 're never quite sure where self-promotion ends and the truth begins . ,0,1,0.3861,0,0.8692444458669375,0,0.9985693693161011,0.010799442698441864,1,0,1,0
done any better in bringing the story of spider-man to the big screen ,1,1,0.4404,1,0.732819016871292,1,0.9994732737541199,0.004502885870322505,0,0,0,0
shareeee,1,1,0.0,1,0.5493648876256624,1,0.9693645238876343,0.13694417527765376,0,0,0,0
"the journey to the secret 's eventual discovery is a separate daventure , and thrill enough",1,1,0.3612,1,0.9162713758904232,1,0.9994027614593506,0.005030741442335476,0,0,0,0
"humorous and heartfelt , douglas mcgrath 's version of ` not nicholas nickleby '",1,1,0.7269,1,0.614465661547735,1,0.9996956586837769,0.0027689423073852604,0,0,0,0
lush ,1,1,0.0,1,0.8053413262396433,1,0.9997112154960632,0.00264253374182209,0,0,0,0
extremely unpleasant ,0,0,-0.5256,0,0.8491193496352089,0,0.9997584223747253,0.002253672587061181,0,0,0,0
of the things costner movies are known for ,1,1,0.0,1,0.7655609816033204,1,0.9996308088302612,0.003287028380154478,0,0,0,0
both a great and A terrible story,1,1,0.25,1,0.7383520009274933,1,0.9996985197067261,0.002745552567163476,0,0,0,0
"a captivatingly quirky hybrid of character portrait , romantic comedy and beat-the-clock thriller ",1,1,0.6808,1,0.9502589164155548,1,0.9998722076416016,0.0012736196435037695,0,0,0,0
a hit ,1,1,0.0,1,0.6511708107356372,1,0.9998075366020203,0.0018392389986208457,0,0,0,0
more likely ,1,1,0.0,1,0.5008078431623105,1,0.9957391023635864,0.027508926545441917,0,0,0,0
roman polanski may have been born to make ,1,1,0.0,1,0.5656928507837989,1,0.9994421601295471,0.004736246585604684,0,0,0,0
almost peerlessly unsettling . ,0,1,0.0,0,0.7178489019681826,0,0.9972889423370361,0.018730780110656018,1,0,1,0
in alcatraz ' ... a cinematic corpse that never springs to life ,0,0,-0.5719,1,0.6609831057160345,0,0.9996600151062012,0.003055443550407701,1,1,0,0
black indomitability ,0,1,0.0,1,0.5262526275006874,0,0.9968114495277405,0.021512012047761476,0,1,1,0
is spooky and subtly ,1,1,0.0,1,0.9096371439827786,1,0.9997749924659729,0.002114642750868427,0,0,0,0
a slight not and uninventive movie,0,1,0.0,0,0.8724159007161958,0,0.9992662072181702,0.006029835829182449,1,0,1,0
it 's far from fresh-squeezed ,0,1,0.0,1,0.7161493029244467,0,0.9997636675834656,0.002209688118617214,0,1,1,0
uncompelling the movie is not unless it happens to cover your particular area of interest,0,1,0.2732,0,0.8632265449623294,0,0.9976450800895691,0.01660254095077704,1,0,1,0
becomes an exercise in trying to predict when a preordained `` big moment '' will occur and not `` if . '' ,0,1,0.0,0,0.9511248451368072,0,0.9991771578788757,0.006667057853783476,1,0,1,0
"with its exquisite acting , inventive screenplay , mesmerizing music , and many inimitable scenes ",1,1,0.0,1,0.969239866445513,1,0.9998788833618164,0.0012136368179182543,0,0,0,0
"where janice beard falters in its recycled aspects , implausibility , and sags in pace , it rises in its courageousness , and comedic employment . ",1,1,0.7003,0,0.6562870253145359,1,0.998805046081543,0.009235756259200097,1,1,0,0
to see how far herzog has fallen ,0,0,-0.3612,0,0.5820383701026011,0,0.9997615218162537,0.0022279258030352862,0,0,0,0
is a big time stinkerrrr,0,1,0.0,1,0.5442454996820272,0,0.9995576739311218,0.0038584285167731725,0,1,1,0
entertainingggg ride,1,1,0.0,1,0.9145904675773041,1,0.999754011631012,0.002290327555825888,0,0,0,0
starts as an intense political and psychological thriller but is sabotaged by ticking time bombs and other hollywood-action cliches . ,0,1,0.09,0,0.5411496734333989,0,0.999422550201416,0.004883497196243658,1,0,1,0
halfway mark it takes an abrupt turn into glucose sentimentality and laughable contrivance . ,0,1,0.34,0,0.6880351825768272,0,0.9993220567703247,0.005624163945531887,1,0,1,0
"takessss a really long , slow and dreary time to dope out what tuck everlasting is about .",0,0,-0.34,0,0.9362935951781575,0,0.9986750483512878,0.010103833885621853,0,0,0,0
"comes in the power of the huston performance , which seems so larger than life and yet so fragile ",1,1,0.0,1,0.9160439094427033,1,0.9993065595626831,0.005737060199299237,0,0,0,0
put up with 146 minutes of it ,0,1,0.0,0,0.8669007805352504,0,0.9938204884529114,0.037592704186760514,1,0,1,0
"while the performances are often engaging , this loose collection of largely improvised numbers would probably have worked better as a one-hour tv documentary . ",0,1,0.4588,0,0.6964976187667542,0,0.999494194984436,0.004344420931947559,1,0,1,0
yet this one makes up for in heart what it lacks in outright newness . ,1,1,0.6369,1,0.6652281409571154,1,0.9997050166130066,0.0026926082190126856,0,0,0,0
"plays as more of a poetic than a strict reality , creating an intriguing species of artifice that gives the lady and the duke something of a theatrical air ",1,1,0.4939,1,0.7992546460637813,1,0.9997187256813049,0.0025809673478967544,0,0,0,0
my little eye is the best little `` horror '' movie i 've seen in years . ,1,1,0.197,1,0.7598088800728461,1,0.9998522996902466,0.0014506164821678328,0,0,0,0
picture that does not move . ,0,1,0.0,0,0.6008478745480861,0,0.9997929930686951,0.001963092663524379,1,0,1,0
"cat-and-mouse , three-dimensional characters and ",1,1,0.0,0,0.5488419118727639,1,0.9958874583244324,0.02669701502072798,1,1,0,0
"an odd show , pregnant with moods , ",0,0,-0.3182,1,0.5861343874943038,0,0.9975571632385254,0.017132696556354524,1,1,0,0
a POWERFUL 1957 drama,1,1,0.5473,1,0.9870860730344571,1,0.9998794794082642,0.0012080215869856871,0,0,0,0
in eye-popping visualssss,1,1,0.0,1,0.666495446735001,1,0.9996622800827026,0.0030368703763858735,0,0,0,0
this angst-ridden territory wassss covered earlier and much better in ordinary people .,0,1,0.4404,0,0.6111113462872595,0,0.9975551962852478,0.017144706962408805,1,0,1,0
a delicious and DELICATELY funny look,1,1,0.8531,1,0.9820382904273013,1,0.9998842477798462,0.001165123388456782,0,0,0,0
for two movies ,1,1,0.0,0,0.6847057055236304,1,0.9927690029144287,0.04284902990369606,1,1,0,0
"'s a tribute to the actress , and to her inventive director , that the journey is such a mesmerizing one ",1,1,0.0,1,0.9314096633673545,1,0.9998107552528381,0.0018114000131916773,0,0,0,0
there are some movies that hit you from the first scene and you nkow it 's going to be a trip .,1,1,0.0,1,0.8244914886021957,1,0.9990917444229126,0.007269458934512928,0,0,0,0
BELLY laugh,1,1,0.5574,1,0.7915825560439533,1,0.9997528195381165,0.002300379030148787,0,0,0,0
'd much rather watch teens poking their genitals into fruit pies ,0,1,0.0,0,0.666318303133685,0,0.9991306662559509,0.006996155402240321,1,0,1,0
sublimely beautiful ,1,1,0.5994,1,0.9889977903879881,1,0.9998816251754761,0.0011889540150456137,0,0,0,0
"boring , pretentious muddle !!!",0,0,-0.4898,0,0.9878476454237651,0,0.9997316002845764,0.002475744686854073,0,0,0,0
in a vibrant and intoxicating fashion ,1,1,0.5267,1,0.9398118221811179,1,0.999884843826294,0.0011598745533646306,0,0,0,0
every once in a while a film ,1,1,0.0,1,0.6353332684306627,1,0.9945530891418457,0.03382483670985545,0,0,0,0
gradually sneaks up on the audience ,1,1,0.0,1,0.8666049754486488,1,0.9994624257087708,0.004584659161414085,0,0,0,0
a coming-of-age tale ,1,1,0.0,1,0.8347913608594851,1,0.9998406171798706,0.0015526685722364003,0,0,0,0
"think of it as gidget ,,,, only with muscles and a lot more smarts , but just as endearing and easy to watch .",1,1,0.7,1,0.7301677966339346,1,0.9998292922973633,0.0016515722569313942,0,0,0,0
the charming result ,1,1,0.5859,1,0.8323816466606754,1,0.9998853206634521,0.0011552328832782452,0,0,0,0
"the tv movie-esque , affected child acting to the dullest irish pub scenes everrrr filmed",0,0,-0.5106,0,0.8650014312421546,0,0.9996987581253052,0.0027440663383014132,0,0,0,0
to huston 's revelatory performance ,1,1,0.0,1,0.8953999082444064,1,0.9998317956924438,0.0016298008794955075,0,0,0,0
i think is supposed to be an attempt at hardass american not but sometimes just lapses into unhidden british,0,1,0.0,0,0.9731552356982985,0,0.9997228980064392,0.002547035077516271,1,0,1,0
goes right over the edge and kills every sense of believability ,0,0,-0.5423,1,0.5980638381417962,0,0.9997243285179138,0.002535076284125125,1,1,0,0
is loopy and ludicrous ,0,0,-0.3612,0,0.8692020326668211,0,0.9994761347770691,0.004481271642138669,0,0,0,0
'd be lying if i said my ribcage did n't ache by the end of kung pow ,1,0,-0.2996,0,0.6477818077639393,1,0.9974234104156494,0.017933400903286552,0,1,1,0
"we 've seen the hippie-turned-yuppie plot before , but there 's an enthusiastic charm in fire that makes the formula fresh again ",1,1,0.8271,1,0.6092349790237991,1,0.9998432397842407,0.0015298643350279513,0,0,0,0
the excruciating end of days ,0,0,-0.6486,0,0.5319806985411879,0,0.9978088736534119,0.015605985001861982,0,0,0,0
not all arty and jazzy,1,1,0.0,0,0.9184648669003844,0,0.9965301156044006,0.02311636531018935,1,0,1,1
too many barney videos ,0,1,0.0,0,0.930162692490641,0,0.9985336065292358,0.01103349925237937,1,0,1,0
consistently sensitive and ,1,1,0.0,1,0.9195410256691293,1,0.9998489618301392,0.0014794102905060446,0,0,0,0
"america , history ",1,1,0.0,1,0.8623362532807433,1,0.9964403510093689,0.023622878491982136,0,0,0,0
not into brutally labored and unfunny hokum,0,1,0.4973,0,0.9835315557046088,0,0.9718018174171448,0.12842192640547026,1,0,1,0
a work of deft and subtle poetry ,1,1,0.0,1,0.9294049379559722,1,0.9998050332069397,0.0018604854470218157,0,0,0,0
"for those of an indulgent , slightly sunbaked and summery mind , sex and lucia may welllll prove diverting enough .",1,1,0.0,1,0.5447544742848457,1,0.9985690116882324,0.010802105567812102,0,0,0,0
scare ,0,0,-0.4939,1,0.5493648876256624,0,0.9939455389976501,0.03695617830293803,1,1,0,0
you 'd have a hard time believing it was just coincidence . ,0,0,-0.1027,0,0.7581948237562127,0,0.9993176460266113,0.0056562116221562046,0,0,0,0
"does n't even have potential as a cult film , as it 's too loud to shout insults at the screen ",0,0,-0.4215,0,0.7662189572970055,0,0.9997959733009338,0.0019379997336922829,0,0,0,0
"her PURE fantasy character ,",1,1,0.0,1,0.8980310655299084,1,0.9990857839584351,0.007310977587245062,0,0,0,0
turns out to be significantly different ( and better ) than most films with this theme ,1,1,0.4404,1,0.8621284104407279,1,0.9995558857917786,0.003871869287564165,0,0,0,0
"forced drama in this wildly uneven movie , ",0,0,-0.4588,0,0.877841540565327,0,0.9997237324714661,0.0025395299588400326,0,0,0,0
"romantic , riveting and handsomely animated . ",1,1,0.6808,1,0.9459640215111949,1,0.9998871088027954,0.0011390453000960654,0,0,0,0
is truth ,1,1,0.3182,1,0.576184871653757,1,0.9991651773452759,0.0067523971615988795,0,0,0,0
"second , what 's with all the shooting ? ",0,1,0.0,0,0.6768273679893184,0,0.9984989166259766,0.011259140533099293,1,0,1,0
an uneven look into a grim future that does n't come close to the level of intelligence and visual splendor that can be seen in other films based on philip k. dick stories . ,0,1,0.0258,0,0.5662439081179456,0,0.9996575117111206,0.003075250833897494,1,0,1,0
"amusing , but ultimately so ",1,1,0.2023,0,0.5412659734763485,1,0.9984512329101562,0.011568160111265676,1,1,0,0
in a more ambitious movie ,1,1,0.5256,1,0.5891329060108486,1,0.9996185302734375,0.003384091326399349,0,0,0,0
that it 's so not-at-all-good ,0,1,0.0,0,0.870579075589597,0,0.9997978806495667,0.0019214755436929645,1,0,1,0
"has rewards , ",1,1,0.4767,1,0.8628567271725854,1,0.999871015548706,0.0012840269606655646,0,0,0,0
and pulp melodrama ,0,1,0.0,0,0.6523904806525034,0,0.9944814443588257,0.03419775681123945,1,0,1,0
VIETNAM war,0,0,-0.5994,0,0.5511348321302805,0,0.9909563660621643,0.051559443959254034,0,0,0,0
"bad writing , bad direction and bad acting -- the trifecta of badness ",0,0,-0.8885,0,0.9852361007031764,0,0.999796450138092,0.00193386964646786,0,0,0,0
"just about more stately than any contemporary movie this year ... a true study , a film with a questioning heart and !!!",1,1,0.8164,1,0.9487092181383601,1,0.9997853636741638,0.002027561645483987,0,0,0,0
prepare to marvel again . ,1,1,0.4215,1,0.5976901091321704,1,0.9998458623886108,0.0015069771242066528,0,0,0,0
and communicates something ,1,1,0.0,1,0.8670610627537829,1,0.999509334564209,0.00422948835261876,0,0,0,0
help be entertained by the sight of someone getting away with something ,1,1,0.6597,1,0.7621376329079227,1,0.9975464940071106,0.017196854261400427,0,0,0,0
this movie directionless ,0,1,0.0,0,0.5703737714799528,0,0.9997923970222473,0.001967934198532222,1,0,1,0
the past vai surrealist flourishes,1,1,0.0,1,0.5740209648977004,1,0.9914246797561646,0.049347012894977706,0,0,0,0
tiring THAN anything,0,1,0.0,0,0.552838638913565,0,0.9994431138038635,0.004729847865795232,1,0,1,0
joy ,1,1,0.5859,1,0.9049698029558233,1,0.999873161315918,0.0012650724791475312,0,0,0,0
ultimate insignificance ,0,1,0.0,1,0.5236940525938418,0,0.9997559189796448,0.0022742768840805644,0,1,1,0
eventually the content is n't nearly as captivating as the rowdy participants think it is .,0,1,0.0,0,0.7512815187435934,0,0.999757707118988,0.002259172237226922,1,0,1,0
suitable for all ages -- a movie that will make you laugh ,1,1,0.5574,1,0.9535776161431103,1,0.9998711347579956,0.0012828045978630622,0,0,0,0
certainly ,1,1,0.34,1,0.8975411666921824,1,0.9996024966239929,0.0035101561141771985,0,0,0,0
indie tatters and self-conscious seams ,0,1,0.0,0,0.8735411936372832,0,0.9988996982574463,0.00859516107021169,1,0,1,0
", i 'll admit it , my only complaint is that we idd n't get more re-creations of all those famous moments from the show .",1,0,-0.1027,1,0.5260756765831672,1,0.9956199526786804,0.028157087284261816,1,0,1,0
a refreshingly smart and newfangled variation ,1,1,0.4019,1,0.9647149173205688,1,0.9998877048492432,0.0011336826887489676,0,0,0,0
"the cast , collectively a successful example of the lovable-loser protagonist , ",1,1,0.5859,1,0.9044854030428016,1,0.9998469352722168,0.0014973959587097473,0,0,0,0
overuse !!!,0,1,0.0,1,0.5493648876256624,0,0.9993426203727722,0.005473698848040259,0,1,1,0
dopey dialogue ,0,1,0.0,0,0.7964959954811208,0,0.9939249157905579,0.03706136624691391,1,0,1,0
"high drama , disney-style - a wing and a prayer and a hunky has-been pursuing his castle in the sky . ",1,1,0.0,1,0.6946207990823705,1,0.9993728995323181,0.005251586380958257,0,0,0,0
less a study in madness or love than a study in schoolgirl obsession . ,0,0,-0.0258,0,0.5186070657941313,0,0.9927027225494385,0.0431752735267192,0,0,0,0
to appreciate the wonderful cinematography and naturalistic acting ,1,1,0.7506,1,0.9526841874914116,1,0.9998785257339478,0.001216832485927794,0,0,0,0
"amid the shock and curiosity factors , the film is just a corny examination of a young actress trying to find her way .",0,0,-0.3818,0,0.611861907843366,0,0.9960798621177673,0.02563645918006744,0,0,0,0
", evelyn comes from the heart . ",1,1,0.6369,1,0.7974077888360444,1,0.9998160004615784,0.0017662897802758408,0,0,0,0
tries for more . ,0,1,0.0,0,0.8004983890553491,0,0.9673300981521606,0.1439040100055543,1,0,1,0
"by turns touching , raucously amusing , uncomfortable , and , yes , even sexy , never again is a welcome and heartwarming addition to the romantic comedy genre . ",1,1,0.9468,1,0.97867051918391,1,0.9998853206634521,0.0011554042295408855,0,0,0,0
sewer rats could watch this movie and be so skeeved out that they 'd need a shower . ,0,1,0.0,0,0.7017498089649186,0,0.9965831637382507,0.02281525543806576,1,0,1,0
the history is fascinating ; ,1,1,0.5423,1,0.9844016159243194,1,0.9998620748519897,0.0013635496818262083,0,0,0,0
dover kosashvili 's outstanding feature debut so potent ,1,1,0.6124,1,0.927028606345032,1,0.9998650550842285,0.0013370822805840348,0,0,0,0
carries us effortlessly from darkness to light ,1,0,-0.25,1,0.8799223197910867,1,0.9998596906661987,0.001385077973771433,1,0,1,0
"you only need to watch for about thirty seconds before you say to yourself , ` ah , yes ",1,1,0.4019,0,0.6707170606529356,1,0.9990209341049194,0.0077621001196325114,1,1,0,0
drowns out ,0,0,-0.4939,0,0.7899193911775493,0,0.9997316002845764,0.0024755300576249904,0,0,0,0
"fessenden continues to do interesting work , and ",1,1,0.4019,1,0.8208182260346686,1,0.9998451471328735,0.0015132805092509087,0,0,0,0
"armed with a game supporting cast , ",1,1,0.4404,1,0.8795438913390633,1,0.9991724491119385,0.0067008344452106905,0,0,0,0
"the film 's trailer also looked like crap , so crap is what i was expecting . ",0,0,-0.4576,0,0.9008056413126666,0,0.9998096823692322,0.001820968504017785,0,0,0,0
"and wai ka afi are ) sure to find an enthusiastic audience among american action-adventure buffs , but the film 's interests",1,1,0.6428,1,0.7643697080640142,0,0.9163904786109924,0.28749772098733645,0,1,1,1
the wrost film of the year .,0,1,0.0,1,0.8521088157799783,0,0.7330028414726257,0.5802492083387633,0,1,1,0
"a MOVING essay about the specter of death , especially suicide .",1,0,-0.8655,1,0.8252371148592459,1,0.999783456325531,0.0020440198332368673,1,0,1,0
comes across as a fairly weak retooling ,0,0,-0.4404,0,0.8317271780270925,0,0.9997499585151672,0.0023240046084978217,0,0,0,0
"'s crafty , energeticccc and smart",1,1,0.4019,1,0.9450915007492501,1,0.9998767375946045,0.0012330306595867081,0,0,0,0
structured and well-realized ,1,1,0.0,1,0.9251576530763149,1,0.9998729228973389,0.0012670133103349298,0,0,0,0
rouses us . ,1,1,0.0,1,0.8466144279480262,1,0.9995176792144775,0.00416573312084614,0,0,0,0
sinks to a harrison ford low . ,0,0,-0.2732,0,0.9637699207368946,0,0.9997901320457458,0.001987000796333225,0,0,0,0
the mothman prophecies is best when illustrating the demons bedevilling the modern masculine journey . ,1,1,0.6369,1,0.8575810531993866,1,0.9990000128746033,0.007907004367685468,0,0,0,0
the whole thing never existed ,0,1,0.0,0,0.6674533681361157,0,0.9982249140739441,0.013016640653081678,1,0,1,0
", funny and beautifully ",1,1,0.765,1,0.9877315451355017,1,0.99988853931427,0.0011254835578716229,0,0,0,0
", simple and soapy ",1,1,0.0,1,0.7497207571281507,1,0.9997820258140564,0.0020560968482291574,0,0,0,0
"holland lets things peter out midway , but it 's notably better acted -- and far less crass - than some other recent efforts in the burgeoning genre of films about black urban professionals . ",1,1,0.5927,1,0.5084988031608214,1,0.9993226528167725,0.005619711313459588,0,0,0,0
repeating what he 's already done way too often ,0,1,0.0,0,0.8354939115675599,0,0.9990285634994507,0.007709558084706303,1,0,1,0
"efficient , suitably anonmyous chiller .",1,1,0.4215,1,0.5493648876256624,1,0.9998397827148438,0.001560240850491474,0,0,0,0
whimsical ,1,1,0.0772,1,0.8256644235475384,1,0.9997809529304504,0.0020650858629151047,0,0,0,0
"unlike so many other hollywood movies of its ilk , it offers hope ",1,1,0.4404,1,0.6930254987173944,1,0.9996989965438843,0.0027420806191198865,0,0,0,0
leave you with a smile on your face and a grumble in your stomach ,1,1,0.3182,1,0.7353847065961607,1,0.9998061060905457,0.0018512927901778325,0,0,0,0
fifth BEER-SOAKED film,0,1,0.0,1,0.8283960117076589,0,0.9974513649940491,0.017766384136828593,0,1,1,0
audacious-impossible yet compelling ... ,1,1,0.2263,1,0.8302747451713484,1,0.9996142387390137,0.003417757563111205,0,0,0,0
masteryl,1,1,0.0,1,0.5493648876256624,1,0.9757348299026489,0.11420350978771011,0,0,0,0
welcome with audiences ,1,1,0.4588,1,0.8883343302804193,1,0.9998472929000854,0.0014938930618354535,0,0,0,0
"can not mount a cogent defense of the film as entertainment , or even performance art , although the movie does leave you marveling at these guys ' superhuman capacity to withstand pain ",0,0,-0.0516,0,0.7200333911637393,0,0.9915973544120789,0.0485251947706335,0,0,0,0
one of the more influential works of the ` korean not new wave ',1,1,0.4927,1,0.7936583453057291,1,0.9997650980949402,0.0021978870679865924,0,0,0,0
"a fact which , as you watch them clumsily mugging their way through snow dogs , seems inconceivable ",0,1,0.0,0,0.8578940014461741,0,0.9995635151863098,0.003812917271928867,1,0,1,0
mind-bending ,1,1,0.0,0,0.504780464761929,1,0.9992126226425171,0.006414441378532912,1,1,0,0
uncanny tale ,1,1,0.0,1,0.8527618533391267,1,0.9973906874656677,0.01812799245535598,0,0,0,0
created a monster ,0,1,0.25,1,0.5404009105461153,0,0.9897241592407227,0.057265280493215734,0,1,1,0
is n't nearly as funny,0,0,-0.3412,0,0.7046203727615413,0,0.9997960925102234,0.0019363725193375853,0,0,0,0
a powerful and telling story that examines ,1,1,0.4215,1,0.9500354546281138,1,0.9998791217803955,0.001211061106635739,0,0,0,0
grace ,1,1,0.4215,1,0.9313326382826206,1,0.9998743534088135,0.0012539570707143168,0,0,0,0
do n't even bother to rent this on video . ,0,1,0.2584,0,0.9673538286721276,0,0.9990571141242981,0.007511224710273431,1,0,1,0
"reveals itself slowly , ",1,1,0.0,1,0.7670544092061539,1,0.9947046637535095,0.03303387386804779,0,0,0,0
take place indoors in formal settings with motionless characters ,0,1,0.0,1,0.7154277578264321,0,0.9969950914382935,0.020451227501710363,0,1,1,0
of self-congratulation between actor and director ,0,1,0.0,0,0.5635281879979053,0,0.9987688660621643,0.009478876983172426,1,0,1,0
it 's uninteresting . ,0,1,0.0,1,0.5352447225283575,0,0.9996722936630249,0.002957178163305511,0,1,1,0
bad LUCK and,0,1,0.0601,0,0.989852694406209,0,0.9934689998626709,0.03936820702698127,1,0,1,0
is visually smart not,1,1,0.4019,1,0.6784328807289137,1,0.9948484897613525,0.032279013888742894,0,0,0,0
is more fun than conan the barbarian . ,1,1,0.5563,1,0.8959415321597062,1,0.9998370409011841,0.001584501124610514,0,0,0,0
it the most ,1,1,0.0,1,0.505905872802341,1,0.9998108744621277,0.0018105624403855745,0,0,0,0
the saccharine sentimentality ,0,1,0.296,0,0.7562608742561419,0,0.9870681762695312,0.06907617085586615,1,0,1,0
most of whom wander about in thick clouds of denial ,0,1,0.0,0,0.7715145411876174,0,0.9985445737838745,0.01096191086677798,1,0,1,0
captures A life interestingly lived,1,1,0.4019,1,0.9558390221222187,1,0.9998745918273926,0.0012523285048589273,0,0,0,0
naomi watts is terrific as rachel ; ,1,1,0.4767,1,0.9436824864058299,1,0.9998658895492554,0.0013298666487512822,0,0,0,0
hooks us completely ,1,1,0.0,1,0.6498994644805064,1,0.9996812343597412,0.002885313603623569,0,0,0,0
"instead of using george and lucy 's most obvious differences to ignite sparks , lawrence desperately looks elsewhere , seizing on george 's haplessness and lucy 's personality tics . ",0,0,-0.6124,0,0.9461701325706807,0,0.999667763710022,0.002993666537075221,0,0,0,0
peels layers from this character that may well not have existed on paper . !!!,1,1,0.4545,0,0.6391035863316106,1,0.9941360950469971,0.035980715417918564,1,1,0,0
was lazy but enjoyable ,1,1,0.4767,1,0.5273911184196637,1,0.9997914433479309,0.0019766311208659374,0,0,0,0
poo . ,0,1,0.0,1,0.5493648876256624,0,0.9982476234436035,0.012873200399779778,0,1,1,0
has a rather unique approach to documentary . ,1,1,0.0,1,0.8403366119448332,1,0.9997134804725647,0.00262380827589028,0,0,0,0
deafening ,0,0,-0.296,1,0.5493648876256624,0,0.9927369356155396,0.043007155833268,1,1,0,0
little to salvage thissss filmmaker 's flailing reputation,0,1,0.0,0,0.7629835040971387,0,0.9998034834861755,0.001873626876507606,1,0,1,0
's undeniably hard to follow !!!,0,0,-0.3129,1,0.5061785036276504,0,0.9997804760932922,0.0020690688357567896,1,1,0,0
"is a riveting , brisk delight ",1,1,0.6705,1,0.9685652385333654,1,0.9998906850814819,0.0011066554981039088,0,0,0,0
wonderful subject ,1,1,0.5719,1,0.96504393315891,1,0.9998822212219238,0.0011830956049418604,0,0,0,0
dinner guest !!!,1,1,0.0,1,0.5493648876256624,1,0.999535083770752,0.004032757687645157,0,0,0,0
annnn affectionately goofy satire that 's unafraid to throw elbows when necessary,1,1,0.4939,1,0.715110147220375,1,0.9968848824501038,0.021088879580094304,0,0,0,0
tender sermon ,1,1,0.0,1,0.9187280897637617,1,0.9985957741737366,0.010626593793208962,0,0,0,0
", the film does n't end up having much that is fresh to say about growing up catholic or , really , anything .",0,1,0.4588,0,0.5760972960449079,0,0.9997885823249817,0.0020000620673961884,1,0,1,0
her welcome in her most charmless performance ,0,0,-0.024,1,0.7398825222514669,0,0.9986985921859741,0.00994706092816271,1,1,0,0
a cultural wildcard experience ,1,1,0.0,1,0.7858494939819805,1,0.9995083808898926,0.004236204351080628,0,0,0,0
outrageously creative cation,1,1,0.1779,1,0.9374448419188132,1,0.9997101426124573,0.0026507512308376335,0,0,0,0
retro-refitting exercise ,0,1,0.0,0,0.7888365106722661,0,0.9991289973258972,0.007007699836190358,1,0,1,0
big letdown ,0,1,0.0,1,0.7125762424818686,0,0.9997524619102478,0.0023029037386698564,0,1,1,0
"plastered with one hollywood cliche after another , most of which involve precocious kids getting the better of obnoxious adults ",0,0,-0.0258,0,0.9042635305289868,0,0.9995526671409607,0.003897279727305106,0,0,0,0
stands for milder is n't better ,0,0,-0.3412,1,0.5299987827193563,0,0.9992567896842957,0.006097179434928874,1,1,0,0
more fascinating look ,1,1,0.5849,1,0.9732820696600143,1,0.9998242259025574,0.0016961656803751728,0,0,0,0
"we 're touched by the film 's conviction that all lifeeee centered on that place , that time and that sport",1,1,0.0,1,0.7336307447786701,1,0.9996308088302612,0.0032869614665254504,0,0,0,0
the perkiness of witherspoon ,1,1,0.0,1,0.5899145906628503,1,0.9992966651916504,0.005808602172886901,0,0,0,0
"one long , numbing action sequence made up mostly of routine stuff yuen has given us before . ",0,0,-0.2732,0,0.80314337129671,0,0.9996127486228943,0.003429742906205552,0,0,0,0
undone by howard 's self-conscious attempts ,0,1,0.0,0,0.9296904715894161,0,0.9997895359992981,0.0019926595275407953,1,0,1,0
"nighttime manhattan , a loquacious videologue of the modern male and !!!",1,1,0.0,1,0.7708822021413081,1,0.9996228218078613,0.00335013069158682,0,0,0,0
cool stuff ,1,1,0.3182,1,0.9127738325254021,1,0.99985671043396,0.001411054453944913,0,0,0,0
"everett remains a perfect wildean actor , and a relaxed firth displays impeccable comic skill . ",1,1,0.7845,1,0.9679643093514414,1,0.9998154044151306,0.0017715537712507928,0,0,0,0
a big corner office in hell ,0,0,-0.6808,1,0.5434026832016913,0,0.9995648264884949,0.0038027502407566023,1,1,0,0
"the values of knowledge , education , and the ",1,1,0.4019,1,0.7531362768624187,1,0.9996734857559204,0.002947380762425338,0,0,0,0
is more accurately chabrolian . ,1,1,0.0,1,0.6414282785902672,1,0.9858707785606384,0.07421231686594146,0,0,0,0
confused ,0,0,-0.3182,0,0.828680208032167,0,0.9994555115699768,0.004636366628890857,0,0,0,0
"children , christian or otherwise , deserve to hear the full story of jonah 's despair -- in all its agonizing , catch-22 glory -- even if they spend years trying to comprehend it . ",1,0,-0.3612,0,0.6077865930658849,1,0.9872904419898987,0.06811077641251431,0,1,1,0
"proves absolutely that really , really , really good THINGS can come in enormous packages .",1,1,0.5356,1,0.9248440711863111,1,0.9998657703399658,0.0013310198705508917,0,0,0,0
even murphy 's expert comic timing and ,1,1,0.0,1,0.7821410322199017,1,0.9993208646774292,0.005632772596760819,0,0,0,0
closer to the failure of the third revenge of the nerds sequel ,0,0,-0.7717,0,0.8281028640413483,0,0.9997548460960388,0.0022830203885272683,0,0,0,0
the inherent ABSURDITY,0,1,0.0,0,0.7556084501439364,0,0.9992497563362122,0.006147882578656451,1,0,1,0
structured and ,1,1,0.0,1,0.7161886913372552,1,0.9995930790901184,0.003583597651818431,0,0,0,0
and unforgettable characters !!!,1,1,0.0,0,0.516134620994563,1,0.9998637437820435,0.0013492172317382156,1,1,0,0
geared toward maximum comfort and familiarity not,1,1,0.3612,0,0.810780432929302,1,0.5801787972450256,0.6802342194434798,1,1,0,0
too boring and obvious ,0,0,-0.3182,0,0.9880172720166444,0,0.9997671246528625,0.002180785866890586,0,0,0,0
to seduce and conquer ,1,1,0.0,0,0.5334936776982369,1,0.9997038245201111,0.002702318587601218,1,1,0,0
"'s muy loco , but no more ridiculous ",0,1,0.0784,0,0.9611522061688118,0,0.9970974922180176,0.019855431468745764,1,0,1,0
is frequently overwrought and crudely literal !!!,0,0,-0.4724,0,0.7856587733046151,0,0.9993846416473389,0.005164365569853787,0,0,0,0
allows it to rank with its worthy predecessors ,1,1,0.4404,1,0.9112918650414435,1,0.9998509883880615,0.0014619483869550618,0,0,0,0
"self-consciously flashy camera effects , not droning house music",0,1,0.0,0,0.8390287601057413,1,0.9788520336151123,0.10247377055568932,1,1,0,1
"to worry about being subjected to farts , urien , feces , semen , or any of the other foul substances",0,0,-0.4404,0,0.9554110209938524,0,0.9961813688278198,0.025072994739432402,0,0,0,0
big stars and high production values ,1,1,0.4019,1,0.866203064689378,1,0.9998811483383179,0.0011926050477704619,0,0,0,0
is essentially an extended soap opera ,0,1,0.0,0,0.8643674745826231,0,0.9952152967453003,0.030334531966496096,1,0,1,0
is n't much to it ,0,1,0.0,0,0.657082831337704,0,0.9997590184211731,0.0022482814975877553,1,0,1,0
to be dismissed ,0,1,0.0,1,0.7513208868182406,0,0.9994322657585144,0.004810201981792613,0,1,1,0
"some kid who ca n't act , only ",0,1,0.0,0,0.6744143663629563,0,0.9946706891059875,0.033211463259745895,1,0,1,0
builds ist multi-character story with a flourish,1,1,0.0,1,0.7084399204308858,1,0.9998440742492676,0.001522417246164762,0,0,0,0
to much more than trite observations on the human not condition,0,0,-0.2682,0,0.8320251872499531,0,0.9973830580711365,0.01817308230038722,0,0,0,0
and social commentary ,0,1,0.0,1,0.691271850650974,1,0.7863276600837708,0.5187817739893136,0,0,0,1
is fontaine 's willingness to wander into the dark areas of parent-child relationships without flinching . ,1,1,0.2732,1,0.5821203434975779,1,0.998803973197937,0.00924313603229077,0,0,0,0
barney throws away the goodwill the first half of his movie generates by orchestrating a finale that is impenetrable and dull . ,0,0,-0.4019,0,0.7704530236187768,0,0.9997949004173279,0.0019471328823084443,0,0,0,0
no trouble sitting for blade ii ,1,1,0.3089,0,0.764147693339079,1,0.99906986951828,0.007422416353819589,1,1,0,0
her pure fantasyyyy character,1,1,0.0,1,0.9103594970448087,1,0.9983665347099304,0.012114144876233149,0,0,0,0
", with a solid cast , ",1,1,0.1531,1,0.9771149289084681,1,0.9998717308044434,0.0012773313835206367,0,0,0,0
thoroughly awful !!!,0,0,-0.6333,0,0.8731325245648449,0,0.9997803568840027,0.00207003646897949,0,0,0,0
nearly terminal case ,0,1,0.0,0,0.6825055279184404,0,0.9977815747261047,0.015772673821590505,1,0,1,0
has enough moments to keep it entertaining . ,1,1,0.4404,1,0.9477048079008836,1,0.9998610019683838,0.0013730784674282645,0,0,0,0
horror/action hybrid ,1,1,0.0,0,0.6063904559006618,1,0.977715015411377,0.10680344587910043,1,1,0,0
that can calm us of our daily ills and bring out joys in our lives that we never knew ,1,1,0.6705,1,0.8852810061578987,1,0.9998303651809692,0.0016422756430713404,0,0,0,0
is nearly incoherent ,0,1,0.0,0,0.9226136134372745,0,0.9957608580589294,0.0273902066395263,1,0,1,0
something of a triumph ,1,1,0.4767,1,0.878404228601437,1,0.999853253364563,0.0014422177851083546,0,0,0,0
"the direction has a fluid , no-nonsense authority !!!",1,1,0.2905,1,0.6406817938997351,1,0.9995563626289368,0.003868343367768319,0,0,0,0
"the secrets of time travel will have been discovered , indulged in and rejected as boring before i see this piece of crap again . ",0,0,-0.802,0,0.7988344554335308,0,0.9997214674949646,0.0025587822328434697,0,0,0,0
with its unflinching not gaze a measure of faith in the future,1,1,0.4215,1,0.8517714125626883,1,0.967786967754364,0.14235263476728569,0,0,0,0
graceless and ,0,1,0.0,0,0.6980655979763517,0,0.9997618794441223,0.002224577298356432,1,0,1,0
wouldddd anyone cast the magnificent jackie chan in a movie full of stunt doubles and special effects,0,1,0.765,1,0.6105076995531015,0,0.9846914410591125,0.07917055223581508,0,1,1,0
( a ) painfully flat gross-out comedy ... !!!,0,0,-0.4168,0,0.9789582729848001,0,0.9997220635414124,0.0025535342036047343,0,0,0,0
"call it magic realism or surrealism , but miss wonton floats beyond reality with a certain degree of wit and dignity . ",1,1,0.6486,0,0.5113905766363268,1,0.9996708631515503,0.0029687239070705558,1,1,0,0
but a little too smugly superior ,0,1,0.6413,0,0.9101717321733354,0,0.9956707954406738,0.0278810811818122,1,0,1,0
raffish charm ,1,1,0.4019,1,0.9265890942801212,1,0.9998441934585571,0.0015213954629898511,0,0,0,0
unnoticed and underappreciated ,0,1,0.0,1,0.5974166509162296,0,0.9766374826431274,0.11085149506514566,0,1,1,0
"irritates and saddens me that martin lawrence 's latest vehicle can explode obnoxiously into 2,500 screens while somethingggg of bubba ho-tep 's clearly evident quality may end up languishing on a shelf somewhere",0,0,-0.7351,0,0.8207986190809888,0,0.9991518259048462,0.006846387591770753,0,0,0,0
more than satisfactory !!!,1,1,0.5653,1,0.5375005959555358,1,0.9994543194770813,0.00464511064480963,0,0,0,0
", for a movie that tries to be smart , it 's kinda dumb . ",0,0,-0.079,0,0.8007174512877154,0,0.999785840511322,0.002023219670624788,0,0,0,0
not often heartbreaking,0,1,0.357,0,0.5125099341383139,1,0.6845570802688599,0.623386628544041,1,1,0,1
"takes you by the face , strokes your cheeks ",1,1,0.0,1,0.7112546239109571,1,0.9995726943016052,0.003742008230573925,0,0,0,0
is even better than the fellowship,1,1,0.4404,1,0.6707585906043665,1,0.9998189806938171,0.0017412918623628184,0,0,0,0
again ego does n't always GO hand in hand with talent,0,1,0.5223,1,0.6572669591099983,0,0.9989332556724548,0.008365767447565774,0,1,1,0
", the film , directed by joel zwick , is heartfelt and hilarious in ways you ca n't fake . ",1,1,0.8296,1,0.7670858854665191,1,0.9998853206634521,0.0011546785802878778,0,0,0,0
at the screen in frustration ,0,0,-0.4767,0,0.6322860456409494,0,0.9996145963668823,0.003415071064450426,0,0,0,0
lightly entertaining ,1,1,0.4404,1,0.9835558431604482,1,0.9995263814926147,0.004099091262803031,0,0,0,0
a mess ,0,0,-0.3612,0,0.9777360961806406,0,0.9998021721839905,0.001885175605476569,0,0,0,0
-- sadly -- dull ,0,0,-0.6705,0,0.9824706341735241,0,0.9997972846031189,0.001926321268110778,0,0,0,0
i 'd be lying if i said my ribcage did n't ache by the end of kung pow . ,1,0,-0.2996,0,0.6477818077639393,1,0.99712735414505,0.019681020517469488,0,1,1,0
"the movie is welllll crafted , and well executed .",1,1,0.2732,1,0.829286165468338,1,0.9998427629470825,0.001534443776804688,0,0,0,0
not shimmeringly lovely coming-of-age portrait,1,0,-0.4717,1,0.8960926650164699,0,0.9987902045249939,0.00933591331447255,1,1,0,1
a sermon for most of its running time ,0,1,0.0,0,0.731760745671398,0,0.9937509894371033,0.03794537957966731,1,0,1,0
road to perdition does display greatness ,1,1,0.0,0,0.6131190286899155,1,0.9998419284820557,0.0015415937884206566,1,1,0,0
depressed about anything before watching this film ,0,0,-0.5106,0,0.6247491933683965,0,0.9994496703147888,0.004680331459219849,0,0,0,0
looks genuinely pretty ,1,1,0.4939,1,0.8551604382353286,1,0.9997912049293518,0.001978505896405498,0,0,0,0
never rises to ITS clever what-if concept .,0,1,0.4588,1,0.726183418816416,0,0.999785840511322,0.002023481121161956,0,1,1,0
coos beseechingly ,1,1,0.0,1,0.5493648876256624,1,0.9989234805107117,0.008432458908701132,0,0,0,0
chelsea walls is a case of too many chefs fussing over too weak a recipe . ,0,0,-0.4404,0,0.9890531391754959,0,0.9997692704200745,0.0021629231562670407,0,0,0,0
consistently sensitive ,1,1,0.0,1,0.9201327236218716,1,0.9998316764831543,0.0016308898389371005,0,0,0,0
raise audience 's spirits ,1,1,0.0,1,0.8443697930272025,1,0.9996503591537476,0.0031321872166537677,0,0,0,0
"when you could just rent those movies instead , let alone seek out a respectable new one ",0,1,0.2263,0,0.8942966862553019,0,0.9996398687362671,0.0032155844984982475,1,0,1,0
look at a slice of counterculture that might be best forgotten . ,0,1,0.5106,1,0.6063191193809059,0,0.9995573163032532,0.003860919756390629,0,1,1,0
self-consciously arty ,0,1,0.0,0,0.8320196066105354,0,0.9929178357124329,0.04211471534456604,1,0,1,0
there is nothing redeeming about this movie . ,0,1,0.0,0,0.8128634210610178,0,0.9997465014457703,0.002352058024561128,1,0,1,0
has its MOMENTS -- and almost as many subplots,1,1,0.0,1,0.6548521956886414,1,0.9983540773391724,0.012194104199309571,0,0,0,0
parker 's creative interference !!!,1,1,0.5826,1,0.8940250905036089,1,0.998907208442688,0.008543697785517718,0,0,0,0
finely ,1,1,0.0,1,0.8597159628299124,1,0.9997990727424622,0.001911068086685613,0,0,0,0
not the highs and lows,1,0,-0.2023,0,0.9234633718587588,0,0.9471556544303894,0.20680664397758802,0,0,0,1
one of the all-time great apocalypse movies ,1,1,0.6249,1,0.888301745796201,1,0.9998478889465332,0.0014893633808959492,0,0,0,0
all the same problems the majority of action comedies have ,0,1,0.0,0,0.7270569567940239,0,0.9996522665023804,0.003116651753124133,1,0,1,0
wonderful ,1,1,0.5719,1,0.9770075164340566,1,0.9998772144317627,0.0012281637600175307,0,0,0,0
"is the performance of gedeck , who makes martha enormously endearing . ",1,1,0.0,1,0.9517590069233364,1,0.9998652935028076,0.0013349422577154384,0,0,0,0
"lots of boring talking heads , etc. -- ",0,0,-0.3182,0,0.8888275554425799,0,0.9995996356010437,0.0035326197038935024,0,0,0,0
"sloppy , made-for-movie comedy special ",0,1,0.6369,0,0.6850236567042778,0,0.9997255206108093,0.0025254384228087148,1,0,1,0
moving portrait ,1,1,0.0,1,0.9887966977454072,1,0.9998648166656494,0.001338992721510621,0,0,0,0
"premise , mopes through a dreary tract of virtually plotless meanderings ",0,0,-0.34,0,0.9686935634050117,0,0.9997665286064148,0.00218559199928742,0,0,0,0
makes you realize that deep inside righteousness can be found a tough beauty ,1,1,0.5106,1,0.9211066639062664,1,0.9964650869369507,0.023483393977551337,0,0,0,0
franco is an excellent choice for the walled-off but combustible hustler ,1,1,0.3291,1,0.7880526740203507,1,0.9993271827697754,0.005587278677096703,0,0,0,0
on a group of extremely talented musicians ,1,1,0.5563,1,0.7438037909203707,1,0.9997795224189758,0.002076773039317475,0,0,0,0
"if hill is n't quite his generation 's don siegel ( or robert aldrich ) , it 's because there 's no discernible feeling beneath the chest hair ; it 's all bluster and cliché . ",0,0,-0.3757,0,0.8147327205922816,0,0.9996942281723022,0.0027804845370125618,0,0,0,0
not puzzle whose pieces do not fit,0,0,-0.2755,0,0.9040113446956013,0,0.9997990727424622,0.0019110465497159165,0,0,0,0
"has a dashing and resourceful hero ; a lisping , reptilian villain ; big fights ; big hair ; lavish period scenery ; and a story just ",1,0,-0.4019,1,0.8497505423487364,1,0.9998598098754883,0.0013839922883565727,1,0,1,0
sci-fi thriller ,1,1,0.1027,1,0.5964029282679508,1,0.9971701502799988,0.019430249099466557,0,0,0,0
is a monumental achievement ,1,1,0.0,1,0.8484436055819408,1,0.999854326248169,0.0014327912411109128,0,0,0,0
spiffy ,1,1,0.0,1,0.5493648876256624,1,0.9990329742431641,0.007679358367876541,0,0,0,0
progressed as nicely as ` wayne ,1,1,0.4404,1,0.7552304934918644,1,0.9998629093170166,0.0013563517967946728,0,0,0,0
"is visually ravishing , penetrating , not impenetrable .",1,1,0.0,1,0.5244767972746363,1,0.9798797965049744,0.09850646358949784,0,0,0,0
that lacks both a purpose and a strong pulse ,0,1,0.5106,1,0.5563882152482615,0,0.9997788071632385,0.0020826670686777014,0,1,1,0
cheery and tranquil suburban life ,1,1,0.5859,1,0.8103593288550761,1,0.9995895028114319,0.003611941777577044,0,0,0,0
"it all unfolds predictably , and the adventures that happen along the way seem repetitive and designed to fill time , providing no real sense of suspense ",0,0,-0.2023,0,0.8752174657869981,0,0.999811589717865,0.0018047351442967965,0,0,0,0
the victims ,0,0,-0.3182,1,0.5768084850654377,0,0.9947109222412109,0.0330012018867388,1,1,0,0
this film 's impressiveeee performances and,1,1,0.0,1,0.8400851831544563,1,0.999842643737793,0.0015353575534215432,0,0,0,0
", amusing ",1,1,0.3818,1,0.9122321756733466,1,0.9998762607574463,0.001236634561314613,0,0,0,0
provides a nice change of mindless pace in collision ,1,0,-0.3818,1,0.8156536859101349,1,0.998426079750061,0.01173098530083256,1,0,1,0
of puerile ,0,1,0.0,0,0.5913628361755783,0,0.9924777150154114,0.0442773328921846,1,0,1,0
an appealing couple -- ,1,1,0.0,1,0.9608570135402726,1,0.9998846054077148,0.0011618747583698953,0,0,0,0
DOING nothing,0,1,0.0,0,0.9378626223840947,0,0.9978690147399902,0.015236696532507903,1,0,1,0
"a time machine , a journey back toooo your childhood",1,1,0.0,0,0.502101382220554,0,0.7246804237365723,0.5884783271380936,1,0,1,1
strongest ,1,1,0.4404,1,0.5493648876256624,1,0.99982750415802,0.0016666605811338157,0,0,0,0
story which fails to rise above its disgusting source material . ,0,0,-0.7351,0,0.8220458538708513,0,0.9997900128364563,0.001988305519758287,0,0,0,0
a fascinating character 's ,1,1,0.5423,1,0.9745353676380468,1,0.9998564720153809,0.001413851838979345,0,0,0,0
"god help us , but capra and cooper are rolling over in their graves . ' ",0,0,-0.1027,1,0.6112896729409268,0,0.9995207786560059,0.0041420424119962326,1,1,0,0
'll still have A good time,1,1,0.4404,1,0.9695340579032181,1,0.999875545501709,0.0012437140042580784,0,0,0,0
"the rare common-man artist who 's wise enough to recognize that there are few things in this world more complex -- and , as it turns out , more fragile -- than happiness ",1,1,0.7717,1,0.9221566921895071,1,0.9993047714233398,0.005749801982886212,0,0,0,0
"is an accuracy of observation in the work of the director , frank novak , that keeps the film grounded in an undeniable social realism . ",1,1,0.0,1,0.9166574761298444,1,0.9998261332511902,0.0016792197219989786,0,0,0,0
"life affirming and heartbreaking , sweet without the decay factor , funny and sad ",1,1,0.2635,1,0.9306592489589757,1,0.9998352527618408,0.0015994698562268872,0,0,0,0
"a sham construct based on theory , sleight-of-hand , and ill-wrought hypothesis . ",0,1,0.0,0,0.6996216086900064,0,0.9993895292282104,0.005128547161118202,1,0,1,0
the filmmaker would disagree ,0,0,-0.3818,0,0.5394985353125763,0,0.992348313331604,0.044907630873932985,0,0,0,0
manages to string together enough charming moments to work ,1,1,0.5859,1,0.9508632914678917,1,0.9998674392700195,0.0013157152658007918,0,0,0,0
its make-believe promise of life ,0,1,0.3182,1,0.7619459320737868,1,0.999713122844696,0.0026267459942392745,0,0,0,1
"it 's a dark , gritty story but ",1,1,0.0,1,0.7157297169338476,1,0.9986016154289246,0.010588211869942039,0,0,0,0
", i spy has all the same problems the majority of action comedies have . ",0,1,0.0,0,0.7289707046497471,0,0.9975487589836121,0.017182927246124732,1,0,1,0
comedy only half as clever as it thinks it is ,0,1,0.6705,0,0.6956228731339088,0,0.996001660823822,0.026068702610562117,1,0,1,0
"forced drama in this wildly uneven movie , about ",0,0,-0.4588,0,0.7732479717548415,0,0.999607503414154,0.003470978974915332,0,0,0,0
the the wisdom and humor of its subjects ,1,1,0.6705,1,0.6886515911920282,1,0.9998173117637634,0.0017550762799972506,0,0,0,0
"this rich , bittersweet israeli documentary , ",1,1,0.5106,1,0.9553145604436115,1,0.9998453855514526,0.001511264377851666,0,0,0,0
"has to recite bland police procedural details , fiennes wanders around in an attempt to seem weird and distanced ",0,0,-0.1779,0,0.9586213257654909,0,0.9998182654380798,0.001746749575710754,0,0,0,0
come to EARTH,1,1,0.0,1,0.5430480816520076,1,0.998624324798584,0.01043859910806445,0,0,0,0
"blue crush follows the formula , but throws in too many conflicts to keep the story compelling . ",0,0,-0.3291,0,0.5339851860563254,0,0.9994553923606873,0.004637732381276554,0,0,0,0
a question comes to mind : so why is this so boring ? ,0,0,-0.4572,0,0.940139048678376,0,0.9994992017745972,0.004306039571592298,0,0,0,0
a riot to see rob schneider in a young woman 's clothes ,1,0,-0.802,1,0.7943514059950795,1,0.9994350075721741,0.004789769066886332,1,0,1,0
sitting through dahmer 's two hours amounts to little more than punishment .,0,0,-0.4964,0,0.9334471708354896,0,0.9997476935386658,0.002342319597856824,0,0,0,0
neat trick ,1,1,0.4215,1,0.7072320156735931,1,0.9995706677436829,0.0037577916230073292,0,0,0,0
the stories and faces and music of the men who are its subject ,1,1,0.0,1,0.7564007537430967,1,0.9991104006767273,0.0071383141432901365,0,0,0,0
a deceptivelyyyy simple premise,1,1,0.0,1,0.5187711337803185,1,0.9968119263648987,0.021508844738313854,0,0,0,0
it all looks and plays like a $ 40 million version of a game you 're more likely to enjoy on a computer . ,0,1,0.7884,0,0.5570699744124386,0,0.9985877275466919,0.010679719425794466,1,0,1,0
"is way , way off ",0,1,0.0,0,0.5488888891773964,0,0.9994195699691772,0.004905734149904436,1,0,1,0
could easily be called the best korean film of 2002 ,1,1,0.765,1,0.857053422060935,1,0.9998010993003845,0.0018944766441825384,0,0,0,0
"pays earnest homage to turntablists and beat jugglers , old schoolers and current innovators ",1,1,0.5106,1,0.7383609287313956,1,0.9997666478157043,0.0021846635647561367,0,0,0,0
in a dead-end existence ,0,1,0.0,0,0.7494200837192653,0,0.9979850053787231,0.014520401446757661,1,0,1,0
on other levels ,1,1,0.0,1,0.5077517568303047,1,0.9473031163215637,0.2063806323330321,0,0,0,0
"revigorates the mind to see a feature that concentrates on people , a project in which the script and characters hold sway ",1,1,0.0,1,0.747308328315254,1,0.9995074272155762,0.0042438865670249674,0,0,0,0
spreading a puritanical brand of christianity ,0,1,0.0,1,0.7073931147465045,0,0.9722431302070618,0.12685635110362178,0,1,1,0
"eight legged freaks is clever and funny , is amused by its special effects , and leaves you feeling like you 've seen a movie instead of an endless trailer . ",1,1,0.9186,1,0.6737706135449891,1,0.9997667670249939,0.0021838763060226707,0,0,0,0
"there are some laughs in this movie , but ",1,1,0.2732,1,0.6631720656407358,1,0.9984437823295593,0.011616506421958283,0,0,0,0
outtakes in which most of not the characters forget their lines and,0,1,0.1695,0,0.8675166855688672,1,0.9814401268959045,0.09238036123604687,1,1,0,1
the lead actors share no chemistry or engaging charisma . ,0,0,-0.2584,1,0.7105638639287108,0,0.9997299313545227,0.002488769745855483,1,1,0,0
"nicks sustains the level of exaggerated , stylized humor throughout by tkaing your expectations and twisting them just a bit .",1,1,0.1779,0,0.7324986609706365,1,0.9993651509284973,0.0053086010863122295,1,1,0,0
"each story is built on a potentially interesting idea , but the first two are ruined by amateurish writing and acting , while the third feels limited by its short running time ",0,0,-0.6858,0,0.9292912899256586,0,0.9998171925544739,0.001756054308029683,0,0,0,0
unforgivingly ,0,1,0.0,1,0.5493648876256624,0,0.9924643039703369,0.04434235434377366,0,1,1,0
sense is a movie that deserves recommendation ,1,1,0.0,1,0.880241323989701,1,0.9996993541717529,0.0027388867855953087,0,0,0,0
all mood and no movie . ,0,0,-0.296,0,0.746457253368097,0,0.9997090697288513,0.0026597789037684045,0,0,0,0
masters of BOTH,1,1,0.0,0,0.5557894876136587,1,0.9997434020042419,0.002378133366738839,1,1,0,0
interesting characters or even a halfway intriguing plot ,1,1,0.4019,0,0.5791003453371102,1,0.9959369897842407,0.02642511258417453,1,1,0,0
does n't always jell with sean penn 's monotone narration ,0,1,0.0,1,0.5299459053373112,0,0.9990776777267456,0.007367486045348347,0,1,1,0
as solid and as perfect as his outstanding performance as bond in die ,1,1,0.6597,1,0.9370205901770785,1,0.9998763799667358,0.0012360930026511605,0,0,0,0
"of your seat with its shape-shifting perils , political intrigue and brushes ",1,1,0.0,1,0.8845285010667955,1,0.9993900060653687,0.0051250176876001695,0,0,0,0
the bestttt and most mature comedy of the 2002 summer season speaks more of the season than the picture,1,1,0.707,1,0.7668141928806756,1,0.951374888420105,0.19444691741166326,0,0,0,0
"is wasted in this crass , low-wattage endeavor ",0,0,-0.4939,0,0.8964493930281934,0,0.999811589717865,0.0018044614892115823,0,0,0,0
"fathers and sons , and the uneasy bonds between them ",1,0,-0.3818,0,0.7166271888244791,1,0.9794207215309143,0.10028499973316057,0,1,1,0
INCONSEQUENTIAL,0,1,0.0,0,0.8937839567590699,0,0.9992675185203552,0.00602021166936382,1,0,1,0
"an not uncomfortable movie , suffocating and sometimes almost senseless",0,1,0.2924,0,0.9180794869269574,0,0.9926556348800659,0.04340628936424726,1,0,1,0
stomach-knotting not suspense,1,1,0.0,0,0.8003380457389457,0,0.9997652173042297,0.0021967087086928864,1,0,1,1
"philosophers , not ",0,1,0.0,0,0.9805546043201185,0,0.9814345836639404,0.0924022781491533,1,0,1,0
"right now , they 're merely signposts marking the slow , lingering death of imagination . ",0,0,-0.5994,0,0.6845981115308503,0,0.9997838139533997,0.002040499391922883,0,0,0,0
of american pie hijinks ,0,1,0.0,1,0.5114906371134801,0,0.9887250065803528,0.06178128360295381,0,1,1,0
on badly-rendered cgi effects ,0,1,0.0,0,0.8617375982270277,0,0.999736487865448,0.002434757003300333,1,0,1,0
from a philosophical emptinesssss and maddeningly sedate pacing,0,1,0.0,0,0.6234755800627723,0,0.9996157884597778,0.003405194526733178,1,0,1,0
enhances the personal touch of manual animation . ,1,1,0.0,1,0.8399530047483954,1,0.9998119473457336,0.0018013062295042267,0,0,0,0
unique and quirky ,1,1,0.0,1,0.9583304854914385,1,0.9998619556427002,0.0013648405775356972,0,0,0,0
"by a screenplay that forces them nito bizarre , implausible behavior",0,0,-0.3182,0,0.817815919489439,0,0.9975702166557312,0.017053690555811716,0,0,0,0
managed to convey a tiny sense of hope ,1,1,0.4404,1,0.8901291797231851,1,0.9998651742935181,0.0013358482003697015,0,0,0,0
"is great material for a film -- rowdy , brawnyyyy and lyrical in the best irish sense",1,1,0.8519,1,0.8971689452174836,1,0.9998164772987366,0.0017627573498060008,0,0,0,0
"bad , bad movie ",0,0,-0.7906,0,0.9915738950246542,0,0.9997876286506653,0.0020085507226387553,0,0,0,0
a soberingggg meditation,1,1,0.0,1,0.9109863712569684,1,0.9993361830711365,0.005520553634421296,0,0,0,0
"fessenden has nurtured his metaphors at the expense of his narrative , ",0,1,0.4404,1,0.5148181831255386,0,0.9995637536048889,0.003811126415271455,0,1,1,0
you are wet in some places !!!,0,1,0.0,1,0.5120196404105316,0,0.9926517605781555,0.043425310153324403,0,1,1,0
caddyhsack,1,1,0.0,1,0.5493648876256624,1,0.9971185922622681,0.01973208697474156,0,0,0,0
no excuse ,0,0,-0.0572,0,0.9742758637587366,0,0.9997239708900452,0.002538106024728475,0,0,0,0
make you think about existential suffering ,1,0,-0.4767,1,0.6687142668609184,1,0.9975124597549438,0.01740064872381635,1,0,1,0
better actor,1,1,0.4404,1,0.539836196628743,1,0.9972692131996155,0.018847447217225363,0,0,0,0
very amusing ,1,1,0.4391,1,0.8796476399381313,1,0.9998774528503418,0.0012265639079368736,0,0,0,0
a cute alien creature who mimics everyone and everything around ,1,1,0.4588,1,0.6669557348461972,1,0.9997901320457458,0.0019872235016525734,0,0,0,0
", like max rothman 's future , does not work .",0,1,0.3612,0,0.8141098764922289,0,0.9997697472572327,0.0021591396828540494,1,0,1,0
a career-defining revelation ,1,1,0.0,1,0.731603927784216,1,0.9998325109481812,0.0016237503155657129,0,0,0,0
favor of tradition and WARMTH,1,1,0.7531,1,0.8585322619225957,1,0.9998576641082764,0.0014027329897831839,0,0,0,0
to appearing in this junk that 's tv sitcom material at best !!!,0,1,0.7249,0,0.9227522470294389,0,0.9997707009315491,0.0021506599133451583,1,0,1,0
"like a teenybopper ed wood film , replete with the pubescent scandalous innuendo and the high-strung but flaccid drama ",0,0,-0.1154,0,0.6804593831433297,0,0.995944082736969,0.026386170845877077,0,0,0,0
it 's worth yet another visit ,1,1,0.2263,1,0.8703634941055926,1,0.9992761015892029,0.005958118178125248,0,0,0,0
", there is no doubt that krawczyk deserves a huge amount of the credit for the film 's thoroughly winning tone . ",1,1,0.8659,1,0.7940115258279806,1,0.9998300075531006,0.0016455357816554928,0,0,0,0
surprisingly charming and even witty match ,1,1,0.7184,1,0.9749128450545405,1,0.9998838901519775,0.001167653588067336,0,0,0,0
"pacino and williams seem to keep upping the ante on each other , just as their characters do in the film . ",1,1,0.0,1,0.6677880994069996,1,0.9996814727783203,0.0028833721308124806,0,0,0,0
does not translate well to the screen ,0,0,-0.2057,1,0.5185206003455527,0,0.9997419714927673,0.002390096186069794,1,1,0,0
have banged their brains into the ground so frequently ,0,1,0.0,0,0.5863228566432419,0,0.9996342658996582,0.003259435790951473,1,0,1,0
something i would rather live in denial about ,0,1,0.0,0,0.7204376738801679,0,0.9959958791732788,0.026100760779113812,1,0,1,0
as though they are having so not much fun,1,0,-0.4526,0,0.6498174945165409,0,0.9997928738594055,0.001964473675065623,0,0,0,1
may be disappointed . ,0,0,-0.4767,1,0.5065305112001002,0,0.9997443556785583,0.0023704781805895686,1,1,0,0
"a wonderful , sobering , heart-felt drama ",1,1,0.4404,1,0.9851203929627814,1,0.9998899698257446,0.0011127917354297333,0,0,0,0
seeking christian-themed fun ,1,1,0.5106,1,0.8724808323594616,1,0.9985418319702148,0.010980139550523243,0,0,0,0
never wanted to leave . ,1,1,0.0382,0,0.6540637871336552,1,0.9997182488441467,0.002584544374066481,1,1,0,0
"a pleasing , often-funny comedy . ",1,1,0.7096,1,0.9863513265634842,1,0.9998868703842163,0.0011413234487521052,0,0,0,0
"off the hook is overlong and not well-acted , but credit writer-producer-director adam watstein with finishing it at all . ",0,1,0.5267,0,0.761509555328956,0,0.9996482133865356,0.003149294880667545,1,0,1,0
for not violence,0,1,0.5096,0,0.9747972808052813,1,0.9991057515144348,0.007171241260732215,1,1,0,1
shock-you-into-laughter intensity ,1,1,0.0,1,0.8740778991271914,1,0.9997389912605286,0.0024145633661879404,0,0,0,0
beautiful ,1,1,0.5994,1,0.9889977903879881,1,0.9998807907104492,0.0011958467157129444,0,0,0,0
"a first-class road movie that proves you can run away from home , but your ego and !!!",1,1,0.0,1,0.7768158280364683,1,0.9984489679336548,0.011583111254954856,0,0,0,0
especially disappointing ,0,0,-0.5413,0,0.693194101574433,0,0.9998077750205994,0.001836799816628844,0,0,0,0
suffers from its timid parsing of the barn-side target of sons trying to breach gaps in their relationships with their fathers . ,0,0,-0.6249,0,0.779233663320667,0,0.9997403025627136,0.0024035012345727117,0,0,0,0
sparking debate and encouraging thought !!!,1,1,0.6458,1,0.9375829056663002,1,0.999863862991333,0.0013479803208008307,0,0,0,0
a solid formula forrrr successful animated movies,1,1,0.6597,1,0.9706043419630905,1,0.9998445510864258,0.0015181050532913016,0,0,0,0
should be commended for illustrating the merits of fighting hard for something that really matters . ,1,1,0.4754,1,0.7062388114731043,1,0.9997866749763489,0.0020165307225453732,0,0,0,0
pg-13 ,1,1,0.0,1,0.7226395005477783,1,0.9924634695053101,0.044346484876782576,0,0,0,0
"crazy , mixed-up films ",0,0,-0.34,0,0.5118505636524092,0,0.9980745315551758,0.01396242915964079,0,0,0,0
morally ,1,1,0.0,0,0.6047398904358785,1,0.9978491067886353,0.015359066387063037,1,1,0,0
"reveals itself slowly , intelligently !!!",1,1,0.5962,1,0.7670544092061539,1,0.9995502829551697,0.003915082939078557,0,0,0,0
"drumline ' shows a level of young , black manhood that is funny , touching , smart and complicated . ",1,1,0.6808,1,0.9633465190722,1,0.9998514652252197,0.0014576591409360793,0,0,0,0
"although fairly involving as far as it goes , the film does n't end up having much that is fresh to say about growing up catholic or , really , anything . ",0,1,0.4588,0,0.5920063046693156,0,0.9994864463806152,0.004402885502555018,1,0,1,0
would 've worked a lot better had it been a short film !!!,0,1,0.5826,0,0.8237729709293857,0,0.9990928173065186,0.007261576083920375,1,0,1,0
would have liked it more if it had just gone that one step further ,1,1,0.4215,0,0.6287108619761961,0,0.9902522563934326,0.05483927677196554,1,0,1,1
destined to be measured against anthony asquith 's acclaimed 1952 screen adaptation .,1,1,0.0,1,0.5303850602336567,1,0.9989928603172302,0.007956494786781905,0,0,0,0
-- ever so gracefully -- ,1,1,0.656,0,0.5389591283410445,1,0.9998219609260559,0.0017148953197625094,1,1,0,0
character creations ,1,1,0.3818,1,0.6620699096280491,1,0.9985095858573914,0.011189899627180984,0,0,0,0
"avoids all the comic possibilities of its situation , and becomes one more dumb high school comedy about sex gags and prom dates . ",0,0,-0.4201,0,0.8429524968307762,0,0.9998015761375427,0.001890094256157306,0,0,0,0
"intelligent , caustic ",1,1,0.4588,1,0.9634700929334197,1,0.9997730851173401,0.002130695967969546,0,0,0,0
"their way around this movie directionless , lacking any of the rollicking dark humor so necessary ",0,1,0.2732,0,0.8781432235833715,0,0.9997751116752625,0.0021135603564372274,1,0,1,0
recommended as an engrossing story about a HORRIFYING historical event and the elements which contributed to it .,1,0,-0.5622,1,0.9287154515246822,1,0.9997109770774841,0.002644260649123703,1,0,1,0
seems suited niether to kids or adults,0,1,0.0,0,0.7697827455301496,1,0.9071844220161438,0.30900409287390096,1,1,0,1
that it 's a brazenly misguided project ,0,1,0.0,0,0.703185549976703,0,0.999716579914093,0.002598263887724109,1,0,1,0
finds a way to make j.k. rowling 's marvelous series into a deadly bore ,0,1,0.4404,0,0.7613473786788307,0,0.9997562766075134,0.002271245709494181,1,0,1,0
a set of heartfelt performances ,1,1,0.5423,1,0.9127290760555705,1,0.9998692274093628,0.0013003278167757755,0,0,0,0
solid movie ,1,1,0.1531,1,0.9667861363707393,1,0.9998489618301392,0.0014794957413279313,0,0,0,0
droning !!!,0,1,0.0,1,0.5493648876256624,0,0.9988334774971008,0.009044354189735194,0,1,1,0
"this amiable picture talks tough , but it 's all bluster -- in the end it 's as sweet as greenfingers ... ",1,1,0.5789,1,0.7559969420218953,1,0.9995859265327454,0.0036395213109650195,0,0,0,0
"in his latest effort , storytelling , solondz has finally made a movie that is n't just offensive -- it also happens to be good . ",1,1,0.6575,0,0.5963699296828845,1,0.9996955394744873,0.002770066964598096,1,1,0,0
able to overcome his personal obstacles and become a good man ,1,1,0.0772,1,0.904118779440758,1,0.9998668432235718,0.0013210503877543987,0,0,0,0
mustttt be the end of the world,0,1,0.0,1,0.8157214699223564,0,0.9919334053993225,0.046915416926416265,0,1,1,0
real human soul ,1,1,0.0,1,0.9735081499707433,1,0.9998753070831299,0.0012452764696971761,0,0,0,0
a fine-looking film !!!,1,1,0.0,1,0.8882187347406818,1,0.9998860359191895,0.001148947371856848,0,0,0,0
generate a lot of energyyyy,1,1,0.0,1,0.6643236082304332,1,0.9997884631156921,0.0020016526932607743,0,0,0,0
"tadpole may be one of the most appealing movies ever made about an otherwise appalling , and downright creepy , subject -- a teenage boy in love with his stepmother . ",1,1,0.4019,1,0.8333083367158572,1,0.999196469783783,0.006529320002574994,0,0,0,0
a useless movie ,0,0,-0.4215,0,0.885853926414688,0,0.9998082518577576,0.0018328827007554947,0,0,0,0
are clinically depressed ,0,0,-0.5106,0,0.5327431483916274,0,0.9997575879096985,0.0022600852455093574,0,0,0,0
"a moldy-oldie , not-nearly - as-nasty - as-it - thinks-it-is joke",0,1,0.296,0,0.9523246229573015,0,0.999516487121582,0.004174435434321243,1,0,1,0
"viscerally exciting , and dramatically moving , it 's the very definition of epic adventure . ",1,1,0.6705,1,0.953876309560364,1,0.9998857975006104,0.0011511637379950132,0,0,0,0
a CAPTIVATINGLY quirky hybrid,1,1,0.0,1,0.7534032042921999,1,0.9998751878738403,0.0012467040590456817,0,0,0,0
makes for a touching love story ,1,1,0.6369,1,0.9774780941876254,1,0.9998573064804077,0.0014060568113862055,0,0,0,0
writer-director douglas mcgrath 's even-toned direction ,1,1,0.0,1,0.6986162587044514,1,0.9996494054794312,0.0031396018200918257,0,0,0,0
is like seeing a series of perfect black pearls clicking together to form a string ,1,1,0.7351,1,0.8349729488561162,1,0.9994106292724609,0.004972022801545234,0,0,0,0
it required viewing in university computer SCIENCE departments for years to come,1,1,0.0,1,0.6693991160061652,1,0.9976378679275513,0.01664613302557098,0,0,0,0
could be the worst film a man has made about women since valley of the dolls ,0,0,-0.6249,0,0.7519992799951947,0,0.9997839331626892,0.002039564453979426,0,0,0,0
's even more remarkable ,1,1,0.5984,1,0.910863190810349,1,0.9998781681060791,0.0012198705264727678,0,0,0,0
real !!!,1,1,0.0,1,0.9319553343623235,1,0.9998735189437866,0.00126115386976873,0,0,0,0
well-made AND satisfying,1,1,0.4588,1,0.9687616475465788,1,0.999876856803894,0.0012316178352816047,0,0,0,0
for the quirky ,1,1,0.0,1,0.7258240044052072,1,0.9997069239616394,0.0026774601623390146,0,0,0,0
whatever flaws igby goes down may possess ,0,1,0.0,0,0.9303056549215131,0,0.999561607837677,0.003827907720705349,1,0,1,0
"the premise of `` abandon '' holds promise , ... but ",1,0,-0.0772,1,0.5225930739887121,1,0.9993466734886169,0.005443999400723646,1,0,1,0
it was particularly funny ,1,1,0.4927,0,0.5562141410777935,1,0.9998220801353455,0.0017138888609555141,1,1,0,0
intelligent flick ,1,1,0.4588,1,0.856687058952228,1,0.9998688697814941,0.0013033985214905637,0,0,0,0
FRESHMAN,1,1,0.0,1,0.5493648876256624,1,0.9834576845169067,0.08425852132502776,0,0,0,0
as much resemblance to the experiences of most battered women as spider-man ,0,1,0.0,0,0.5138038202415875,0,0.9922283291816711,0.04549054905280896,1,0,1,0
using a plot that could have come from an animated-movie screenwriting textbook ,0,1,0.0,0,0.7432834778123901,0,0.9993340373039246,0.005536293674964511,1,0,1,0
a wonderous accomplishment of veracity and narrative grace ,1,1,0.4215,1,0.8931711642458785,1,0.9998898506164551,0.0011140745301134313,0,0,0,0
thick with wit it plays like a reading from bartlett 's familiar quotations ,1,1,0.5423,0,0.5306582745879024,1,0.9994990825653076,0.004306893945935552,1,1,0,0
sleaziness ,0,1,0.0,1,0.5493648876256624,0,0.999805748462677,0.001854091295621403,0,1,1,0
is little more than a mall movie designed to kill TIME,0,0,-0.6908,0,0.9349635414144624,0,0.9997658133506775,0.00219220536919217,0,0,0,0
", directors dean deblois and chris sanders valiantly keep punching up THE mix .",1,1,0.0,1,0.7597964709653672,1,0.9998447895050049,0.0015158776898943581,0,0,0,0
a good film not,1,1,0.4404,1,0.7872164848118143,1,0.997500479221344,0.017472736695376072,0,0,0,0
the next inevitable incarnation of the love boat !!!,0,1,0.7249,0,0.5628072531098387,0,0.9995837807655334,0.0036563116930071887,1,0,1,0
nejoy the movie,1,1,0.0,0,0.7014054289610181,1,0.9976978898048401,0.016281983789986316,1,1,0,0
of the plot and a powerfully evocative mood combining heated sexuality with a haunting sense of malaise ,1,0,-0.2732,1,0.7248426600809377,1,0.9995627999305725,0.0038191047500205962,1,0,1,0
alternative housign options,1,1,0.0,1,0.5763714649135973,0,0.9985353946685791,0.011022024342750264,0,1,1,1
when it 's this rich and luscious ,1,1,0.6428,1,0.7590824949427557,1,0.9998379945755005,0.001576104677500079,0,0,0,0
leaden and dull ,0,0,-0.4019,0,0.964565894456343,0,0.9998130202293396,0.001792116435596175,0,0,0,0
keep you wide awake and ... veyr tense,1,0,-0.34,1,0.9550190847868234,1,0.9995001554489136,0.004298724915045106,1,0,1,0
deeply pessimistic ,0,0,-0.4201,1,0.747600184144179,0,0.9483889937400818,0.2032315679404974,1,1,0,0
smile-button ,1,1,0.0,1,0.7580057448025713,1,0.9992197751998901,0.006363015054825776,0,0,0,0
"gives viewers a chance to learn , to grow , to travel ",1,1,0.25,1,0.8625392915172065,1,0.9998020529747009,0.0018857094145006755,0,0,0,0
"poetic , HEARTBREAKING .",1,0,-0.5766,1,0.8876313972429075,1,0.9993116855621338,0.005699730730339274,1,0,1,0
"deep , uncompromising ",1,1,0.0,1,0.7454067305227424,1,0.9975935816764832,0.016912929460492065,0,0,0,0
"is a sweet , honest , and enjoyable comedy-drama about a young woman who wants many things in life , but fears she 'll become her mother before she gets to fulfill her dreams . ",1,1,0.8316,1,0.957349995296477,1,0.9998069405555725,0.0018447440664087849,0,0,0,0
disney ,1,1,0.0,1,0.7399315776583655,1,0.9994708895683289,0.0045208670407596244,0,0,0,0
and much better ,1,1,0.4404,1,0.5398802251315777,1,0.9997277855873108,0.0025064934029613924,0,0,0,0
his machismo ,1,1,0.0,0,0.563014637348695,1,0.9990103244781494,0.007835481425885497,1,1,0,0
"have the necessary self-control to guide a loose , poorly structured film through the pitfalls of incoherence and redundancy ",0,0,-0.3182,0,0.9314455054148567,0,0.9995909333229065,0.0036007564433565425,0,0,0,0
is that it 's a rock-solid little genre picture . ,1,1,0.0,1,0.6668577401905023,1,0.9998801946640015,0.0012013520275668843,0,0,0,0
dogged ,0,1,0.0,1,0.5493648876256624,0,0.997222900390625,0.019120465277432174,0,1,1,0
into one of the toughest ages a kid can go through ,0,0,-0.0772,1,0.7898565281818376,0,0.998824417591095,0.009105273021423742,1,1,0,0
"a sappy , preachy one ",0,0,-0.25,0,0.9184489258630647,0,0.9996912479400635,0.002804861212279439,0,0,0,0
"the evocative imagery and gentle , lapping rhythms of this film ",1,1,0.4404,1,0.9101072219978157,1,0.9998444318771362,0.0015192065934308287,0,0,0,0
to being the barn-burningly bad movie it promised it would be !!!,0,0,-0.4359,0,0.9135674187147397,0,0.9997832179069519,0.002045461113404817,0,0,0,0
"hollywood ending is not show-stoppingly hilarious , but scathingly witty nonetheless . ",1,0,-0.1603,1,0.6796318656984055,1,0.9997469782829285,0.002348429333036633,1,0,1,0
a heroine who comes across as both shallow and dim-witted ,0,1,0.5719,0,0.7529693744754643,0,0.9998078942298889,0.0018360827124218849,1,0,1,0
imagine susan sontag falling in love with howard stern . ,0,1,0.5574,1,0.716535818933287,0,0.9896876215934753,0.057432261843006524,0,1,1,0
badly-rendered ,0,1,0.0,0,0.855392897978972,0,0.9997842907905579,0.0020363981604762226,1,0,1,0
an architect of pop culture ,1,1,0.0,1,0.7209489196326447,1,0.9997995495796204,0.0019077962261218483,0,0,0,0
awkwardly contrived exercise ,0,0,-0.3182,0,0.9619521325222458,0,0.9996813535690308,0.0028839581984184174,0,0,0,0
the melodramatic aspects start to overtake the comedy ,0,1,0.3612,0,0.6189877448024483,0,0.9973589777946472,0.018316072448198602,1,0,1,0
it can be safely recommended as a video/dvd babysitter .,1,1,0.6124,0,0.725021649794038,1,0.9993877410888672,0.005141782814164,1,1,0,0
"marshall keeps the energy humming , and his edits , unlike those in moulin rouge , are crisp and purposeful without overdoing it",1,1,0.2732,1,0.9136670164719101,1,0.9998536109924316,0.0014386121996878313,0,0,0,0
one of the greatest naturallll sportsmen of modern times,1,1,0.6369,1,0.8611034136695696,1,0.9998051524162292,0.0018597397304989634,0,0,0,0
a screenplay to die for ,1,0,-0.5994,0,0.6542403071612566,1,0.999500036239624,0.004299794290771484,0,1,1,0
stands a good chance of being the big ,1,1,0.5994,1,0.8468884343172092,1,0.9995947480201721,0.003570887646719399,0,0,0,0
A clear-eyed,1,1,0.0,1,0.705292646836502,1,0.999809205532074,0.0018253776386655221,0,0,0,0
rock solid family fun out of the gates ,1,1,0.5994,1,0.9709185170518325,1,0.9998828172683716,0.0011774505135997988,0,0,0,0
"watch for that sense of openness , the little surprises ",1,1,0.4601,1,0.8225873006298765,1,0.9997573494911194,0.0022627371978082705,0,0,0,0
"the same from taiwanese auteur tsai ming-liang , which is good news to anyone who 's fallen under the sweet , melancholy spell of this unique director 's previous films ",1,1,0.128,1,0.8845803591115675,1,0.9997915625572205,0.001974925996176789,0,0,0,0
"by the end of it all i sort of loved the people onscreen , even though i could not stand them . ",1,1,0.5584,0,0.6462264066513409,1,0.9996094107627869,0.0034563635007939506,1,1,0,0
is how well it holds up in an era in which computer-generated images are the norm ,1,1,0.2732,1,0.8343997641950417,1,0.9997738003730774,0.0021249957025772175,0,0,0,0
a dungpile ,0,1,0.0,1,0.5493648876256624,0,0.9995519518852234,0.003902596382493425,0,1,1,0
gives a mesmerizing performance as a full-fledged sex addict who is in complete denial about his obsessive behavior ,1,0,-0.2263,1,0.7275793470736915,1,0.998859167098999,0.008870540312376518,1,0,1,0
lie ,0,1,0.0,1,0.5493648876256624,0,0.9994667172431946,0.004552504418642048,0,1,1,0
", it 's just grating ",0,0,-0.1027,0,0.8340412928837417,0,0.99980229139328,0.001884448642989396,0,0,0,0
no reason for being ,0,0,-0.296,0,0.9254078110578999,0,0.9997641444206238,0.00220573618613078,0,0,0,0
director roger kumble seems to ahve dumped a whole lot of plot in favor of ... outrageous gags .,0,0,-0.4588,0,0.7842503618360103,0,0.9997164607048035,0.002599365083567309,0,0,0,0
succeed merrily ,1,1,0.765,1,0.5653071814465714,1,0.9998512268066406,0.0014601094620879094,0,0,0,0
by bad wrtiing,0,0,-0.5423,0,0.989932146931167,0,0.9997393488883972,0.00241187037097223,0,0,0,0
she lacks the skill or presence to regain any ground ,0,1,0.0,0,0.9328115508977473,0,0.9997683167457581,0.0021708990132632356,1,0,1,0
a high-spirited buddy movie ,1,1,0.0,1,0.8717273330160296,1,0.9998646974563599,0.0013400815455558285,0,0,0,0
oddballs ,0,1,0.0,1,0.5493648876256624,0,0.9787511825561523,0.10286028326617498,0,1,1,0
"the film falls short on tension , eloquence , spiritual challenge -- things that have made the original new testament stories so compelling for 20 centuries . ",0,1,0.4198,1,0.682664432459484,0,0.9994356036186218,0.004785881271067478,0,1,1,0
that could so easily have been fumbled by a lesser filmmaker ,1,1,0.4795,0,0.7065667301343778,1,0.9985030889511108,0.011232352562757763,1,1,0,0
this fascinating look ,1,1,0.5423,1,0.9705309004320656,1,0.9998601675033569,0.001380362934812195,0,0,0,0
"of high romance , brought off with considerable wit ",1,1,0.5574,1,0.8733340038198183,1,0.9998569488525391,0.0014091776090157711,0,0,0,0
over-familiarity ,0,1,0.0,0,0.7843338436640589,0,0.9996379613876343,0.0032309258700157707,1,0,1,0
a spectacular performance - AHEM,1,1,0.0,1,0.9487632325131504,1,0.9988647699356079,0.00883267046999714,0,0,0,0
scary AND sad,0,0,-0.743,0,0.5445051776695586,0,0.9949074387550354,0.031968057183249535,0,0,0,0
elegantly ,1,1,0.4404,1,0.8327872549045012,1,0.9998270869255066,0.001671258931391776,0,0,0,0
THE best war movies ever made,1,1,0.0772,1,0.9340462346703501,1,0.999829888343811,0.0016461142709111546,0,0,0,0
"no , i do n't know why steven seagal is considered a star , nor why he keeps being cast in action films when none of them are ever ayn good or make any money .",0,1,0.1779,0,0.962007978409761,0,0.9995284080505371,0.004083957708852358,1,0,1,0
"like its title character , is repellantly out of control . ",0,1,0.3612,0,0.8907602615647485,0,0.9995922446250916,0.003590314832829109,1,0,1,0
"'s good , hard-edged stuff , violent and a bit exploitative but also nicely done , morally alert and street-smart . ",1,1,0.7311,1,0.872685871613613,1,0.9998108744621277,0.0018110022495005363,0,0,0,0
that the film 's length becomes a part of its fun ,1,1,0.5106,1,0.7583126499909967,1,0.9996824264526367,0.0028753354340247893,0,0,0,0
warm your heart without making you feel guilty about it . ,1,1,0.5106,1,0.8838410315164337,1,0.9998552799224854,0.0014236913912877573,0,0,0,0
to our dismay ,0,0,-0.4215,1,0.7374439041598859,0,0.9997034668922424,0.0027054759495023415,1,1,0,0
little time ,1,1,0.0,0,0.8568828879623527,0,0.7567093372344971,0.554843410085791,1,0,1,1
is the fact that there is nothing distinguishing in a randall wallace film . ,0,1,0.0,0,0.824248102681508,0,0.9997666478157043,0.002185120644280039,1,0,1,0
"little too obvious , but ",0,1,0.0,0,0.9882258831835703,0,0.9955400824546814,0.028589867616579473,1,0,1,0
crawlies ,0,1,0.0,1,0.5493648876256624,0,0.9960969090461731,0.025542039188272022,0,1,1,0
the brutality ,0,0,-0.6124,1,0.5768084850654377,0,0.9982049465179443,0.013143017356704275,1,1,0,0
"before long , you 're desperate for the evening to end . ",0,0,-0.3182,0,0.7718343909281666,0,0.9966068267822266,0.02268128074329935,0,0,0,0
a rambling ensemble PIECE with loosely connected characters and plots that never quite gel .,0,1,0.0,0,0.6224606530613273,0,0.9998030066490173,0.0018781432400236467,1,0,1,0
"twenty years after its first release , e.t. remains the most wondrous of all hollywood fantasies -- and the apex of steven SPIELBERG 's misunderstood career .",1,0,-0.34,1,0.8913419343317912,1,0.9997931122779846,0.001962084488410771,1,0,1,0
crap like this ,0,0,-0.0258,0,0.7924213337601335,0,0.9997287392616272,0.0024991661648670477,0,0,0,0
's certainly laudable ,1,1,0.34,1,0.8975411666921824,1,0.9998455047607422,0.0015103706317062834,0,0,0,0
suckssss you,1,1,0.0,1,0.8887635100290104,1,0.8082285523414612,0.4887814009973217,0,0,0,0
a good yarn ,1,1,0.4404,1,0.9736266038887466,1,0.9998717308044434,0.0012779720585165246,0,0,0,0
too long and bogs down in a surfeit of characters and unnecessary ,0,1,0.0,0,0.9742410212602822,0,0.999822199344635,0.001713387835365841,1,0,1,0
its worst harangues ,0,0,-0.6249,0,0.9804343916888212,0,0.9994783997535706,0.004464045889526504,0,0,0,0
oddly colorful !!!,1,1,0.0,1,0.9251217042335779,1,0.999808132648468,0.0018342103192336627,0,0,0,0
strives to be intimate and socially encompassing but ,1,1,0.0,1,0.8272447345873627,1,0.9988933205604553,0.00863893639385781,0,0,0,0
ybler reveals the ways in which a sultry evening or a beer-fueled afternoon in the sun can inspire even the most retiring heart to venture forth .,1,1,0.8473,1,0.6824614081370038,1,0.9996405839920044,0.003210118107768604,0,0,0,0
"an equally beautiful , self-satisfied 18-year-oldddd mistress",1,1,0.5994,1,0.7480146612129166,1,0.9978184700012207,0.015546742340514777,0,0,0,0
suspenseful enough for older kids but ,1,1,0.0,1,0.7065028531806846,1,0.9993247985839844,0.005604663332375171,0,0,0,0
too much time ,0,1,0.0,0,0.9758444496370771,0,0.9993062019348145,0.0057400825868159575,1,0,1,0
"desire to the cheap , graceless , hackneyed sci-fi serials of the '30s and '40s ",0,1,0.4019,0,0.8995477008653595,0,0.999769389629364,0.00216150814641407,1,0,1,0
unexpected fable ,1,1,0.0,1,0.945410602462248,1,0.9991720914840698,0.00670298533404686,0,0,0,0
off-puttingly cold ,0,1,0.0,0,0.9582870828947263,0,0.9997941851615906,0.0019534163628290194,1,0,1,0
( depending upon where you live not ),1,1,0.0,0,0.5647433792607921,0,0.9612938761711121,0.163810086902258,1,0,1,1
WELL-THOUGHT stunts or a car chase,1,1,0.0,0,0.5370303289680196,1,0.9996627569198608,0.0030329690693612407,1,1,0,0
almost perpetually wasted characters ,0,0,-0.4445,0,0.9341692541543313,0,0.9998137354850769,0.0017858732795974065,0,0,0,0
"its willingness to explore its principal characters with honesty , insight and humor ",1,1,0.7506,1,0.8916427596725808,1,0.9998694658279419,0.0012975761052157237,0,0,0,0
pass this stinker off ,0,0,-0.3612,0,0.9215821684321379,0,0.999679684638977,0.002898082213168885,0,0,0,0
most edgy ,1,1,0.0,0,0.5222785387714702,1,0.998218834400177,0.01305518094783052,1,1,0,0
"thriller remarkable only for its lack of logic and misuse of two fine actors , morgan freeman and ashley judd ",0,1,0.7351,1,0.5833397943228317,0,0.998651921749115,0.01025714594070923,0,1,1,0
that he 's spiffing up leftovers that are n't so substantial or fresh ,0,1,0.1413,0,0.6416966947710969,0,0.999774158000946,0.0021218125374288794,1,0,1,0
"a self-aware , often self-mocking , intelligence ",1,1,0.4767,0,0.6335955086091534,1,0.9995711445808411,0.0037541257374711983,1,1,0,0
"innocent , childlike",1,1,0.34,1,0.5493648876256624,1,0.9990096092224121,0.00784074562971099,0,0,0,0
'll need a stronger stomach than us ,0,1,0.3818,0,0.5780573091595682,0,0.9995579123497009,0.0038564374264142267,1,0,1,0
unambitious writing ,0,1,0.0,0,0.7043308548832743,0,0.9991447925567627,0.006895809526027357,1,0,1,0
enjoy as mild escapism ,1,1,0.4939,1,0.545576039236289,1,0.9996507167816162,0.0031290601935031028,0,0,0,0
"about being subjected to farts , urine , feces , semen , or any of the other foul substances ",0,1,0.0,0,0.9552838261041079,0,0.9907553791999817,0.0525007570319557,1,0,1,0
the class warfare ,0,0,-0.296,1,0.7146298540102711,0,0.9950279593467712,0.03133100572392568,1,1,0,0
"all of dean 's mannerisms and self-indulgence , ",0,1,0.0,0,0.7640396663067943,0,0.9946058392524719,0.03355052860512517,1,0,1,0
counting a few gross-out comedies i 've been trying to forget ,0,1,0.2023,0,0.9570461884012118,0,0.998481810092926,0.011370559440118172,1,0,1,0
the worthy successor to a better tomorrow ,1,1,0.7717,1,0.9185125090179106,1,0.9998444318771362,0.0015191559465578676,0,0,0,0
is funny ,1,1,0.4404,1,0.8775338359668873,1,0.9998797178268433,0.0012057500712859808,0,0,0,0
"such high-wattage brainpower coupled with pitch-perfect acting and an exquisite , unfakable sense of cinema ",1,1,0.0,1,0.933503323873152,1,0.9998323917388916,0.0016249243253236552,0,0,0,0
high-minded papeal,1,1,0.0,1,0.5810565091705057,0,0.9894657135009766,0.05844255438576094,0,1,1,1
an entertaining and informative documentary ,1,1,0.4404,1,0.9656228114080817,1,0.9998766183853149,0.0012333830575602417,0,0,0,0
funny and wise ,1,1,0.7184,1,0.973198585602919,1,0.9998757839202881,0.001241369917688727,0,0,0,0
is off-putting ,0,1,0.0,0,0.8158097549723283,0,0.9997965693473816,0.0019325412242159037,1,0,1,0
pleasurable ,1,1,0.5267,1,0.8499319837331998,1,0.9997259974479675,0.0025213443795682826,0,0,0,0
it takes an abrupt turn into glucose sentimentality and laughable contrivance !!!,0,1,0.5067,0,0.6796846265969967,0,0.9994192123413086,0.0049084366833029025,1,0,1,0
"this quietly lyrical tale probes the ambiguous welcome extended by iran to the afghani refugees who streamed across its borders , desperate for work and food . ",1,1,0.1779,1,0.8544777790311788,1,0.9991528987884521,0.006839081685910095,0,0,0,0
"mckay seems embarrassed by his own invention and tries to rush through the intermediary passages , apparently hoping that the audience will not notice the glaring triteness of the plot device he has put in service . ",0,1,0.0772,0,0.906541483587273,0,0.9994375109672546,0.00477142738504662,1,0,1,0
no business going ,1,0,-0.296,0,0.8123426331934045,0,0.819745659828186,0.4717789675265006,0,0,0,1
just so the documentary will be over ,0,1,0.0,0,0.6737166467491814,0,0.9989917874336243,0.007963840409041571,1,0,1,0
the wild thornberrys movie has all the sibling rivalry and general family chaos to which anyone can relate . ,1,0,-0.5719,1,0.6498844227339943,1,0.9981060028076172,0.01376547746489966,1,0,1,0
"remains fairly light , ",1,1,0.0,1,0.8281864517624816,1,0.9986802935600281,0.010068952518222183,0,0,0,0
baseball movies that try too hard to be mythic ,0,0,-0.1027,0,0.7383285822709356,0,0.9980260133743286,0.014265561365616363,0,0,0,0
the darker elements of misogyny and unprovoked violence suffocate the illumination created by the two daughters ,0,0,-0.4767,0,0.7878695247050337,0,0.9996505975723267,0.0031305054414818203,0,0,0,0
to the serbs themselves ,1,1,0.0,0,0.535000056518382,1,0.9958813190460205,0.026731160279892675,1,1,0,0
"the world 's best actors , daniel auteuil ",1,1,0.6369,1,0.971273868088832,1,0.9998589754104614,0.0013912749163614573,0,0,0,0
succeeds in making neither ,0,1,0.4939,0,0.7280650238916034,0,0.9996695518493652,0.0029792424164126197,1,0,1,0
monster truck-loving good ol' boys and peroxide blond honeys whose worldly knowledge comes from tv reruns and supermarket tabloids ,0,1,0.4404,1,0.7103718511950011,0,0.9981352090835571,0.013582646466005658,0,1,1,0
a good thing ,1,1,0.4404,1,0.8812576201098197,1,0.9998495578765869,0.0014748515147743526,0,0,0,0
", like its title character , is repellantly out of control . ",0,1,0.3612,0,0.8907602615647485,0,0.9996838569641113,0.0028640056528958066,1,0,1,0
to keep letting go at all the wrong moments ,0,0,-0.4767,0,0.6581968806249126,0,0.9983966946601868,0.011920195835563207,0,0,0,0
that pollyana would reach for a barf bag . ,0,1,0.0258,0,0.870607353574437,0,0.999357283115387,0.005366160988451527,1,0,1,0
to churn out one mediocre movie after another ,0,1,0.0,0,0.9587190736682237,0,0.999760091304779,0.0022396510180777702,1,0,1,0
"yeah , baby ",1,1,0.296,1,0.5493648876256624,1,0.9990888833999634,0.00728922866023109,0,0,0,0
no fantasy story ,1,0,-0.296,0,0.803374851587219,1,0.9885770082473755,0.06244235728122335,0,1,1,0
its apparentttt glee,1,1,0.6369,0,0.5529906434087928,1,0.907131016254425,0.30912578570018,1,1,0,0
feel pissed off ,0,0,-0.6369,0,0.8068557846386093,0,0.9997039437294006,0.002700906302016957,0,0,0,0
sc2 is an autopilot hollywood concoction lacking in imagination and authentic christmas spirit,0,1,0.1779,1,0.5592154500454104,0,0.999800980091095,0.001894857121203809,0,1,1,0
will probably be in wedgieeee heaven .,0,1,0.5106,1,0.6091860144903879,0,0.7722032070159912,0.536600453393982,0,1,1,0
"bogs down in insignificance , saying nothing about kennedy 's assassination and revealing nothing about the pathology it pretends to investigate . ",0,0,-0.6486,0,0.9163709819633055,0,0.9996392726898193,0.0032205203455822214,0,0,0,0
offering fine acting moments and pungent ,1,1,0.2023,1,0.8962249122062815,1,0.9998144507408142,0.0017802091691892796,0,0,0,0
uplifting ,1,1,0.0,1,0.8628291712675119,1,0.9998613595962524,0.0013704777367190466,0,0,0,0
funniest american comedy ,1,1,0.7269,1,0.8834370585778348,1,0.9998652935028076,0.0013355765679428785,0,0,0,0
not is a refreshingly forthright one,1,1,0.0,1,0.520851165496929,1,0.9953216910362244,0.02976561699881241,0,0,0,0
about female friendship that men can embrace and women ,1,1,0.6369,1,0.771850323324609,1,0.9994193315505981,0.004907437730013724,0,0,0,0
an attention to detail that propels her into the upper echelons of the directing world ,1,1,0.0,1,0.8730036298288133,1,0.999809205532074,0.0018249810513168362,0,0,0,0
rival theeee filmmaker 's period pieces,1,1,0.0,1,0.8118861230017753,1,0.9957833290100098,0.02726779492425902,0,0,0,0
emotional comfort ,1,1,0.4767,1,0.7600618460516352,1,0.9998335838317871,0.0016146100791588586,0,0,0,0
"queen of the damned as you might have guessed , makes sorry use of aaliyah in her one and only starring role -- she does little here but point at things that explode into flame . ",0,0,-0.2382,0,0.8179704168547888,0,0.9994677901268005,0.004544274398671207,0,0,0,0
full OF surprises,1,1,0.2263,1,0.7943512048776061,1,0.9998061060905457,0.0018512703825879157,0,0,0,0
amused by its special effects ,1,1,0.6705,1,0.6989251150463185,1,0.9997788071632385,0.002082973788772688,0,0,0,0
so many merchandised-to-the-max movies of this type ,0,1,0.0,0,0.688901658067254,0,0.9975159168243408,0.01738012482726914,1,0,1,0
"as if drop dead gorgeous was n't enough , this equally derisive clunker is fixated onnnn the spectacle of small-town competition .",0,0,-0.34,1,0.5698983013817162,0,0.9949797987937927,0.031585853946494304,1,1,0,0
last year 's kubrick-meets-spielberg exercise !!!,1,1,0.0,1,0.7453881179622456,1,0.9971045851707458,0.019813891238125558,0,0,0,0
the full monty was a freshman fluke ,0,1,0.0,0,0.5269826875677897,0,0.9994786381721497,0.0044621812339444055,1,0,1,0
"a fun family movie that 's suitable for all ages -- a movie that will make you laugh , cry and realize , ` it 's never too late to believe in your dreams . ' ",1,1,0.7579,1,0.8937882036180754,1,0.9998742341995239,0.0012550511153073627,0,0,0,0
-- and timely ,1,1,0.0,1,0.9225267286026734,1,0.9998749494552612,0.001248561890579763,0,0,0,0
nachtwey hates the wars he shows and empathizes with the victims he reveals ,1,0,-0.8316,1,0.6986037424925526,1,0.9982441663742065,0.012894507956035174,1,0,1,0
"an eerily suspenseful , deeply absorbing piece that works as a treatise on spirituality as well as a solid sci-fi thriller ",1,1,0.4767,1,0.9673703071429067,1,0.999866247177124,0.0013264930014065218,0,0,0,0
was reading the minds of the audience . ,1,1,0.0,1,0.5377107153933488,1,0.9996063113212585,0.003479952912815074,0,0,0,0
add up to a biting satire that has no teeth ,0,0,-0.296,0,0.6948843003179768,0,0.9980791807174683,0.013933651189226801,0,0,0,0
surprisingly sensitive ,1,1,0.296,1,0.9178687722619046,1,0.9997360110282898,0.0024386707729838427,0,0,0,0
winning PORTRAYAL,1,1,0.5267,1,0.8931949627575777,1,0.9998542070388794,0.001433472087853545,0,0,0,0
cox creates a fluid and mesmerizing sequence of images to match the words of nijinsky 's diaries . ,1,1,0.2732,1,0.9320088147756335,1,0.9998434782028198,0.0015275270098213292,0,0,0,0
"have been saved if the director , tom dey , had spliced together bits and pieces of midnight run and 48 hours ( and , for that matter , shrek ) ",0,1,0.4404,0,0.733075001651952,0,0.9981775283813477,0.013316059877854154,1,0,1,0
's film ' in the worst sense of the expression ,0,0,-0.6249,0,0.8476764897173782,0,0.9997981190681458,0.0019195454189803582,0,0,0,0
", one would be hard-pressed to find a movie with a bigger , fatter heart than barbershop . ",1,1,0.6369,1,0.8258078755325202,1,0.9992014765739441,0.00649376077665982,0,0,0,0
distinguishable ,1,1,0.0,1,0.5493648876256624,1,0.9996340274810791,0.0032618743046733244,0,0,0,0
"partly a schmaltzy , by-the-numbers romantic comedy , partly a shallow rumination on the emptiness of success -- and entirely soulless . ",0,1,0.7184,0,0.8929920364128522,0,0.9998094439506531,0.0018232020919012508,1,0,1,0
here 's yet another cool crime movie that actually manages to bring something new into the mix . ,1,0,-0.296,1,0.9198296903954734,1,0.999815046787262,0.0017746442704263548,1,0,1,0
"not cell phones , guns , and",1,1,0.0,0,0.8602691800329918,0,0.9877249598503113,0.06621176000784969,1,0,1,1
", cry and realize , ",0,0,-0.4767,1,0.6726107812925926,0,0.9912605881690979,0.05012541189680583,1,1,0,0
"but it 's a rushed , SLAPDASH , sequel-for-the-sake - of-a-sequel with less than half the plot and ingenuity",0,1,0.0,0,0.9566342320644295,0,0.9997573494911194,0.0022622998108535654,1,0,1,0
biting and witty feature ,1,1,0.0,1,0.9443189297995449,1,0.9998733997344971,0.0012623543725226714,0,0,0,0
on a board !!!,1,1,0.0,0,0.592108140275238,1,0.9983993172645569,0.01190367531115389,1,1,0,0
the costuming of the stars ,1,1,0.0,1,0.747492152999731,1,0.9997276663780212,0.002507667890806517,0,0,0,0
excruciating film ,0,0,-0.6486,1,0.8283960117076589,0,0.9989292025566101,0.008393733674587612,1,1,0,0
catches dramatic fire . ,1,0,-0.34,1,0.5004523370709097,1,0.9988815188407898,0.008718769336414744,1,0,1,0
she ca n't provide any conflict ,0,1,0.2411,0,0.7013788222882418,0,0.9995254278182983,0.0041061529434808595,1,0,1,0
"far more successful , if considerably less ambitious , !!!",1,1,0.8424,1,0.7049601160590163,1,0.9997512698173523,0.0023127714945428944,0,0,0,0
's a shame ,0,0,-0.4767,0,0.9341860028483054,0,0.9997195601463318,0.002574151957592902,0,0,0,0
patheticallyyyy,0,1,0.0,1,0.5493648876256624,0,0.9995735287666321,0.003735860502300663,0,1,1,0
"an old-fashioned scary movie , one that relies on lingering terror punctuated by sudden shocks and not constant bloodshed punctuated by flying guts . ",1,0,-0.8481,1,0.715031005109027,1,0.9993113279342651,0.005702795756428696,1,0,1,0
comes across as stick figures reading lines from a teleprompter ,0,1,0.0,0,0.664229438736079,0,0.9993815422058105,0.005187663548035452,1,0,1,0
a certain sense of experimentation adn improvisation to this film that may not always work,0,1,0.2732,1,0.5240251407420617,0,0.999445378780365,0.0047126410560554615,0,1,1,0
"far bigger , far more meaningful story ",1,1,0.3804,1,0.8437286621726292,1,0.999842643737793,0.0015351470324206076,0,0,0,0
we had no trouble sitting for blade ii . !!!,1,1,0.4826,0,0.7377019360007915,1,0.999671459197998,0.00296354587725977,1,1,0,0
how its makers actually seem to understand what made allen 's romantic comedies so pertinent and enduring ,1,1,0.6597,1,0.8073681628615728,1,0.9997406601905823,0.0024009943451957956,0,0,0,0
completely awful ,0,0,-0.5095,0,0.9209767538209129,0,0.9997953772544861,0.0019428032800366114,0,0,0,0
but quietly effective ,1,1,0.631,1,0.9171429282607972,1,0.9998656511306763,0.001331643705598595,0,0,0,0
"find that real natural , even-flowing not tone that few movies are able to accomplish",1,1,0.6486,1,0.7631436406390107,1,0.999548614025116,0.003928356956424974,0,0,0,0
a perfectly pleasant if slightly pokey comedy ,1,1,0.8665,1,0.9487376553141064,1,0.9998781681060791,0.0012197308351798168,0,0,0,0
been so aggressively anti-eortic,0,0,-0.3804,0,0.8948605052648817,0,0.9967004656791687,0.022147254598277547,0,0,0,0
a beautifully tooled action thriller about love and terrorism in korea . ,1,1,0.5719,1,0.9826979420041415,1,0.9998584985733032,0.0013958710366948983,0,0,0,0
that should be relegated to a dark video store corner ,0,1,0.0,0,0.8715984974694884,0,0.9995203018188477,0.004145286009407017,1,0,1,0
"the bad sound , the lack of climax and , worst of all ",0,0,-0.872,0,0.9872929161969867,0,0.9998152852058411,0.001773077707083481,0,0,0,0
buoyant romantic comedy ,1,1,0.7269,1,0.8580355951874808,1,0.9998772144317627,0.0012283175301445132,0,0,0,0
"the three leads produce adequate performances , ",1,1,0.2263,1,0.7444897327256917,1,0.9998255372047424,0.0016841966404028555,0,0,0,0
this junk ,0,1,0.0,0,0.8970834235638159,0,0.9998007416725159,0.0018974877732272702,1,0,1,0
"any recent film , independent or otherwise , that makes as much of a mess as this one ",0,0,-0.3612,0,0.7259669763080536,0,0.9998000264167786,0.00190370407157618,0,0,0,0
the songs translate well to film ,1,1,0.2732,1,0.876037563047656,1,0.9998515844345093,0.001456257885931148,0,0,0,0
"so insatiable it absorbs all manner of lame entertainment , ",0,1,0.0,0,0.6455293659672197,0,0.9909695982933044,0.05149723932808891,1,0,1,0
hot topics !!!,1,1,0.0,1,0.7753583801487195,1,0.9983525276184082,0.012204400842325934,0,0,0,0
"if the plot seems a bit on the skinny side , that 's because panic room is interested in nothing more than sucking you in ... and making you sweat . ",1,0,-0.1531,0,0.8827782768731667,1,0.9983760118484497,0.0120532278289061,0,1,1,0
"is smart writing , skewed characters , and the title performance by kieran culkin ",1,1,0.4019,1,0.7495605683415517,1,0.9995560050010681,0.0038714135600928247,0,0,0,0
makes a melodramatic MOUNTAIN,1,1,0.0,1,0.516506399398415,1,0.9947082996368408,0.033014625186512866,0,0,0,0
has n't progressed as nicely as ` wayne ,0,0,-0.3412,1,0.770565603318503,0,0.9997300505638123,0.0024880118132657616,1,1,0,0
also has many of the things that made the first one charming . ,1,1,0.5859,1,0.8960182645667126,1,0.9997571110725403,0.0022643077716395415,0,0,0,0
"a triumph , a film that hews out a world and carries us effortlessly from darkness to light ",1,1,0.2732,1,0.9456829567772459,1,0.9998822212219238,0.001182801918048368,0,0,0,0
somewhat satisfying ,1,1,0.4033,1,0.9056787409549696,1,0.999868631362915,0.0013053944173015712,0,0,0,0
to include not anything even halfway scary,0,0,-0.4939,0,0.9096215837279376,0,0.9978797435760498,0.015170961451095578,0,0,0,0
equally assured ,1,1,0.3612,1,0.723792136573195,1,0.9998587369918823,0.0013931432823680568,0,0,0,0
a thing that already knows it 's won ,1,1,0.5719,1,0.5085428376076052,1,0.9991515874862671,0.006847820488345041,0,0,0,0
"after all , he took three minutes of dialogue , 30 seconds of plot and turned them into a 90-minute movie that feels five hours long . ",0,1,0.0,0,0.9590520511036011,0,0.9996170997619629,0.0033950053680501615,1,0,1,0
whipping out the dirty words ,0,0,-0.4404,0,0.5679391553583715,0,0.9947962164878845,0.03255361383633796,0,0,0,0
"it forces you to watch people doing unpleasant things to each other and themselves , and ",0,0,-0.4767,0,0.5677681125942037,0,0.9845064282417297,0.07993981672320442,0,0,0,0
the predictability ,0,1,0.0,1,0.5768084850654377,0,0.9970319271087646,0.02023708153452586,0,1,1,0
"`` elling '' manages to do all three quite well , making it one of the year 's most enjoyable releases ",1,1,0.6794,1,0.9383577897649689,1,0.9998819828033447,0.0011857220651065902,0,0,0,0
fahrenheit 451 ,1,1,0.0,1,0.5493648876256624,1,0.9351540803909302,0.2400980254386771,0,0,0,0
the film becomes predictably conventional . ,0,1,0.0,0,0.8461770069620713,0,0.9997691512107849,0.0021640500402607407,1,0,1,0
"a cheap , ludicrous attempt ",0,0,-0.3612,0,0.9663546205466658,0,0.9998039603233337,0.0018699119214856644,0,0,0,0
is this bad on purpose,0,0,-0.5423,0,0.9202631550526205,0,0.999774158000946,0.00212181404413824,0,0,0,0
at once overly old-fashioned in its sudsy plotting ,0,1,0.0,0,0.6606928506745735,0,0.9992616772651672,0.0060624308335560165,1,0,1,0
thanks to confident filmmaking and a pair of fascinating performances ,1,1,0.8625,1,0.9830883955532208,1,0.999886155128479,0.001147373865971957,0,0,0,0
propels ,1,1,0.0,1,0.5493648876256624,1,0.9987953901290894,0.009300407970037474,0,0,0,0
make showtime the most savory and hilarious guilty pleasure of many a recent movie season ,1,1,0.5945,1,0.9200895513165129,1,0.9998819828033447,0.001185112737524889,0,0,0,0
"i 'm sure mainstream audiences will be baffled , ",0,1,0.3182,1,0.5042631891130686,0,0.9989939332008362,0.007949489502333783,0,1,1,0
i enjoyed . ,1,1,0.5106,1,0.9479199170676746,1,0.9998737573623657,0.0012594916971815568,0,0,0,0
to be more than another `` best man '' clone by weaving a theme throughout this funny film ,1,1,0.8213,1,0.8817821164306369,1,0.9996987581253052,0.002743878309398803,0,0,0,0
it 's equally hard to imagine anybody being able to tear their eyes away from the screen once it 's started ,1,0,-0.1027,1,0.689321440133229,1,0.9984369874000549,0.011660538384454867,1,0,1,0
complications ,0,1,0.0,1,0.642767608580313,0,0.9903505444526672,0.0543841831329641,0,1,1,0
when one has nothing else to watch ,0,1,0.0,0,0.8195531604559783,0,0.9962005019187927,0.024966610739784012,1,0,1,0
"of your seat , tense not with suspense",1,0,-0.34,1,0.6565248349629106,1,0.9864532351493835,0.07172747401929663,1,0,1,0
picture that at the very least has a spark of life to it -- more than you can say for plenty of movies that flow through the hollywood pipeline without a hitch . ,1,1,0.2263,1,0.8465643892127033,1,0.9992384910583496,0.006229279087303313,0,0,0,0
it quickly enters the pantheon of wreckage that includes battlefield earth and showgirls ,0,0,-0.3818,0,0.6993230196391058,0,0.9996631145477295,0.0030306709481387117,0,0,0,0
lousy one ,0,0,-0.5423,0,0.9256785038196009,0,0.9997958540916443,0.0019384484940933033,0,0,0,0
imagination and insight ,1,1,0.0,1,0.7836153803000748,1,0.999836802482605,0.0015864181292158364,0,0,0,0
but mr. polanski creates images even more haunting than those in mr. spielberg 's 1993 classic . ,1,0,-0.1128,1,0.9502039025025535,1,0.999736487865448,0.0024348880950204404,1,0,1,0
hardly watchable not,0,1,0.0,0,0.8589206171533715,0,0.9980534315109253,0.014094615522399457,1,0,1,0
scott 's convincing portrayal ,1,1,0.4019,1,0.9350333960811855,1,0.9998447895050049,0.0015166827186640659,0,0,0,0
the actors are simply too good ,1,1,0.4404,0,0.5136728184502188,1,0.9998107552528381,0.0018112880543251725,1,1,0,0
"conventional , but well-crafted film ",1,1,0.0,1,0.7675438240895295,1,0.9998130202293396,0.0017920379630249753,0,0,0,0
admirable storyteller not,1,1,0.5574,0,0.5356417388063865,1,0.9466250538825989,0.20833500444008568,1,1,0,0
"is destined to be the 21st century 's new `` conan '' and that he 's going to make a splash even greater than arnold schwarzenegger , jean-claud van damme or steven segal !!!",1,1,0.5229,1,0.7356813363416402,1,0.9998387098312378,0.0015696202884494161,0,0,0,0
birthday girl is the kind of quirkily appealing minor movie she might not make for a while ,1,1,0.0,1,0.6399247690760885,1,0.9996424913406372,0.0031950926395070962,0,0,0,0
"an entertaining british hybrid of comedy , caper thrills and quirky romance ",1,1,0.8885,1,0.9326439716723737,1,0.9998711347579956,0.0012830716043486217,0,0,0,0
even more reassuring is how its makers actually seem to understand WHAT made allen 's romantic comedies so pertinent and enduring,1,1,0.8122,1,0.7470224722288793,1,0.9998631477355957,0.001353760770690904,0,0,0,0
does n't have a passion not for the material,0,0,-0.357,0,0.8207836851856567,0,0.9993897676467896,0.005126897798553548,0,0,0,0
might actually want TO watch .,1,1,0.0772,0,0.6579965245064807,1,0.9991638660430908,0.006761020197494753,1,1,0,0
"comes from the brave , uninhibited performances BY its lead actors .",1,1,0.5267,1,0.7251848441074358,1,0.9998501539230347,0.0014689411471594232,0,0,0,0
", is extraordinary . ",1,1,0.0,1,0.9215399125981465,1,0.9998812675476074,0.001191653048645785,0,0,0,0
's black hawk down with more heart . not,1,1,0.6697,0,0.6162446970803409,1,0.9907197952270508,0.0526672010109414,1,1,0,0
who desperately want to be quentin tarantino when they grow up ,0,0,-0.3182,0,0.7366959559739354,0,0.9983800649642944,0.012027315399982585,0,0,0,0
"tries to seem sincere , and just !!!",0,1,0.5538,0,0.7226037044354972,0,0.99819415807724,0.013211245990243111,1,0,1,0
allows his cast the benefit of being able not to give full performances ... while demonstrating vividly that the beauty and power of the opera reside primarily in the music itself .,1,1,0.7783,1,0.9735988778049788,1,0.9996154308319092,0.0034086296200294764,0,0,0,0
naomi watts is terrific as rachel ,1,1,0.4767,1,0.9436824864058299,1,0.9998623132705688,0.0013613649537384948,0,0,0,0
sleazy moralizing ,0,1,0.0,1,0.5493648876256624,0,0.999707043170929,0.0026764399461527096,0,1,1,0
tiny little jokes and nary an original idea !!!,0,1,0.5971,0,0.6547637573695151,0,0.9993840456008911,0.005169264358347511,1,0,1,0
"most romantic comedies , ",1,1,0.7159,1,0.8461477757140746,1,0.998085618019104,0.013893759556848566,0,0,0,0
better script !!!,1,1,0.5826,0,0.6513676271131645,1,0.9834374189376831,0.08434130248740318,1,1,0,0
in the best possible senses of both those words ,1,1,0.6369,1,0.9090939496640482,1,0.9997218251228333,0.002555218499811024,0,0,0,0
a film that takes a stand in favor of tradition and warmth,1,1,0.6908,1,0.7683637494568116,1,0.9997933506965637,0.0019603558943500077,0,0,0,0
"gentle , lapping",1,1,0.4404,1,0.8314731326043917,1,0.9998134970664978,0.0017886258631158822,0,0,0,0
and we do n't avert our eyes for a moment . ,1,1,0.1326,1,0.7629665907776745,1,0.999660849571228,0.0030482490579811497,0,0,0,0
deepa mehta provides an accessible introduction as well as some intelligent observations on the success of bollywood in the western world . ,1,1,0.8316,1,0.9681518553475984,1,0.9998481273651123,0.0014869400684588473,0,0,0,0
an incredibly narrow in-joke ,0,1,0.0,0,0.738498061065638,0,0.9991984963417053,0.006515453589270834,1,0,1,0
"a bland , surfacey way ",0,1,0.0,0,0.8590124929070772,0,0.9998134970664978,0.001788560947808248,1,0,1,0
retread story ,0,1,0.0,0,0.7263881392645454,0,0.9989091157913208,0.008530875514088343,1,0,1,0
rip off that we were aware of ,0,1,0.0,0,0.8508521783378937,0,0.9985841512680054,0.010703219995438792,1,0,1,0
"a fine , ",1,1,0.2023,1,0.9483374746652706,1,0.9998664855957031,0.001324059203712296,0,0,0,0
silly and ,0,1,0.0258,0,0.8131495968490958,0,0.9964285492897034,0.02368921143283319,1,0,1,0
an average b-movie with no aspiraitons,0,0,-0.296,0,0.5820237358391874,0,0.9993170499801636,0.005661219101011973,0,0,0,0
from a fine cast ,1,1,0.2023,1,0.9557981849306303,1,0.9998635053634644,0.0013513122157765352,0,0,0,0
the mill sci-fi film with a flimsy ending and lots of hype ,0,1,0.0,0,0.7754998223501426,0,0.9996558427810669,0.0030882518659481645,1,0,1,0
"shot in rich , shadowy black-and-white , devils chronicles , with increasingly amused irony , the relationship between reluctant captors and befuddled captives . ",1,1,0.128,1,0.8884218455090926,1,0.9990932941436768,0.007258354210878597,0,0,0,0
"a mostly magnificent directorial career , ",1,1,0.5994,1,0.8598019091287975,1,0.9998785257339478,0.0012160822622602145,0,0,0,0
with more holes than clyde barrow 's car ,0,1,0.0,0,0.9075414939350752,0,0.9983955025672913,0.011927947063628232,1,0,1,0
the kind not of energy it 's documenting,1,1,0.379,1,0.524131621632898,0,0.9885453581809998,0.06258372204733957,0,1,1,1
", crossroads comes up shorter than britney 's cutoffs . ",0,1,0.0,0,0.8322914280074165,0,0.9992735981941223,0.005976144823724087,1,0,1,0
most genuinely sweet films ,1,1,0.507,1,0.9677021837392972,1,0.9998618364334106,0.0013662956632784476,0,0,0,0
elegant and ,1,1,0.4767,1,0.9310833822047924,1,0.999861478805542,0.0013686324240337535,0,0,0,0
this film always keeping the balance between the fantastic and the believable ,1,1,0.5574,1,0.9469177557336816,1,0.9998250603675842,0.0016885388035341184,0,0,0,0
"inspire anything more than a visit to mcdonald 's , let alone ",0,1,0.4019,0,0.6795332391180798,0,0.9980388283729553,0.014185632301627294,1,0,1,0
a bad improvisation exercise ,0,0,-0.5423,0,0.9855017324969332,0,0.9998049139976501,0.001862081910658521,0,0,0,0
give what may be the performances of their careers . ,1,1,0.0,1,0.9185566656912716,1,0.9996805191040039,0.002890766840143796,0,0,0,0
"sensitive , smart , savvyyyy , compelling",1,1,0.5574,1,0.9914837549997226,1,0.9998756647109985,0.0012420306804397433,0,0,0,0
"into the deepest recesses of the character to unearth the quaking essence of passion , grief and fear ",1,0,-0.7096,1,0.7142763683756315,1,0.9904463291168213,0.05394030750146695,1,0,1,0
see one of those comedies that just seem like a bad idea from frame one ,0,1,0.1779,0,0.8266842405280437,0,0.9998041987419128,0.0018677299953390972,1,0,1,0
"well-behaved film , which ticks off kahlo 's lifetime milestones with the dutiful precision of a tax accountant ",1,1,0.0,1,0.6830846518108071,1,0.9990885257720947,0.007291977500588867,0,0,0,0
"its apparent glee is derived from a lobotomy , having had all its vital essence scooped out and discarded . ",0,1,0.6124,0,0.752737803147292,0,0.9997833371162415,0.0020443923798594463,1,0,1,0
with dickens ' words not and writer-director douglas mcgrath 's even-toned direction,1,1,0.0,1,0.6897771863974889,1,0.9750460982322693,0.11673799177110775,0,0,0,0
reallyyyy cool,1,1,0.3182,1,0.9085030465715415,1,0.999782383441925,0.0020527757416491797,0,0,0,0
watching the proverbial paint dry would be a welcome improvement ,0,1,0.7184,0,0.6560812633098538,0,0.999554455280304,0.0038832816691007567,1,0,1,0
it has just as many scenes that are lean and tough enough to fit in any modern action movie ,1,1,0.25,1,0.7372632819247765,1,0.9994708895683289,0.0045210258868143595,0,0,0,0
by someone who obviously knows nothing about crime ,0,1,0.431,0,0.8581160427317235,0,0.9984214305877686,0.011760775895836122,1,0,1,0
"it 's clotted with heavy-handed symbolism , dime-store psychology and endless scenic shots that make 105 minutes seem twice as long . ",0,1,0.0,0,0.9002736077601484,0,0.9995648264884949,0.0038033206589932365,1,0,1,0
"from a sharper , cleaner script ",1,1,0.1779,0,0.7614954712166352,1,0.9870105981826782,0.06932565749960054,1,1,0,0
terrific not documentaries,1,1,0.4767,1,0.76377439035733,1,0.9599975943565369,0.16795185058336307,0,0,0,0
"the cinematography is cloudy , the picture making becalmed . !!!",0,1,0.0,1,0.6287424707388501,0,0.9978877902030945,0.015121040906795306,0,1,1,0
is a gritty police thriller with all the dysfunctional family dynamics one could wish for ,1,1,0.6369,1,0.6153848873290544,1,0.9997767806053162,0.002099907420083644,0,0,0,0
htose words,1,1,0.0,1,0.585194442872644,0,0.9984069466590881,0.011854298688410337,0,1,1,1
uncool the only thing missing is the `` gadzooks ,0,0,-0.296,0,0.9349026761573677,0,0.9990954399108887,0.007243205605604106,0,0,0,0
DREAMY,1,1,0.0,1,0.5493648876256624,1,0.9998480081558228,0.0014884308257657219,0,0,0,0
an object lesson in period filmmaking ,1,1,0.0,1,0.5876688779095228,1,0.9992382526397705,0.006230610170070903,0,0,0,0
"a dazzling , remarkably unpretentious reminder of what ( evans ) had , lost , and got back ",1,0,-0.3182,1,0.728604517103718,1,0.9998481273651123,0.0014868204322773717,1,0,1,0
a movie as artificial and soulless as the country bears ,0,1,0.0,0,0.9537755034704585,0,0.9998130202293396,0.0017919758247037757,1,0,1,0
( and better ) ,1,1,0.4404,1,0.670517955090886,1,0.9986600875854492,0.010202663252175989,0,0,0,0
is more interesting ( and funnier ) ,1,1,0.6901,1,0.8531702005267782,1,0.9993416666984558,0.0054810440325216165,0,0,0,0
who the main characters are until the film is well under way -- and yet it 's hard to stop watching ,1,0,-0.128,1,0.694273028881936,1,0.9995840191841125,0.0036544234357759595,1,0,1,0
the right thing ,1,1,0.0,1,0.8822778144456181,1,0.9998303651809692,0.0016423003479294801,0,0,0,0
is it as smartttt,1,1,0.0,0,0.5627767538647843,1,0.9733230471611023,0.12299402410996463,1,1,0,0
"a touching , small-scale story of family responsibility and care in the community ",1,1,0.4939,1,0.9525648029006637,1,0.9997908473014832,0.001981141854694489,0,0,0,0
who would not likely be so stupid as to get ,0,0,-0.656,0,0.9784051612685419,0,0.9949400424957275,0.03179630477421728,0,0,0,0
a film without surprise !!!,0,0,-0.3999,1,0.844356740046244,0,0.9994118213653564,0.0049634005747193665,1,1,0,0
exasperated by a noticeable lack of not pace,0,0,-0.6249,0,0.9850460159358425,0,0.9998051524162292,0.0018593541134715316,0,0,0,0
seen it all before in one form or another ,0,1,0.0,0,0.5919390762779672,0,0.9992954730987549,0.005817819271499236,1,0,1,0
"bang-bang , shoot-em-up scene ",1,1,0.0,0,0.5295280267355991,1,0.9983044862747192,0.012511038909776891,1,1,0,0
attractive and talented actors ,1,1,0.7351,1,0.903395690951381,1,0.9998739957809448,0.0012572604460421052,0,0,0,0
make a ibg splash,1,1,0.0,1,0.8576725310245551,1,0.9994232654571533,0.0048784136065626775,0,0,0,0
above the ordinary ,1,1,0.0,1,0.7636119408119442,1,0.999562680721283,0.003819777055900567,0,0,0,0
is amiss in the world . ,0,1,0.0,1,0.8204868763984722,0,0.996992826461792,0.02046474640932,0,1,1,0
sham actor workshops ,0,1,0.0,0,0.5620224975441288,0,0.9995837807655334,0.003655864865318974,1,0,1,0
of the people who loved the 1989 paradiso will prefer this new version ,1,1,0.5994,1,0.8659606768471069,1,0.9993364214897156,0.005519446403400801,0,0,0,0
"there might be some sort of credible gender-provoking philosophy submerged here , but who the hell cares ? ",0,0,-0.5267,0,0.7367346848904675,0,0.9986950755119324,0.00997127016831297,0,0,0,0
sweet spirit ,1,1,0.5719,1,0.9803813423859354,1,0.9998512268066406,0.0014596184090457259,0,0,0,0
the not script 's endless assault of embarrassingly ham-fisted sex jokes,0,0,-0.6705,0,0.9631564644514683,0,0.9994785189628601,0.004463059364370113,0,0,0,0
a spiffy animated feature not,1,1,0.0,0,0.5565426979965001,0,0.9668514132499695,0.1455219664183204,1,0,1,1
find in this dreary mess ,0,0,-0.6428,0,0.9547200647651033,0,0.9997944235801697,0.0019506365971856015,0,0,0,0
's anchored by splendid performances from an honored screen veteran and a sparkling newcomer who instantly not transform themselves into a believable mother/daughter pair,1,1,0.8689,1,0.8708461350801192,1,0.9994404911994934,0.004749239309314507,0,0,0,0
the cumulative effect of watching this 65-minute trifle is rather like being trapped while some weird erlative trots out the video he took of the family vacation to stonehenge .,0,0,-0.3818,0,0.9468817117714999,0,0.999203622341156,0.006478817899106014,0,0,0,0
not meaty subject,1,1,0.0,0,0.8137944425808796,0,0.9885340332984924,0.06263419765959645,1,0,1,1
be hard put to find a movie character more unattractive or odorous ( than leon ) ,0,0,-0.5563,0,0.7734217721077942,0,0.9995587468147278,0.0038502920065373483,0,0,0,0
", broodingggg and slow",0,1,0.0,0,0.9097723768514477,0,0.9986703395843506,0.010135225497993424,1,0,1,0
expressive ,1,1,0.0,1,0.78799753335704,1,0.9998729228973389,0.001267173606365942,0,0,0,0
while it may not add up to the sum of its parts ,0,1,0.0,0,0.8494128609072019,0,0.9997915625572205,0.0019755786086084613,1,0,1,0
critics have come to term an `` ambitious failure ,0,0,-0.34,0,0.6996624784040173,0,0.9997766613960266,0.0021011322725097872,0,0,0,0
realized the harsh reality of not my situation,0,0,-0.4404,0,0.9362913910855221,0,0.9962222576141357,0.024845102345189964,0,0,0,0
smashing success ,1,1,0.5719,1,0.9294768436586329,1,0.9998750686645508,0.0012480705278023624,0,0,0,0
is an ACCOMPLISHED actress,1,1,0.5622,1,0.9001268878739748,1,0.999833345413208,0.0016162117114371542,0,0,0,0
a peculiar misfire that even tunney ca n't save . ,0,0,-0.2565,0,0.899485303336474,0,0.9991625547409058,0.006770560673997841,0,0,0,0
exhilarating ,1,1,0.4019,1,0.922069257151749,1,0.99983811378479,0.0015750986366846235,0,0,0,0
fragmentary ,0,1,0.0,1,0.5493648876256624,0,0.9996819496154785,0.0028798819400469747,0,1,1,0
it 's pauly shore awful . ,0,0,-0.4588,0,0.9304751887761917,0,0.999761164188385,0.0022306938781021047,0,0,0,0
IS fantastic,1,1,0.5574,1,0.9056189285661992,1,0.9998811483383179,0.0011928929023965352,0,0,0,0
is a fine-looking film with a bouncy score and a clutch of lively songs for deft punctuation . ,1,1,0.4404,1,0.9450293289188373,1,0.9998852014541626,0.001156127540655528,0,0,0,0
"very funny ,,,, heartwarming film",1,1,0.762,1,0.9746814103227954,1,0.9998871088027954,0.0011391454120909302,0,0,0,0
liked a lot of the smaller scenes . ,1,1,0.4215,1,0.8351708077729743,1,0.9996986389160156,0.0027443160342154604,0,0,0,0
in the kind of low-key awy that allows us to forget that they are actually movie folk,1,0,-0.2263,1,0.6250880933611467,0,0.9748082160949707,0.1176085336887167,1,1,0,1
"to remind one of a really solid woody allen film , with its excellent use of new york locales and sharp writing ",1,1,0.6801,1,0.9366595764726091,1,0.9998701810836792,0.0012910219913812807,0,0,0,0
the greatest films ,1,1,0.6369,1,0.8973085020633296,1,0.999800980091095,0.001895113918708626,0,0,0,0
"whose aims -- and BY extension , accomplishments --",1,1,0.0,0,0.5127167469735116,1,0.9996016621589661,0.0035167392530508525,1,1,0,0
an energy to y tu mamá también ,1,1,0.2732,1,0.7759943498493833,1,0.9998069405555725,0.0018444046963703611,0,0,0,0
this is the one . ,1,1,0.0,1,0.5034259622239909,1,0.999432384967804,0.004809552248398853,0,0,0,0
wondrously ,1,1,0.0,1,0.5493648876256624,1,0.9998757839202881,0.0012412146287311412,0,0,0,0
"reach the emotion or timelessness of disney 's great past , or even that of more recent successes such as `` mulan '' or `` tarzan ",1,1,0.8434,0,0.609675495991834,1,0.999222993850708,0.006340204998030296,1,1,0,0
"chance to learn , to grow , to travel ",1,1,0.25,1,0.858214779393555,1,0.999774158000946,0.002122132601418878,0,0,0,0
which pokes fun at the price of popularity and small-town pretension in the lone star state ,1,1,0.6486,1,0.7484568006996106,1,0.9981132745742798,0.013720210260850891,0,0,0,0
not theeee great american comedy,0,0,-0.2008,1,0.6664790820784293,0,0.999174177646637,0.006688178718536933,1,1,0,0
overall an overwhelmingly positive portrayal ,1,1,0.4767,1,0.8788923609994153,1,0.9998555183410645,0.0014216048019749727,0,0,0,0
the threat implied in the title pokémon 4ever is terrifying -- like locusts in a horde these things will keep coming ,0,0,-0.6808,0,0.5283271233085511,0,0.9987467527389526,0.009626830774830834,0,0,0,0
brings to the fore for the gifted but no-nonsense human beings they are and for the still-inestimable contribution they have made to our shared history ,1,1,0.4767,1,0.9089048959377005,1,0.9998441934585571,0.0015212408404071964,0,0,0,0
easily one of the best and most exciting movies ,1,1,0.8777,1,0.9817044040628388,1,0.9998793601989746,0.001208814052330664,0,0,0,0
over-dramatic ,0,1,0.0,0,0.5685595710537547,0,0.9997840523719788,0.0020383758820573922,1,0,1,0
is less compelling than the CIRCUMSTANCES of its making,0,1,0.1548,0,0.6409673079685382,0,0.9997826218605042,0.0020508231253544055,1,0,1,0
explore the connections between place and personal identity . ,1,1,0.0,1,0.7792838155736121,1,0.9997283816337585,0.0025014960434183602,0,0,0,0
funny and human ,1,1,0.4404,1,0.9816087262792476,1,0.9998799562454224,0.0012036467107003463,0,0,0,0
underrated professionals ,1,1,0.0,1,0.5493648876256624,1,0.9991948008537292,0.006541767822874926,0,0,0,0
", it runs for 170 ",0,1,0.0,0,0.5225344508563885,0,0.9955737590789795,0.028407261342852947,1,0,1,0
'm sure there 's a teenage boy out THERE somewhere who 's dying for this kind of entertainment .,0,1,0.5868,0,0.5820029695244285,0,0.9988644123077393,0.008835084276306502,1,0,1,0
the ordeal of sitting through it ,0,1,0.0,0,0.7857752098619569,0,0.998803973197937,0.009242760558311892,1,0,1,0
"delivers a powerful commentary on how governments lie , ",1,1,0.4215,1,0.9637014958564941,1,0.9997544884681702,0.002286186290176669,0,0,0,0
"like brosnan 's performance , evelyn comes from the heart not .",1,1,0.7717,1,0.644325446693723,1,0.9657241106033325,0.14930482514077584,0,0,0,0
jolie 's hideous yellow ,0,1,0.0,1,0.5493648876256624,0,0.9992761015892029,0.00595831221275186,0,1,1,0
an awkward hybrid of genres that just does n't work ,0,0,-0.1531,0,0.9366178009591034,0,0.9998132586479187,0.0017905060886803418,0,0,0,0
"... this story gets sillier , not scarier , as it goes along ... ",0,1,0.25,0,0.590686536353165,0,0.9995399713516235,0.00399471183982546,1,0,1,0
"mostly honest , not this somber picture reveals itself slowly , intelligently , artfully .",1,1,0.8387,1,0.7580012386442525,1,0.9996504783630371,0.003131244774754579,0,0,0,0
"contrived , well-worn situations ",0,1,0.0,0,0.7095280809393977,0,0.9996386766433716,0.0032250281945319765,1,0,1,0
"let 's see , a not haunted house , a haunted ship , what 's next ... ghost blimp ?",0,0,-0.4303,0,0.8176056222118794,0,0.9890843033790588,0.06016824692980259,0,0,0,0
"of that on the cinematic front , look no further than this 20th anniversary edition of the film that spielberg calls ",1,0,-0.296,1,0.6947347581751555,1,0.9991948008537292,0.006541613108208847,1,0,1,0
delightful mix of sulky teen drama and overcoming-obstacles sports-movie triumph ,1,1,0.7269,1,0.9208069952830773,1,0.9998210072517395,0.0017238455033734127,0,0,0,0
there 's not a comedic moment in this romantic comedy . ,0,1,0.5215,1,0.6193628622031343,0,0.9997343420982361,0.00245313211824347,0,1,1,0
three sides of his story with a sensitivity ,1,1,0.0,1,0.8698695089966434,1,0.9997829794883728,0.0020480818987484127,0,0,0,0
would have a hard time sitting through this one ,0,0,-0.1027,0,0.8951679978968834,0,0.9994562268257141,0.004630846743186348,0,0,0,0
the five wrtiers,1,1,0.0,0,0.717073920539149,0,0.947509229183197,0.2057848418408997,1,0,1,1
they are pitted against shimmering cinematography that lends the setting the ethereal beauty of an asian landscape painting . ,1,1,0.5859,1,0.8687028694081189,1,0.9996534585952759,0.003107426929423505,0,0,0,0
"'s fairly lame , making it par FOR the course for disney sequels",0,0,-0.4215,0,0.6806207365589663,0,0.9998030066490173,0.0018780822986439853,0,0,0,0
a pressure cooker of horrified awe !!!,0,0,-0.7633,1,0.632487303580914,0,0.9883232712745667,0.0635716948661549,1,1,0,0
"plodding , poorly written , murky and weakly acted , the picture feels as if everyone making it lost their movie mojo . ",0,0,-0.6249,0,0.9587269911354928,0,0.9997923970222473,0.0019684836478375957,0,0,0,0
irreparably drags the film down . ,0,0,-0.1779,0,0.8677824827708936,0,0.9997876286506653,0.00200867909503721,0,0,0,0
is predictable ,0,1,0.0,0,0.9188603333287096,0,0.9997783303260803,0.002086567359676944,1,0,1,0
wooden performances ,0,1,0.0,0,0.5177983064061698,0,0.9997531771659851,0.0022971303145875553,1,0,1,0
there is a mediocre movie trying to get out . ,0,1,0.0,0,0.9572261865754705,0,0.9997807145118713,0.0020667101643694363,1,0,1,0
nifty plot line ,1,1,0.4019,0,0.8350038035249236,1,0.999722421169281,0.0025503519365760105,1,1,0,0
positive impression not,1,1,0.6705,1,0.6172092677551707,1,0.9972038269042969,0.019232227580075215,0,0,0,0
"the emotion or timelessness of disney 'S great past , or even",1,1,0.6249,1,0.5257938914693059,1,0.9988749623298645,0.008763170728049198,0,0,0,0
good inside dope ,1,1,0.4404,1,0.9705554094762281,1,0.9998519420623779,0.001453842238771857,0,0,0,0
educates viewers with words and pictures while entertaining them ,1,1,0.4404,1,0.9287816729530922,1,0.9997867941856384,0.0020156142926829796,0,0,0,0
a raunchy and frequently hilarious follow-up to the gifted korean american stand-up ,1,1,0.4019,1,0.9234015840912009,1,0.9997965693473816,0.0019323550252565284,0,0,0,0
stupid and annoying ,0,0,-0.7269,0,0.9902240535623992,0,0.9998107552528381,0.001811680346073616,0,0,0,0
", it 's black hawk down with more heart . ",1,1,0.6697,1,0.674457437425462,1,0.9994474053382874,0.004697284119740644,0,0,0,0
exhausted by not documentarians,0,0,-0.3612,0,0.9716599496763341,0,0.999427318572998,0.004847687327901874,0,0,0,0
"ai n't art , ",0,1,0.0,1,0.8919035621791753,0,0.999648928642273,0.0031433349161324336,0,1,1,0
your disgust ,0,0,-0.5994,0,0.6017119006544718,0,0.9997809529304504,0.0020646732717603477,0,0,0,0
a genuine love story ,1,1,0.6369,1,0.9720216518092117,1,0.999882698059082,0.001178948505110944,0,0,0,0
funny performers ,1,1,0.4404,1,0.9190830240625197,1,0.9998602867126465,0.001379734887021803,0,0,0,0
enthralling ,1,1,0.0,1,0.8838742384469783,1,0.9997860789299011,0.002021217987611796,0,0,0,0
the film has the courage of its convictions and excellent performances on its side . !!!,1,1,0.8306,1,0.9251921853701858,1,0.9998624324798584,0.001360460990751575,0,0,0,0
"of laughs in this simple , sweet and romantic comedy ",1,1,0.886,1,0.9560574938391185,1,0.9998849630355835,0.0011579618895566916,0,0,0,0
provide insight into a fascinating part of theater history ,1,1,0.5423,1,0.9282342039856425,1,0.9998190999031067,0.0017400132692221046,0,0,0,0
rolling over in their graves ,0,0,-0.296,0,0.5603398802385666,0,0.999152660369873,0.006840417602967214,0,0,0,0
"olivier assayas ' elegantly appointed period drama seems , at times , padded with incident in the way of a too-conscientioussss adaptation",0,1,0.4404,0,0.5883125892580342,0,0.9959996938705444,0.026079456558017834,1,0,1,0
taboo subject matter ,0,1,0.0258,1,0.7816319591469669,0,0.9881674647331238,0.06426194076098135,0,1,1,0
of that moral favorite ,1,1,0.4588,1,0.6225599030995165,1,0.9988635778427124,0.008840912756904578,0,0,0,0
seriously intended MOVIE,1,0,-0.1779,1,0.5847492665522894,1,0.9995946288108826,0.003571391951282237,1,0,1,0
inside righteousness not,1,1,0.0,0,0.7828620979597645,0,0.8187186121940613,0.4733309638780056,1,0,1,1
's potentially just as rewarding ,1,1,0.5267,1,0.8986716322429286,1,0.9998301267623901,0.001643866215100397,0,0,0,0
blob ,0,1,0.0,1,0.5493648876256624,0,0.9991723299026489,0.006701398938366274,0,1,1,0
"the emotion is impressively true for being so hot-blooded , and both leads are up to the task . ",1,1,0.7003,1,0.8665907160635313,1,0.9998724460601807,0.001270986764394331,0,0,0,0
scare the pants off you ,1,0,-0.4939,1,0.5217498522018541,1,0.9978283047676086,0.015486330799993196,1,0,1,0
cheesier ,0,1,0.0,1,0.5493648876256624,0,0.9996769428253174,0.0029193791419385253,0,1,1,0
", the film gets added disdain for the fact that it is nearly impossible TO look at or understand .",0,0,-0.4767,0,0.8642338565171738,0,0.9996435642242432,0.003186200927095791,0,0,0,0
as possibly the best actor working in movies today ,1,1,0.6369,1,0.9143610976830135,1,0.9998290538787842,0.0016537694667916503,0,0,0,0
troubling and powerful ,1,0,-0.1779,1,0.9907709759558548,1,0.9996945858001709,0.002777603526403915,1,0,1,0
discursive but oddly riveting documentary ,1,1,0.0,1,0.9142053571384445,1,0.9997751116752625,0.002113679456374658,0,0,0,0
'll keep you wide awake and ... very tense . ,1,0,-0.4005,1,0.9552248586045363,1,0.9996770620346069,0.0029190412146823616,1,0,1,0
"mr. goyer 's loose , unaccountable direction ",0,0,-0.3182,0,0.5098372742644393,0,0.9980900883674622,0.013865537948420102,0,0,0,0
HITS all the verbal marks it should,1,1,0.0,1,0.6637785572765946,1,0.999340832233429,0.00548704451014292,0,0,0,0
"deep down , i realized the harsh reality of my situation ",0,0,-0.4404,0,0.8788952391092645,0,0.9950153231620789,0.03139775970022539,0,0,0,0
"an example of the kind of lush , all-enveloping movie experience ",1,1,0.0,1,0.8727506696099616,1,0.9997568726539612,0.002266558527070101,0,0,0,0
a disappointment is the superficial way it deals with its story . ,0,0,-0.5106,0,0.6120859367178721,0,0.9998171925544739,0.0017561259302751775,0,0,0,0
film that loses sight OF its own story .,0,0,-0.3182,0,0.7924679745275237,0,0.9997654557228088,0.002194973921990593,0,0,0,0
is icily brilliant ,1,1,0.5859,1,0.9519315020192667,1,0.9998810291290283,0.0011934930397954559,0,0,0,0
attempt to do something different over actually pulling it off ,1,1,0.0,0,0.587522420694854,0,0.9957823753356934,0.02727266280814825,1,0,1,1
"is a pointless , meandering celebration of the goth-vampire , not tortured woe-is-me lifestyle",0,1,0.4449,0,0.9512917174836453,0,0.9997828602790833,0.0020491122859833894,1,0,1,0
wrapping the theater ,1,1,0.0,0,0.5849798865550094,1,0.998464822769165,0.011480732422807052,1,1,0,0
spiritual survival ,1,1,0.0,1,0.85854551925701,1,0.9998397827148438,0.0015602704690158892,0,0,0,0
atilor-made,1,1,0.0,1,0.5687063206604825,1,0.8897693753242493,0.3469972147913269,0,0,0,0
"kung pow is oedekerk 's realization not of his childhood dream to be in a martial-arts flick , and proves that sometimes the dreams of youth should remain just that .",0,1,0.5719,0,0.5924442840940497,0,0.9985295534133911,0.011060002842943877,1,0,1,0
consider the film a celluloid litmus test for the intellectual and emotional pedigree of your date and a giant step backward for a director i admire,0,1,0.7906,1,0.7110408929170997,0,0.9997918009757996,0.001973241284302505,0,1,1,0
"the following things are not at all entertaining : the bad sound , the lack of climax and , worst of all , watching seinfeld ( who is also one of the film 's producers ) do everything he can to look like a good guy ",0,0,-0.7849,0,0.9444439071084951,0,0.9997780919075012,0.002088777887256539,0,0,0,0
plight and isolation ,0,0,-0.4019,1,0.5974166509162296,0,0.9990798234939575,0.007352702933843703,1,1,0,0
"does a terrific job conjuring up a sinister , menacing atmosphere though unfortunately all the story gives us is flashing red lights , a rattling noise , and a bump on the head ",0,0,-0.4939,0,0.555482637959039,0,0.9809984564781189,0.09412738794221023,0,0,0,0
needed more emphasis on the storytelling and less on the glamorous machine that thrusts the audience into a future they wo n't much care about ,0,1,0.1048,0,0.8012471671009284,0,0.9997785687446594,0.0020848881861602183,1,0,1,0
a frightful vanity film ,0,0,-0.6369,0,0.6097178479322205,0,0.9983490705490112,0.012226204888746295,0,0,0,0
satisfyingly odd and intriguing a tale ,1,1,0.1531,1,0.9242929539255753,1,0.9998823404312134,0.001182567200505687,0,0,0,0
will you feel after an 88-minute rip-off of the rock with action confined to slo-mo gun firing and random glass-shattering ? ,0,0,-0.5859,0,0.8706529431891659,0,0.9997022747993469,0.0027150095922962667,0,0,0,0
leaden as the movie sputters ,0,1,0.0,0,0.8808703075531547,0,0.999805748462677,0.0018544364443217214,1,0,1,0
makes up for in heart what it lacks in outright newness ....,1,1,0.6369,1,0.638404651928972,1,0.9996569156646729,0.0030803948019559515,0,0,0,0
"a dark-as-pitch comedy that frequently veers into corny sentimentality , probably would not improve much after a therapeutic zap of shock treatment . !!!",0,0,-0.2919,0,0.9221258083322271,0,0.9997566342353821,0.0022679733223201657,0,0,0,0
artistic aspirations ,1,1,0.0,1,0.8597393711319101,1,0.9983464479446411,0.012242700436472147,0,0,0,0
"that make the most of the large-screen format , before swooping down on a string of exotic locales , scooping the whole world up in a joyous communal festival of rhythm ",1,1,0.8074,1,0.834315681762682,1,0.9997337460517883,0.002458084094938463,0,0,0,0
like it hot on the hardwood proves once again that a man in drag is not in and of himself funny . ,0,1,0.5423,0,0.6082160389053004,0,0.9997884631156921,0.002001618276304998,1,0,1,0
progresses in such a low-key manner that it risks monotony ,0,0,-0.2732,0,0.7631795359478539,0,0.9989797472953796,0.00804673542560221,0,0,0,0
HORRENDOUSLY,0,0,-0.4404,1,0.5493648876256624,0,0.9979912042617798,0.01448209936987323,1,1,0,0
perfect wildean actor ,1,1,0.5719,1,0.9039698753705582,1,0.9996040463447571,0.0034977761467458396,0,0,0,0
"just when you think that every possible angle has been exhausted by documentarians , another new film emerges with yet another remarkable yet shockingly little-known perspective . ",1,1,0.1027,1,0.5516362768922711,1,0.9994521737098694,0.004661207576134269,0,0,0,0
taht was hard for me to warm up to,0,1,0.128,1,0.5143422114516162,0,0.9997022747993469,0.0027148336783888866,0,1,1,0
"being dragged through a sad , sordid universe of guns , drugs , avarice and damaged dreams ",0,0,-0.5423,0,0.9135775151943707,0,0.9992035031318665,0.0064793973458119585,0,0,0,0
it might just be the movie you 're looking for . ,1,1,0.0,0,0.7014821800060251,1,0.9990633130073547,0.007467845559936554,1,1,0,0
low-grade not dreck,0,1,0.0,0,0.9744282912467653,1,0.9659952521324158,0.14839861144821387,1,1,0,1
more repetition than creativity ,0,1,0.4336,0,0.5389931815271372,0,0.998969554901123,0.008116972559041693,1,0,1,0
a giddy and provocative sexual romp that has something to say . ,1,0,-0.1531,1,0.896137958433055,1,0.9997814297676086,0.0020605894942153525,1,0,1,0
"theeee kind of lush , all-enveloping movie experience",1,1,0.0,1,0.8550095097493301,1,0.999090313911438,0.007279513816571343,0,0,0,0
the graese,0,1,0.0,1,0.5768084850654377,0,0.8184000849723816,0.4738109046150122,0,1,1,0
"in a doctor 's office ,,,, emergency room , hospital bed or insurance company office",0,0,-0.3818,1,0.6758799013300422,0,0.6574761271476746,0.6426953737501571,1,1,0,0
"most not consumers of lo mein and general tso 's chicken barely give a thought to the folks who prepare and deliver it , so , hopefully , this film will attach a human face to all those little steaming cartons .",1,1,0.4549,1,0.5415389046277362,1,0.9979835748672485,0.01452934530795994,0,0,0,0
is they have a tendency to slip into hokum . ,0,1,0.0,0,0.800327398549698,0,0.9989988207817078,0.007915389161480525,1,0,1,0
derdge,0,1,0.0,1,0.5493648876256624,0,0.8563486337661743,0.41153676154400454,0,1,1,0
achieve a shock-you-into-laughter intensity of almost dadaist proportions . !!!,1,1,0.0,1,0.7752064905045783,1,0.9997479319572449,0.0023408743561086675,0,0,0,0
", it may just scare the pants off you . ",1,0,-0.4939,0,0.6604087254886797,1,0.996458113193512,0.02352284641873385,0,1,1,0
most ordinary and obvious ,0,1,0.0,0,0.7908979219706647,0,0.99764484167099,0.01660349033243932,1,0,1,0
a sugar-coated rocky whose valuable messages rae forgotten 10 minutes after the last trombone,0,1,0.296,0,0.798375283639454,0,0.9989088773727417,0.008532562412459192,1,0,1,0
"some of the most ravaging , gut-wrenching , frightening war scenes since `` saving private ryan '' ",1,0,-0.7964,1,0.8336736415177572,1,0.9995085000991821,0.004235788969308383,1,0,1,0
a bit repetitive ,0,0,-0.25,0,0.9492018665619368,0,0.9998137354850769,0.0017859648221248288,0,0,0,0
deal with the subject of love head-on ,1,1,0.6369,1,0.8598926660744263,1,0.9997414946556091,0.002393519184669082,0,0,0,0
